{"type":"FeatureCollection","properties": {"numberMatched":1831, "numberReturned":1831},          
"bbox": [-179.374472141, 16.131726683, 180.036984154, 79.366136487],
"features": [
{"type":"Feature",
"geometry": {"type": "Point","coordinates": [40.359444444,47.321111111] },"properties":{
"id":"RTS.1",
"STATUS":"Действующий",
"DBIDENT":"1004938",
"NAME":"BAGAYEVSKIY",
"ALT_NAME":"БАГАЕВСКИЙ",
"DESIGNATOR":"BA",
"":"",
"LATITUDE":"471916N",
"LONGITUDE":"0402134E",
"ICAO_REG":"UX",
"DECLINATION":"8.4",
"FREQUENCY":"1.175",
"ABSOLUTEHEIGHT":"0",
"SIGNPT_TYPE":"Маяк NDB",
"OBJTOTEXT":"0",
"MAGVAR":"8"} },
{"type":"Feature",
"geometry": {"type": "Point","coordinates": [47.791666667,51.894444444] },"properties":{
"id":"RTS.2",
"STATUS":"Действующий",
"DBIDENT":"1004939",
"NAME":"BALAKOVO",
"ALT_NAME":"БАЛАКОВО",
"DESIGNATOR":"BW",
"":"",
"LATITUDE":"515340N",
"LONGITUDE":"0474730E",
"ICAO_REG":"UW",
"DECLINATION":"11.2",
"FREQUENCY":"0.375",
"ABSOLUTEHEIGHT":"0",
"SIGNPT_TYPE":"Маяк NDB",
"OBJTOTEXT":"0",
"MAGVAR":"11"} },
{"type":"Feature",
"geometry": {"type": "Point","coordinates": [78.302777778,55.356944444] },"properties":{
"id":"RTS.3",
"STATUS":"Действующий",
"DBIDENT":"1004940",
"NAME":"BARABINSK",
"ALT_NAME":"БАРАБИНСК",
"DESIGNATOR":"SZ",
"":"",
"LATITUDE":"552125N",
"LONGITUDE":"0781810E",
"ICAO_REG":"UX",
"DECLINATION":"10.6",
"FREQUENCY":"0.965",
"ABSOLUTEHEIGHT":"0",
"SIGNPT_TYPE":"Маяк NDB",
"OBJTOTEXT":"0",
"MAGVAR":"11"} },
{"type":"Feature",
"geometry": {"type": "Point","coordinates": [83.578888889,53.373055556] },"properties":{
"id":"RTS.4",
"STATUS":"Действующий",
"DBIDENT":"1004942",
"NAME":"BARNAUL Mikhaylovka",
"ALT_NAME":"БАРНАУЛ Михайловка",
"DESIGNATOR":"BAN",
"":"",
"LATITUDE":"532223N",
"LONGITUDE":"0833444E",
"ICAO_REG":"UX",
"DECLINATION":"7",
"FREQUENCY":"111.8",
"ABSOLUTEHEIGHT":"240",
"SIGNPT_TYPE":"Совмещённый VOR/DME",
"OBJTOTEXT":"0",
"MAGVAR":"7"} },
{"type":"Feature",
"geometry": {"type": "Point","coordinates": [37.755277778,60.017222222] },"properties":{
"id":"RTS.5",
"STATUS":"Действующий",
"DBIDENT":"1004946",
"NAME":"BELOZERSK",
"ALT_NAME":"БЕЛОЗЕРСК",
"DESIGNATOR":"BLZ",
"":"",
"LATITUDE":"600102N",
"LONGITUDE":"0374519E",
"ICAO_REG":"UX",
"DECLINATION":"13",
"FREQUENCY":"110.4",
"ABSOLUTEHEIGHT":"150",
"SIGNPT_TYPE":"Совмещённый VOR/DME",
"OBJTOTEXT":"0",
"MAGVAR":"13"} },
{"type":"Feature",
"geometry": {"type": "Point","coordinates": [32.938888889,55.854166667] },"properties":{
"id":"RTS.6",
"STATUS":"Действующий",
"DBIDENT":"1004948",
"NAME":"BELY",
"ALT_NAME":"БЕЛЫЙ",
"DESIGNATOR":"BJ",
"":"",
"LATITUDE":"555115N",
"LONGITUDE":"0325620E",
"ICAO_REG":"UX",
"":"",
"FREQUENCY":"114.2",
"ABSOLUTEHEIGHT":"240",
"SIGNPT_TYPE":"Дальномер DME",
"OBJTOTEXT":"0"} },
{"type":"Feature",
"geometry": {"type": "Point","coordinates": [127.426388889,50.393333333] },"properties":{
"id":"RTS.7",
"STATUS":"Действующий",
"DBIDENT":"1004950",
"NAME":"BLAGOVESHCHENSK",
"ALT_NAME":"БЛАГОВЕЩЕНСК",
"DESIGNATOR":"BLG",
"":"",
"LATITUDE":"502336N",
"LONGITUDE":"1272535E",
"ICAO_REG":"UX",
"DECLINATION":"-13",
"FREQUENCY":"113.6",
"ABSOLUTEHEIGHT":"240",
"SIGNPT_TYPE":"Совмещённый VOR/DME",
"OBJTOTEXT":"0",
"MAGVAR":"-13"} },
{"type":"Feature",
"geometry": {"type": "Point","coordinates": [114.232222222,57.873888889] },"properties":{
"id":"RTS.8",
"STATUS":"Действующий",
"DBIDENT":"1004952",
"NAME":"BODAYBO",
"ALT_NAME":"БОДАЙБО",
"DESIGNATOR":"BDB",
"":"",
"LATITUDE":"575226N",
"LONGITUDE":"1141356E",
"ICAO_REG":"UX",
"DECLINATION":"-10",
"FREQUENCY":"112.6",
"ABSOLUTEHEIGHT":"630",
"SIGNPT_TYPE":"Совмещённый VOR/DME",
"OBJTOTEXT":"0",
"MAGVAR":"-10"} },
{"type":"Feature",
"geometry": {"type": "Point","coordinates": [101.685833333,56.372222222] },"properties":{
"id":"RTS.9",
"STATUS":"Действующий",
"DBIDENT":"1004954",
"NAME":"BRATSK",
"ALT_NAME":"БРАТСК",
"DESIGNATOR":"BRT",
"":"",
"LATITUDE":"562220N",
"LONGITUDE":"1014109E",
"ICAO_REG":"UX",
"DECLINATION":"-2",
"FREQUENCY":"113.6",
"ABSOLUTEHEIGHT":"480",
"SIGNPT_TYPE":"Совмещённый VOR/DME",
"OBJTOTEXT":"0",
"MAGVAR":"-2"} },
{"type":"Feature",
"geometry": {"type": "Point","coordinates": [44.873888889,55.569444444] },"properties":{
"id":"RTS.10",
"STATUS":"Действующий",
"DBIDENT":"1004955",
"NAME":"BUTURLINO",
"ALT_NAME":"БУТУРЛИНО",
"DESIGNATOR":"UD",
"":"",
"LATITUDE":"553410N",
"LONGITUDE":"0445226E",
"ICAO_REG":"UX",
"DECLINATION":"12.8",
"FREQUENCY":"0.905",
"ABSOLUTEHEIGHT":"0",
"SIGNPT_TYPE":"Маяк NDB",
"OBJTOTEXT":"0",
"MAGVAR":"13"} },
{"type":"Feature",
"geometry": {"type": "Point","coordinates": [30.606666667,56.379444444] },"properties":{
"id":"RTS.11",
"STATUS":"Действующий",
"DBIDENT":"1004957",
"NAME":"VELIKIYE LUKI",
"ALT_NAME":"ВЕЛИКИЕ ЛУКИ",
"DESIGNATOR":"WKL",
"":"",
"LATITUDE":"562246N",
"LONGITUDE":"0303624E",
"ICAO_REG":"UX",
"DECLINATION":"7",
"FREQUENCY":"108.2",
"ABSOLUTEHEIGHT":"120",
"SIGNPT_TYPE":"Совмещённый VOR/DME",
"OBJTOTEXT":"0",
"MAGVAR":"7"} },
{"type":"Feature",
"geometry": {"type": "Point","coordinates": [38.238611111,54.346064056] },"properties":{
"id":"RTS.12",
"STATUS":"Действующий",
"DBIDENT":"1004958",
"NAME":"VENEV",
"ALT_NAME":"ВЕНЕВ",
"DESIGNATOR":"WW",
"":"",
"LATITUDE":"542046N",
"LONGITUDE":"0381419E",
"ICAO_REG":"UX",
"":"",
"FREQUENCY":"108.6",
"ABSOLUTEHEIGHT":"240",
"SIGNPT_TYPE":"Дальномер DME",
"OBJTOTEXT":"0"} },
{"type":"Feature",
"geometry": {"type": "Point","coordinates": [44.343611111,48.780833333] },"properties":{
"id":"RTS.13",
"STATUS":"Действующий",
"DBIDENT":"1004961",
"NAME":"VOLGOGRAD Gumrak",
"ALT_NAME":"ВОЛГОГРАД Гумрак",
"DESIGNATOR":"WGD",
"":"",
"LATITUDE":"484651N",
"LONGITUDE":"0442037E",
"ICAO_REG":"UX",
"DECLINATION":"10",
"FREQUENCY":"115.3",
"ABSOLUTEHEIGHT":"150",
"SIGNPT_TYPE":"Совмещённый VOR/DME",
"OBJTOTEXT":"0",
"MAGVAR":"10"} },
{"type":"Feature",
"geometry": {"type": "Point","coordinates": [39.946666667,59.285277778] },"properties":{
"id":"RTS.14",
"STATUS":"Действующий",
"DBIDENT":"1004963",
"NAME":"VOLOGDA",
"ALT_NAME":"ВОЛОГДА",
"DESIGNATOR":"WGD",
"":"",
"LATITUDE":"591707N",
"LONGITUDE":"0395648E",
"ICAO_REG":"UX",
"DECLINATION":"13",
"FREQUENCY":"109.8",
"ABSOLUTEHEIGHT":"120",
"SIGNPT_TYPE":"Совмещённый VOR/DME",
"OBJTOTEXT":"0",
"MAGVAR":"13"} },
{"type":"Feature",
"geometry": {"type": "Point","coordinates": [35.021944444,55.554983667] },"properties":{
"id":"RTS.15",
"STATUS":"Действующий",
"DBIDENT":"1004966",
"NAME":"GAGARIN",
"ALT_NAME":"ГАГАРИН",
"DESIGNATOR":"GG",
"":"",
"LATITUDE":"553318N",
"LONGITUDE":"0350119E",
"ICAO_REG":"UX",
"":"",
"FREQUENCY":"112.2",
"ABSOLUTEHEIGHT":"210",
"SIGNPT_TYPE":"Дальномер DME",
"OBJTOTEXT":"0"} },
{"type":"Feature",
"geometry": {"type": "Point","coordinates": [44.122777778,53.627777778] },"properties":{
"id":"RTS.16",
"STATUS":"Действующий",
"DBIDENT":"1004967",
"NAME":"GOLITSYNO",
"ALT_NAME":"ГОЛИЦЫНО",
"DESIGNATOR":"GL",
"":"",
"LATITUDE":"533740N",
"LONGITUDE":"0440722E",
"ICAO_REG":"UX",
"":"",
"FREQUENCY":"110.8",
"ABSOLUTEHEIGHT":"180",
"SIGNPT_TYPE":"Дальномер DME",
"OBJTOTEXT":"0"} },
{"type":"Feature",
"geometry": {"type": "Point","coordinates": [92.653611111,56.641111111] },"properties":{
"id":"RTS.17",
"STATUS":"Действующий",
"DBIDENT":"1004968",
"NAME":"GOREVOYE",
"ALT_NAME":"ГОРЕВОЕ",
"DESIGNATOR":"GO",
"":"",
"LATITUDE":"563828N",
"LONGITUDE":"0923913E",
"ICAO_REG":"UX",
"DECLINATION":"3",
"FREQUENCY":"1.061",
"ABSOLUTEHEIGHT":"0",
"SIGNPT_TYPE":"Маяк NDB",
"OBJTOTEXT":"0",
"MAGVAR":"3"} },
{"type":"Feature",
"geometry": {"type": "Point","coordinates": [38.703888889,44.310555556] },"properties":{
"id":"RTS.18",
"STATUS":"Действующий",
"DBIDENT":"1004969",
"NAME":"DZHUBGA",
"ALT_NAME":"ДЖУБГА",
"DESIGNATOR":"DV",
"":"",
"LATITUDE":"441838N",
"LONGITUDE":"0384214E",
"ICAO_REG":"UX",
"DECLINATION":"7",
"FREQUENCY":"0.42",
"ABSOLUTEHEIGHT":"0",
"SIGNPT_TYPE":"Маяк NDB",
"OBJTOTEXT":"0",
"MAGVAR":"7"} },
{"type":"Feature",
"geometry": {"type": "Point","coordinates": [35.062222222,45.486666667] },"properties":{
"id":"RTS.19",
"STATUS":"Действующий",
"DBIDENT":"1004970",
"NAME":"DMITROVKA",
"ALT_NAME":"ДМИТРОВКА",
"DESIGNATOR":"DT",
"":"",
"LATITUDE":"452912N",
"LONGITUDE":"0350344E",
"ICAO_REG":"UX",
"DECLINATION":"8",
"":"",
"FREQUENCY":"111.4",
"ABSOLUTEHEIGHT":"30",
"SIGNPT_TYPE":"Дальномер DME",
"OBJTOTEXT":"0",
"MAGVAR":"8"} },
{"type":"Feature",
"geometry": {"type": "Point","coordinates": [38.496111111,53.744722222] },"properties":{
"id":"RTS.20",
"STATUS":"Действующий",
"DBIDENT":"1004971",
"NAME":"MURAVLYANKA",
"ALT_NAME":"МУРАВЛЯНКА",
"DESIGNATOR":"US",
"":"",
"LATITUDE":"534441N",
"LONGITUDE":"0382946E",
"ICAO_REG":"UX",
"DECLINATION":"11",
"FREQUENCY":"1.025",
"ABSOLUTEHEIGHT":"0",
"SIGNPT_TYPE":"Маяк NDB",
"OBJTOTEXT":"0",
"MAGVAR":"11"} },
{"type":"Feature",
"geometry": {"type": "Point","coordinates": [60.796944444,56.743333333] },"properties":{
"id":"RTS.21",
"STATUS":"Действующий",
"DBIDENT":"1004973",
"NAME":"YEKATERINBURG Koltsovo",
"ALT_NAME":"ЕКАТЕРИНБУРГ Кольцово",
"DESIGNATOR":"EKB",
"":"",
"LATITUDE":"564436N",
"LONGITUDE":"0604749E",
"ICAO_REG":"UX",
"DECLINATION":"15",
"FREQUENCY":"113.2",
"ABSOLUTEHEIGHT":"240",
"SIGNPT_TYPE":"Совмещённый VOR/DME",
"OBJTOTEXT":"0",
"MAGVAR":"15"} },
{"type":"Feature",
"geometry": {"type": "Point","coordinates": [92.120000000,58.467500000] },"properties":{
"id":"RTS.22",
"STATUS":"Действующий",
"DBIDENT":"1004975",
"NAME":"YENISEYSK",
"ALT_NAME":"ЕНИСЕЙСК",
"DESIGNATOR":"ENS",
"":"",
"LATITUDE":"582803N",
"LONGITUDE":"0920712E",
"ICAO_REG":"UX",
"DECLINATION":"5",
"":"",
"FREQUENCY":"112.3",
"ABSOLUTEHEIGHT":"90",
"SIGNPT_TYPE":"Дальномер DME",
"OBJTOTEXT":"0",
"MAGVAR":"5"} },
{"type":"Feature",
"geometry": {"type": "Point","coordinates": [48.600833333,46.190000000] },"properties":{
"id":"RTS.23",
"STATUS":"Действующий",
"DBIDENT":"1004976",
"NAME":"ZELENGA",
"ALT_NAME":"ЗЕЛЕНГА",
"DESIGNATOR":"ZG",
"":"",
"LATITUDE":"461124N",
"LONGITUDE":"0483603E",
"ICAO_REG":"UX",
"DECLINATION":"8.6",
"FREQUENCY":"0.905",
"ABSOLUTEHEIGHT":"0",
"SIGNPT_TYPE":"Маяк NDB",
"OBJTOTEXT":"0",
"MAGVAR":"9"} },
{"type":"Feature",
"geometry": {"type": "Point","coordinates": [47.060277778,45.927222222] },"properties":{
"id":"RTS.24",
"STATUS":"Действующий",
"DBIDENT":"1004977",
"NAME":"ZENZELI",
"ALT_NAME":"ЗЕНЗЕЛИ",
"DESIGNATOR":"UP",
"":"",
"LATITUDE":"455538N",
"LONGITUDE":"0470337E",
"ICAO_REG":"UX",
"DECLINATION":"9",
"FREQUENCY":"0.337",
"ABSOLUTEHEIGHT":"0",
"SIGNPT_TYPE":"Маяк NDB",
"OBJTOTEXT":"0",
"MAGVAR":"9"} },
{"type":"Feature",
"geometry": {"type": "Point","coordinates": [86.636166667,67.430500000] },"properties":{
"id":"RTS.25",
"STATUS":"Действующий",
"DBIDENT":"1004979",
"NAME":"IGARKA",
"ALT_NAME":"ИГАРКА",
"DESIGNATOR":"IGR",
"":"",
"LATITUDE":"672550N",
"LONGITUDE":"0863810E",
"ICAO_REG":"UX",
"DECLINATION":"16",
"FREQUENCY":"112.3",
"ABSOLUTEHEIGHT":"30",
"SIGNPT_TYPE":"Совмещённый VOR/DME",
"OBJTOTEXT":"0",
"MAGVAR":"16"} },
{"type":"Feature",
"geometry": {"type": "Point","coordinates": [43.792777778,56.248888889] },"properties":{
"id":"RTS.26",
"STATUS":"Действующий",
"DBIDENT":"1004981",
"NAME":"NIZHNY NOVGOROD Strigino",
"ALT_NAME":"НИЖНИЙ НОВГОРОД Стригино",
"DESIGNATOR":"U",
"":"",
"LATITUDE":"561456N",
"LONGITUDE":"0434734E",
"ICAO_REG":"UX",
"DECLINATION":"13",
"FREQUENCY":"0.327",
"ABSOLUTEHEIGHT":"0",
"SIGNPT_TYPE":"Маяк NDB",
"OBJTOTEXT":"0",
"MAGVAR":"13"} },
{"type":"Feature",
"geometry": {"type": "Point","coordinates": [20.599722222,54.893333333] },"properties":{
"id":"RTS.27",
"STATUS":"Действующий",
"DBIDENT":"1004983",
"NAME":"KALININGRAD Khrabrovo",
"ALT_NAME":"КАЛИНИНГРАД Храброво",
"DESIGNATOR":"KRD",
"":"",
"LATITUDE":"545336N",
"LONGITUDE":"0203559E",
"ICAO_REG":"UX",
"DECLINATION":"6",
"FREQUENCY":"117.05",
"ABSOLUTEHEIGHT":"30",
"SIGNPT_TYPE":"Совмещённый VOR/DME",
"OBJTOTEXT":"0",
"MAGVAR":"6"} },
{"type":"Feature",
"geometry": {"type": "Point","coordinates": [147.980555556,45.247500000] },"properties":{
"id":"RTS.28",
"STATUS":"Действующий",
"DBIDENT":"1004985",
"NAME":"ITURUP",
"ALT_NAME":"ИТУРУП",
"DESIGNATOR":"PTR",
"":"",
"LATITUDE":"451451N",
"LONGITUDE":"1475850E",
"ICAO_REG":"UX",
"DECLINATION":"-8",
"FREQUENCY":"110.6",
"ABSOLUTEHEIGHT":"120",
"SIGNPT_TYPE":"Совмещённый VOR/DME",
"OBJTOTEXT":"0",
"MAGVAR":"-8"} },
{"type":"Feature",
"geometry": {"type": "Point","coordinates": [78.357222222,56.338333333] },"properties":{
"id":"RTS.29",
"STATUS":"Действующий",
"DBIDENT":"1004986",
"NAME":"SEVERNOYE",
"ALT_NAME":"СЕВЕРНОЕ",
"DESIGNATOR":"KZ",
"":"",
"LATITUDE":"562018N",
"LONGITUDE":"0782126E",
"ICAO_REG":"UX",
"DECLINATION":"11",
"FREQUENCY":"1",
"ABSOLUTEHEIGHT":"0",
"SIGNPT_TYPE":"Маяк NDB",
"OBJTOTEXT":"0",
"MAGVAR":"11"} },
{"type":"Feature",
"geometry": {"type": "Point","coordinates": [108.067500000,57.771944444] },"properties":{
"id":"RTS.30",
"STATUS":"Действующий",
"DBIDENT":"1004987",
"NAME":"KIRENSK",
"ALT_NAME":"КИРЕНСК",
"DESIGNATOR":"KRN",
"":"",
"LATITUDE":"574619N",
"LONGITUDE":"1080403E",
"ICAO_REG":"UX",
"DECLINATION":"-7",
"FREQUENCY":"112.8",
"ABSOLUTEHEIGHT":"265",
"SIGNPT_TYPE":"Совмещённый VOR/DME",
"OBJTOTEXT":"0",
"MAGVAR":"-7"} },
{"type":"Feature",
"geometry": {"type": "Point","coordinates": [105.213888889,52.960833333] },"properties":{
"id":"RTS.31",
"STATUS":"Действующий",
"DBIDENT":"1004988",
"NAME":"OLZONY",
"ALT_NAME":"ОЛЬЗОНЫ",
"DESIGNATOR":"KA",
"":"",
"LATITUDE":"525739N",
"LONGITUDE":"1051250E",
"ICAO_REG":"UX",
"DECLINATION":"-5",
"FREQUENCY":"1.02",
"ABSOLUTEHEIGHT":"0",
"SIGNPT_TYPE":"Маяк NDB",
"OBJTOTEXT":"0",
"MAGVAR":"-5"} },
{"type":"Feature",
"geometry": {"type": "Point","coordinates": [37.710833333,56.301874778] },"properties":{
"id":"RTS.32",
"STATUS":"Действующий",
"DBIDENT":"1004989",
"NAME":"KOSTINO",
"ALT_NAME":"КОСТИНО",
"DESIGNATOR":"KN",
"":"",
"LATITUDE":"561807N",
"LONGITUDE":"0374239E",
"ICAO_REG":"UX",
"DECLINATION":"11.7",
"FREQUENCY":"0.642",
"ABSOLUTEHEIGHT":"0",
"SIGNPT_TYPE":"Маяк NDB",
"OBJTOTEXT":"0",
"MAGVAR":"12"} },
{"type":"Feature",
"geometry": {"type": "Point","coordinates": [46.713333333,61.238333333] },"properties":{
"id":"RTS.33",
"STATUS":"Действующий",
"DBIDENT":"1004991",
"NAME":"KOTLAS",
"ALT_NAME":"КОТЛАС",
"DESIGNATOR":"KTL",
"":"",
"LATITUDE":"611418N",
"LONGITUDE":"0464248E",
"ICAO_REG":"UX",
"DECLINATION":"16",
"FREQUENCY":"117.8",
"ABSOLUTEHEIGHT":"60",
"SIGNPT_TYPE":"Совмещённый VOR/DME",
"OBJTOTEXT":"0",
"MAGVAR":"16"} },
{"type":"Feature",
"geometry": {"type": "Point","coordinates": [41.784166667,55.867931194] },"properties":{
"id":"RTS.34",
"STATUS":"Действующий",
"DBIDENT":"1004992",
"NAME":"KRASNAYA GORBATKA",
"ALT_NAME":"КРАСНАЯ ГОРБАТКА",
"DESIGNATOR":"KG",
"":"",
"LATITUDE":"555205N",
"LONGITUDE":"0414703E",
"ICAO_REG":"UX",
"":"",
"FREQUENCY":"110.6",
"ABSOLUTEHEIGHT":"150",
"SIGNPT_TYPE":"Дальномер DME",
"OBJTOTEXT":"0"} },
{"type":"Feature",
"geometry": {"type": "Point","coordinates": [39.917500000,45.286666667] },"properties":{
"id":"RTS.35",
"STATUS":"Действующий",
"DBIDENT":"1004994",
"NAME":"LADOZHSKAYA",
"ALT_NAME":"ЛАДОЖСКАЯ",
"DESIGNATOR":"RF",
"":"",
"LATITUDE":"451712N",
"LONGITUDE":"0395503E",
"ICAO_REG":"UX",
"DECLINATION":"8",
"FREQUENCY":"0.324",
"ABSOLUTEHEIGHT":"0",
"SIGNPT_TYPE":"Маяк NDB",
"OBJTOTEXT":"0",
"MAGVAR":"8"} },
{"type":"Feature",
"geometry": {"type": "Point","coordinates": [39.336944444,43.909166667] },"properties":{
"id":"RTS.36",
"STATUS":"Действующий",
"DBIDENT":"1004995",
"NAME":"LAZAREVSKOYE",
"ALT_NAME":"ЛАЗАРЕВСКОЕ",
"DESIGNATOR":"LAZ",
"":"",
"LATITUDE":"435433N",
"LONGITUDE":"0392013E",
"ICAO_REG":"UX",
"":"",
"FREQUENCY":"117.4",
"ABSOLUTEHEIGHT":"30",
"SIGNPT_TYPE":"Дальномер DME",
"OBJTOTEXT":"0"} },
{"type":"Feature",
"geometry": {"type": "Point","coordinates": [45.726388889,64.892222222] },"properties":{
"id":"RTS.37",
"STATUS":"Действующий",
"DBIDENT":"1004997",
"NAME":"LESHUKONSKOYE",
"ALT_NAME":"ЛЕШУКОНСКОЕ",
"DESIGNATOR":"LKN",
"":"",
"LATITUDE":"645332N",
"LONGITUDE":"0454335E",
"ICAO_REG":"UX",
"DECLINATION":"18",
"FREQUENCY":"116.95",
"ABSOLUTEHEIGHT":"60",
"SIGNPT_TYPE":"Совмещённый VOR/DME",
"OBJTOTEXT":"0",
"MAGVAR":"18"} },
{"type":"Feature",
"geometry": {"type": "Point","coordinates": [58.757500000,53.404166667] },"properties":{
"id":"RTS.38",
"STATUS":"Действующий",
"DBIDENT":"1004999",
"NAME":"MAGNITOGORSK",
"ALT_NAME":"МАГНИТОГОРСК",
"DESIGNATOR":"MGR",
"":"",
"LATITUDE":"532415N",
"LONGITUDE":"0584527E",
"ICAO_REG":"UX",
"DECLINATION":"12",
"FREQUENCY":"114.1",
"ABSOLUTEHEIGHT":"420",
"SIGNPT_TYPE":"Совмещённый VOR/DME",
"OBJTOTEXT":"0",
"MAGVAR":"12"} },
{"type":"Feature",
"geometry": {"type": "Point","coordinates": [85.329166667,56.691388889] },"properties":{
"id":"RTS.39",
"STATUS":"Действующий",
"DBIDENT":"1005000",
"NAME":"MALINOVKA",
"ALT_NAME":"МАЛИНОВКА",
"DESIGNATOR":"SP",
"":"",
"LATITUDE":"564129N",
"LONGITUDE":"0851945E",
"ICAO_REG":"UX",
"DECLINATION":"8",
"FREQUENCY":"0.535",
"ABSOLUTEHEIGHT":"0",
"SIGNPT_TYPE":"Маяк NDB",
"OBJTOTEXT":"0",
"MAGVAR":"8"} },
{"type":"Feature",
"geometry": {"type": "Point","coordinates": [157.536111111,53.325833333] },"properties":{
"id":"RTS.40",
"STATUS":"Действующий",
"DBIDENT":"1005001",
"NAME":"MALKA",
"ALT_NAME":"МАЛКА",
"DESIGNATOR":"MK",
"":"",
"LATITUDE":"531933N",
"LONGITUDE":"1573210E",
"ICAO_REG":"UX",
"DECLINATION":"-8",
"FREQUENCY":"0.345",
"ABSOLUTEHEIGHT":"0",
"SIGNPT_TYPE":"Маяк NDB",
"OBJTOTEXT":"0",
"MAGVAR":"-8"} },
{"type":"Feature",
"geometry": {"type": "Point","coordinates": [43.053611111,44.239722222] },"properties":{
"id":"RTS.41",
"STATUS":"Действующий",
"DBIDENT":"1005004",
"NAME":"MINERALNYYE VODY",
"ALT_NAME":"МИНЕРАЛЬНЫЕ ВОДЫ",
"DESIGNATOR":"MNW",
"":"",
"LATITUDE":"441423N",
"LONGITUDE":"0430313E",
"ICAO_REG":"UX",
"DECLINATION":"8",
"FREQUENCY":"117.1",
"ABSOLUTEHEIGHT":"330",
"SIGNPT_TYPE":"Совмещённый VOR/DME",
"OBJTOTEXT":"0",
"MAGVAR":"8"} },
{"type":"Feature",
"geometry": {"type": "Point","coordinates": [114.020833333,62.541111111] },"properties":{
"id":"RTS.42",
"STATUS":"Действующий",
"DBIDENT":"1005006",
"NAME":"MIRNY",
"ALT_NAME":"МИРНЫЙ",
"DESIGNATOR":"DEM",
"":"",
"LATITUDE":"623228N",
"LONGITUDE":"1140115E",
"ICAO_REG":"UX",
"DECLINATION":"-12",
"FREQUENCY":"113.8",
"ABSOLUTEHEIGHT":"420",
"SIGNPT_TYPE":"Совмещённый VOR/DME",
"OBJTOTEXT":"0",
"MAGVAR":"-12"} },
{"type":"Feature",
"geometry": {"type": "Point","coordinates": [33.190277778,45.243888889] },"properties":{
"id":"RTS.43",
"STATUS":"Действующий",
"DBIDENT":"1005007",
"NAME":"MOLOCHNOYE",
"ALT_NAME":"МОЛОЧНОЕ",
"DESIGNATOR":"MO",
"":"",
"LATITUDE":"451438N",
"LONGITUDE":"0331125E",
"ICAO_REG":"UX",
"":"",
"FREQUENCY":"110.7",
"ABSOLUTEHEIGHT":"60",
"SIGNPT_TYPE":"Дальномер DME",
"OBJTOTEXT":"0"} },
{"type":"Feature",
"geometry": {"type": "Point","coordinates": [41.800277778,48.341666667] },"properties":{
"id":"RTS.44",
"STATUS":"Действующий",
"DBIDENT":"1005009",
"NAME":"MOROZOVSK",
"ALT_NAME":"МОРОЗОВСК",
"DESIGNATOR":"MOR",
"":"",
"LATITUDE":"482030N",
"LONGITUDE":"0414801E",
"ICAO_REG":"UX",
"DECLINATION":"6",
"FREQUENCY":"113.4",
"ABSOLUTEHEIGHT":"0",
"SIGNPT_TYPE":"Совмещённый VOR/DME",
"OBJTOTEXT":"0",
"MAGVAR":"6"} },
{"type":"Feature",
"geometry": {"type": "Point","coordinates": [37.328055556,55.978996806] },"properties":{
"id":"RTS.45",
"STATUS":"Действующий",
"DBIDENT":"1005011",
"NAME":"MOSCOW Sheremetyevo",
"ALT_NAME":"МОСКВА Шереметьево",
"DESIGNATOR":"MR",
"":"",
"LATITUDE":"555844N",
"LONGITUDE":"0371941E",
"ICAO_REG":"UX",
"DECLINATION":"12",
"FREQUENCY":"114.35",
"ABSOLUTEHEIGHT":"180",
"SIGNPT_TYPE":"Совмещённый VOR/DME",
"OBJTOTEXT":"0",
"MAGVAR":"12"} },
{"type":"Feature",
"geometry": {"type": "Point","coordinates": [53.110833333,67.638055556] },"properties":{
"id":"RTS.46",
"STATUS":"Действующий",
"DBIDENT":"1005013",
"NAME":"NARYAN-MAR",
"ALT_NAME":"НАРЬЯН-МАР",
"DESIGNATOR":"NRM",
"":"",
"LATITUDE":"673817N",
"LONGITUDE":"0530639E",
"ICAO_REG":"UX",
"DECLINATION":"24",
"FREQUENCY":"112.3",
"ABSOLUTEHEIGHT":"30",
"SIGNPT_TYPE":"Совмещённый VOR/DME",
"OBJTOTEXT":"0",
"MAGVAR":"24"} },
{"type":"Feature",
"geometry": {"type": "Point","coordinates": [124.897500000,56.912222222] },"properties":{
"id":"RTS.47",
"STATUS":"Действующий",
"DBIDENT":"1005015",
"NAME":"NERYUNGRI",
"ALT_NAME":"НЕРЮНГРИ",
"DESIGNATOR":"NRG",
"":"",
"LATITUDE":"565444N",
"LONGITUDE":"1245351E",
"ICAO_REG":"UX",
"DECLINATION":"-14",
"FREQUENCY":"113.8",
"ABSOLUTEHEIGHT":"870",
"SIGNPT_TYPE":"Совмещённый VOR/DME",
"OBJTOTEXT":"0",
"MAGVAR":"-14"} },
{"type":"Feature",
"geometry": {"type": "Point","coordinates": [49.178333333,54.041111111] },"properties":{
"id":"RTS.48",
"STATUS":"Действующий",
"DBIDENT":"1005018",
"NAME":"NIKOLSKOYE",
"ALT_NAME":"НИКОЛЬСКОЕ",
"DESIGNATOR":"DW",
"":"",
"LATITUDE":"540228N",
"LONGITUDE":"0491042E",
"ICAO_REG":"UX",
"DECLINATION":"13",
"FREQUENCY":"0.995",
"ABSOLUTEHEIGHT":"0",
"SIGNPT_TYPE":"Маяк NDB",
"OBJTOTEXT":"0",
"MAGVAR":"13"} },
{"type":"Feature",
"geometry": {"type": "Point","coordinates": [82.405555556,55.280833333] },"properties":{
"id":"RTS.49",
"STATUS":"Действующий",
"DBIDENT":"1005020",
"NAME":"NOVOTYRYSHKINO",
"ALT_NAME":"НОВОТЫРЫШКИНО",
"DESIGNATOR":"KD",
"":"",
"LATITUDE":"551651N",
"LONGITUDE":"0822420E",
"ICAO_REG":"UX",
"DECLINATION":"8",
"FREQUENCY":"0.715",
"ABSOLUTEHEIGHT":"0",
"SIGNPT_TYPE":"Маяк NDB",
"OBJTOTEXT":"0",
"MAGVAR":"8"} },
{"type":"Feature",
"geometry": {"type": "Point","coordinates": [155.746388889,62.460000000] },"properties":{
"id":"RTS.50",
"STATUS":"Действующий",
"DBIDENT":"1005023",
"NAME":"OMSUKCHAN",
"ALT_NAME":"ОМСУКЧАН",
"DESIGNATOR":"BM",
"":"",
"LATITUDE":"622736N",
"LONGITUDE":"1554447E",
"ICAO_REG":"UX",
"DECLINATION":"-11",
"FREQUENCY":"0.89",
"ABSOLUTEHEIGHT":"0",
"SIGNPT_TYPE":"Маяк NDB",
"OBJTOTEXT":"0",
"MAGVAR":"-11"} },
{"type":"Feature",
"geometry": {"type": "Point","coordinates": [55.453333333,51.797500000] },"properties":{
"id":"RTS.51",
"STATUS":"Действующий",
"DBIDENT":"1005025",
"NAME":"ORENBURG",
"ALT_NAME":"ОРЕНБУРГ",
"DESIGNATOR":"ORN",
"":"",
"LATITUDE":"514751N",
"LONGITUDE":"0552712E",
"ICAO_REG":"UX",
"DECLINATION":"11",
"FREQUENCY":"113.6",
"ABSOLUTEHEIGHT":"120",
"SIGNPT_TYPE":"Совмещённый VOR/DME",
"OBJTOTEXT":"0",
"MAGVAR":"11"} },
{"type":"Feature",
"geometry": {"type": "Point","coordinates": [45.017777778,53.113888889] },"properties":{
"id":"RTS.52",
"STATUS":"Действующий",
"DBIDENT":"1005027",
"NAME":"PENZA",
"ALT_NAME":"ПЕНЗА",
"DESIGNATOR":"PNZ",
"":"",
"LATITUDE":"530650N",
"LONGITUDE":"0450104E",
"ICAO_REG":"UX",
"DECLINATION":"11",
"FREQUENCY":"113.8",
"ABSOLUTEHEIGHT":"180",
"SIGNPT_TYPE":"Совмещённый VOR/DME",
"OBJTOTEXT":"0",
"MAGVAR":"11"} },
{"type":"Feature",
"geometry": {"type": "Point","coordinates": [56.028333333,57.920833333] },"properties":{
"id":"RTS.53",
"STATUS":"Действующий",
"DBIDENT":"1005029",
"NAME":"PERM Bolshoe Savino",
"ALT_NAME":"ПЕРМЬ Большое Савино",
"DESIGNATOR":"PER",
"":"",
"LATITUDE":"575515N",
"LONGITUDE":"0560142E",
"ICAO_REG":"UX",
"DECLINATION":"16",
"FREQUENCY":"108.2",
"ABSOLUTEHEIGHT":"120",
"SIGNPT_TYPE":"Совмещённый VOR/DME",
"OBJTOTEXT":"0",
"MAGVAR":"16"} },
{"type":"Feature",
"geometry": {"type": "Point","coordinates": [158.435000000,53.194722222] },"properties":{
"id":"RTS.54",
"STATUS":"Действующий",
"DBIDENT":"1005033",
"NAME":"PETROPAVLOVSK-KAMCHATSKY Yelizovo",
"ALT_NAME":"ПЕТРОПАВЛОВСК-КАМЧАТСКИЙ Елизово",
"DESIGNATOR":"PKK",
"":"",
"LATITUDE":"531141N",
"LONGITUDE":"1582606E",
"ICAO_REG":"UX",
"DECLINATION":"-7",
"FREQUENCY":"113.7",
"ABSOLUTEHEIGHT":"30",
"SIGNPT_TYPE":"Совмещённый VOR/DME",
"OBJTOTEXT":"0",
"MAGVAR":"-7"} },
{"type":"Feature",
"geometry": {"type": "Point","coordinates": [90.013333333,61.598888889] },"properties":{
"id":"RTS.55",
"STATUS":"Действующий",
"DBIDENT":"1005036",
"NAME":"PODKAMENNAYA TUNGUSKA",
"ALT_NAME":"ПОДКАМЕННАЯ ТУНГУСКА",
"DESIGNATOR":"PTG",
"":"",
"LATITUDE":"613556N",
"LONGITUDE":"0900048E",
"ICAO_REG":"UX",
"DECLINATION":"8",
"FREQUENCY":"113.4",
"ABSOLUTEHEIGHT":"60",
"SIGNPT_TYPE":"Совмещённый VOR/DME",
"OBJTOTEXT":"0",
"MAGVAR":"8"} },
{"type":"Feature",
"geometry": {"type": "Point","coordinates": [34.972222222,57.713007444] },"properties":{
"id":"RTS.56",
"STATUS":"Действующий",
"DBIDENT":"1005037",
"NAME":"POCHINOK",
"ALT_NAME":"ПОЧИНОК",
"DESIGNATOR":"PO",
"":"",
"LATITUDE":"574247N",
"LONGITUDE":"0345820E",
"ICAO_REG":"UX",
"":"",
"FREQUENCY":"114.9",
"ABSOLUTEHEIGHT":"210",
"SIGNPT_TYPE":"Дальномер DME",
"OBJTOTEXT":"0"} },
{"type":"Feature",
"geometry": {"type": "Point","coordinates": [40.255000000,53.681322528] },"properties":{
"id":"RTS.57",
"STATUS":"Действующий",
"DBIDENT":"1005039",
"NAME":"RYAZHSK",
"ALT_NAME":"РЯЖСК",
"DESIGNATOR":"RV",
"":"",
"LATITUDE":"534053N",
"LONGITUDE":"0401518E",
"ICAO_REG":"UX",
"":"",
"FREQUENCY":"109.1",
"ABSOLUTEHEIGHT":"180",
"SIGNPT_TYPE":"Дальномер DME",
"OBJTOTEXT":"0"} },
{"type":"Feature",
"geometry": {"type": "Point","coordinates": [37.430833333,56.367711417] },"properties":{
"id":"RTS.58",
"STATUS":"Действующий",
"DBIDENT":"1005040",
"NAME":"SAVELOVO",
"ALT_NAME":"САВЕЛОВО",
"DESIGNATOR":"SWO",
"":"",
"LATITUDE":"562204N",
"LONGITUDE":"0372551E",
"ICAO_REG":"UX",
"":"",
"FREQUENCY":"111.8",
"ABSOLUTEHEIGHT":"180",
"SIGNPT_TYPE":"Дальномер DME",
"OBJTOTEXT":"0"} },
{"type":"Feature",
"geometry": {"type": "Point","coordinates": [37.431111111,56.367989194] },"properties":{
"id":"RTS.59",
"STATUS":"Действующий",
"DBIDENT":"1005041",
"NAME":"SAVELOVO",
"ALT_NAME":"САВЕЛОВО",
"DESIGNATOR":"SW",
"":"",
"LATITUDE":"562205N",
"LONGITUDE":"0372552E",
"ICAO_REG":"UX",
"DECLINATION":"11.6",
"FREQUENCY":"1.285",
"ABSOLUTEHEIGHT":"0",
"SIGNPT_TYPE":"Маяк NDB",
"OBJTOTEXT":"0",
"MAGVAR":"12"} },
{"type":"Feature",
"geometry": {"type": "Point","coordinates": [66.608055556,66.588055556] },"properties":{
"id":"RTS.60",
"STATUS":"Действующий",
"DBIDENT":"1005043",
"NAME":"SALEKHARD",
"ALT_NAME":"САЛЕХАРД",
"DESIGNATOR":"SH",
"":"",
"LATITUDE":"663517N",
"LONGITUDE":"0663629E",
"ICAO_REG":"UX",
"DECLINATION":"24",
"FREQUENCY":"113.3",
"ABSOLUTEHEIGHT":"60",
"SIGNPT_TYPE":"Совмещённый VOR/DME",
"OBJTOTEXT":"0",
"MAGVAR":"24"} },
{"type":"Feature",
"geometry": {"type": "Point","coordinates": [45.214444444,54.130000000] },"properties":{
"id":"RTS.61",
"STATUS":"Действующий",
"DBIDENT":"1005045",
"NAME":"SARANSK",
"ALT_NAME":"САРАНСК",
"DESIGNATOR":"SRN",
"":"",
"LATITUDE":"540748N",
"LONGITUDE":"0451252E",
"ICAO_REG":"UX",
"DECLINATION":"12",
"FREQUENCY":"108.4",
"ABSOLUTEHEIGHT":"210",
"SIGNPT_TYPE":"Совмещённый VOR/DME",
"OBJTOTEXT":"0",
"MAGVAR":"12"} },
{"type":"Feature",
"geometry": {"type": "Point","coordinates": [30.274722222,59.806944444] },"properties":{
"id":"RTS.62",
"STATUS":"Действующий",
"DBIDENT":"1005047",
"NAME":"SANKT-PETERBURG Pulkovo",
"ALT_NAME":"САНКТ-ПЕТЕРБУРГ Пулково",
"DESIGNATOR":"SPB",
"":"",
"LATITUDE":"594825N",
"LONGITUDE":"0301629E",
"ICAO_REG":"UX",
"DECLINATION":"11",
"FREQUENCY":"113.4",
"ABSOLUTEHEIGHT":"30",
"SIGNPT_TYPE":"Совмещённый VOR/DME",
"OBJTOTEXT":"0",
"MAGVAR":"11"} },
{"type":"Feature",
"geometry": {"type": "Point","coordinates": [33.979722222,45.051666667] },"properties":{
"id":"RTS.63",
"STATUS":"Действующий",
"DBIDENT":"1005051",
"NAME":"SIMFEROPOL",
"ALT_NAME":"СИМФЕРОПОЛЬ",
"DESIGNATOR":"SI",
"":"",
"LATITUDE":"450306N",
"LONGITUDE":"0335847E",
"ICAO_REG":"UX",
"DECLINATION":"7",
"FREQUENCY":"112.8",
"ABSOLUTEHEIGHT":"180",
"SIGNPT_TYPE":"Совмещённый VOR/DME",
"OBJTOTEXT":"0",
"MAGVAR":"7"} },
{"type":"Feature",
"geometry": {"type": "Point","coordinates": [139.430000000,57.313333333] },"properties":{
"id":"RTS.64",
"STATUS":"Действующий",
"DBIDENT":"1005052",
"NAME":"TUKCHI",
"ALT_NAME":"ТУКЧИ",
"DESIGNATOR":"SM",
"":"",
"LATITUDE":"571848N",
"LONGITUDE":"1392548E",
"ICAO_REG":"UX",
"DECLINATION":"-14",
"FREQUENCY":"0.835",
"ABSOLUTEHEIGHT":"0",
"SIGNPT_TYPE":"Маяк NDB",
"OBJTOTEXT":"0",
"MAGVAR":"-14"} },
{"type":"Feature",
"geometry": {"type": "Point","coordinates": [87.935277778,65.800277778] },"properties":{
"id":"RTS.65",
"STATUS":"Действующий",
"DBIDENT":"1005054",
"NAME":"TURUKHANSK",
"ALT_NAME":"ТУРУХАНСК",
"DESIGNATOR":"THN",
"":"",
"LATITUDE":"654801N",
"LONGITUDE":"0875607E",
"ICAO_REG":"UX",
"DECLINATION":"14",
"FREQUENCY":"113.7",
"ABSOLUTEHEIGHT":"60",
"SIGNPT_TYPE":"Совмещённый VOR/DME",
"OBJTOTEXT":"0",
"MAGVAR":"14"} },
{"type":"Feature",
"geometry": {"type": "Point","coordinates": [107.440000000,51.811666667] },"properties":{
"id":"RTS.66",
"STATUS":"Действующий",
"DBIDENT":"1005056",
"NAME":"ULAN-UDE Mukhino",
"ALT_NAME":"УЛАН-УДЭ Мухино",
"DESIGNATOR":"ULD",
"":"",
"LATITUDE":"514842N",
"LONGITUDE":"1072624E",
"ICAO_REG":"UX",
"DECLINATION":"-5",
"FREQUENCY":"113.5",
"ABSOLUTEHEIGHT":"510",
"SIGNPT_TYPE":"Совмещённый VOR/DME",
"OBJTOTEXT":"0",
"MAGVAR":"-5"} },
{"type":"Feature",
"geometry": {"type": "Point","coordinates": [48.225555556,54.263055556] },"properties":{
"id":"RTS.67",
"STATUS":"Действующий",
"DBIDENT":"1005058",
"NAME":"ULYANOVSK Barataуevka",
"ALT_NAME":"УЛЬЯНОВСК Баратаевка",
"DESIGNATOR":"BMK",
"":"",
"LATITUDE":"541547N",
"LONGITUDE":"0481332E",
"ICAO_REG":"UX",
"DECLINATION":"13",
"FREQUENCY":"113.4",
"ABSOLUTEHEIGHT":"150",
"SIGNPT_TYPE":"Совмещённый VOR/DME",
"OBJTOTEXT":"0",
"MAGVAR":"13"} },
{"type":"Feature",
"geometry": {"type": "Point","coordinates": [48.204722222,54.250833333] },"properties":{
"id":"RTS.68",
"STATUS":"Действующий",
"DBIDENT":"1005060",
"NAME":"ULYANOVSK Baratayevka",
"ALT_NAME":"УЛЬЯНОВСК Баратаевка",
"DESIGNATOR":"M",
"":"",
"LATITUDE":"541503N",
"LONGITUDE":"0481217E",
"ICAO_REG":"UX",
"DECLINATION":"13",
"FREQUENCY":"0.68",
"ABSOLUTEHEIGHT":"0",
"SIGNPT_TYPE":"Маяк NDB",
"OBJTOTEXT":"0",
"MAGVAR":"13"} },
{"type":"Feature",
"geometry": {"type": "Point","coordinates": [55.886944444,54.539444444] },"properties":{
"id":"RTS.69",
"STATUS":"Действующий",
"DBIDENT":"1005062",
"NAME":"UFA",
"ALT_NAME":"УФА",
"DESIGNATOR":"RG",
"":"",
"LATITUDE":"543222N",
"LONGITUDE":"0555313E",
"ICAO_REG":"UX",
"DECLINATION":"13",
"FREQUENCY":"112.3",
"ABSOLUTEHEIGHT":"152",
"SIGNPT_TYPE":"Совмещённый VOR/DME",
"OBJTOTEXT":"0",
"MAGVAR":"13"} },
{"type":"Feature",
"geometry": {"type": "Point","coordinates": [53.793611111,63.560277778] },"properties":{
"id":"RTS.70",
"STATUS":"Действующий",
"DBIDENT":"1005064",
"NAME":"UKHTA",
"ALT_NAME":"УХТА",
"DESIGNATOR":"UHT",
"":"",
"LATITUDE":"633337N",
"LONGITUDE":"0534737E",
"ICAO_REG":"UX",
"DECLINATION":"20",
"FREQUENCY":"113.8",
"ABSOLUTEHEIGHT":"150",
"SIGNPT_TYPE":"Совмещённый VOR/DME",
"OBJTOTEXT":"0",
"MAGVAR":"20"} },
{"type":"Feature",
"geometry": {"type": "Point","coordinates": [135.210277778,48.545000000] },"properties":{
"id":"RTS.71",
"STATUS":"Действующий",
"DBIDENT":"1005067",
"NAME":"KHABAROVSK Novy",
"ALT_NAME":"ХАБАРОВСК Новый",
"DESIGNATOR":"HAB",
"":"",
"LATITUDE":"483242N",
"LONGITUDE":"1351237E",
"ICAO_REG":"UX",
"DECLINATION":"-12",
"FREQUENCY":"112.3",
"ABSOLUTEHEIGHT":"90",
"SIGNPT_TYPE":"Совмещённый VOR/DME",
"OBJTOTEXT":"0",
"MAGVAR":"-12"} },
{"type":"Feature",
"geometry": {"type": "Point","coordinates": [69.126944444,61.033055556] },"properties":{
"id":"RTS.72",
"STATUS":"Действующий",
"DBIDENT":"1005069",
"NAME":"KHANTY-MANSIYSK",
"ALT_NAME":"ХАНТЫ-МАНСИЙСК",
"DESIGNATOR":"HMN",
"":"",
"LATITUDE":"610159N",
"LONGITUDE":"0690737E",
"ICAO_REG":"UX",
"DECLINATION":"17",
"FREQUENCY":"113.8",
"ABSOLUTEHEIGHT":"60",
"SIGNPT_TYPE":"Совмещённый VOR/DME",
"OBJTOTEXT":"0",
"MAGVAR":"17"} },
{"type":"Feature",
"geometry": {"type": "Point","coordinates": [61.517777778,55.306944444] },"properties":{
"id":"RTS.73",
"STATUS":"Действующий",
"DBIDENT":"1005073",
"NAME":"CHELYABINSK Balandino",
"ALT_NAME":"ЧЕЛЯБИНСК Баландино",
"DESIGNATOR":"LBN",
"":"",
"LATITUDE":"551825N",
"LONGITUDE":"0613104E",
"ICAO_REG":"UX",
"DECLINATION":"14",
"FREQUENCY":"113.3",
"ABSOLUTEHEIGHT":"240",
"SIGNPT_TYPE":"Совмещённый VOR/DME",
"OBJTOTEXT":"0",
"MAGVAR":"14"} },
{"type":"Feature",
"geometry": {"type": "Point","coordinates": [161.343333333,68.743333333] },"properties":{
"id":"RTS.74",
"STATUS":"Действующий",
"DBIDENT":"1005075",
"NAME":"CHERSKY",
"ALT_NAME":"ЧЕРСКИЙ",
"DESIGNATOR":"RKN",
"":"",
"LATITUDE":"684436N",
"LONGITUDE":"1612036E",
"ICAO_REG":"UX",
"DECLINATION":"-10",
"FREQUENCY":"115.8",
"ABSOLUTEHEIGHT":"30",
"SIGNPT_TYPE":"Совмещённый VOR/DME",
"OBJTOTEXT":"0",
"MAGVAR":"-10"} },
{"type":"Feature",
"geometry": {"type": "Point","coordinates": [113.308055556,52.024444444] },"properties":{
"id":"RTS.75",
"STATUS":"Действующий",
"DBIDENT":"1005077",
"NAME":"CHITA Kadala",
"ALT_NAME":"ЧИТА Кадала",
"DESIGNATOR":"KTN",
"":"",
"LATITUDE":"520128N",
"LONGITUDE":"1131829E",
"ICAO_REG":"UX",
"DECLINATION":"-8",
"FREQUENCY":"112.9",
"ABSOLUTEHEIGHT":"690",
"SIGNPT_TYPE":"Совмещённый VOR/DME",
"OBJTOTEXT":"0",
"MAGVAR":"-8"} },
{"type":"Feature",
"geometry": {"type": "Point","coordinates": [38.035555556,55.552714833] },"properties":{
"id":"RTS.76",
"STATUS":"Действующий",
"DBIDENT":"1005078",
"NAME":"CHULKOVO",
"ALT_NAME":"ЧУЛКОВО",
"DESIGNATOR":"LP",
"":"",
"LATITUDE":"553310N",
"LONGITUDE":"0380208E",
"ICAO_REG":"UX",
"":"",
"FREQUENCY":"109.2",
"ABSOLUTEHEIGHT":"240",
"SIGNPT_TYPE":"Дальномер DME",
"OBJTOTEXT":"0"} },
{"type":"Feature",
"geometry": {"type": "Point","coordinates": [142.716388889,46.863611111] },"properties":{
"id":"RTS.77",
"STATUS":"Действующий",
"DBIDENT":"1005080",
"NAME":"YUZHNO-SAKHALINSK Khomutovo",
"ALT_NAME":"ЮЖНО-САХАЛИНСК Хомутово",
"DESIGNATOR":"YS",
"":"",
"LATITUDE":"465149N",
"LONGITUDE":"1424259E",
"ICAO_REG":"UX",
"DECLINATION":"-11",
"FREQUENCY":"114.9",
"ABSOLUTEHEIGHT":"30",
"SIGNPT_TYPE":"Совмещённый VOR/DME",
"OBJTOTEXT":"0",
"MAGVAR":"-11"} },
{"type":"Feature",
"geometry": {"type": "Point","coordinates": [129.784722222,62.092500000] },"properties":{
"id":"RTS.78",
"STATUS":"Действующий",
"DBIDENT":"1005081",
"NAME":"YAKUTSK",
"ALT_NAME":"ЯКУТСК",
"DESIGNATOR":"UTS",
"":"",
"LATITUDE":"620533N",
"LONGITUDE":"1294705E",
"ICAO_REG":"UX",
"DECLINATION":"-16",
"FREQUENCY":"112.3",
"ABSOLUTEHEIGHT":"120",
"SIGNPT_TYPE":"Совмещённый VOR/DME",
"OBJTOTEXT":"0",
"MAGVAR":"-16"} },
{"type":"Feature",
"geometry": {"type": "Point","coordinates": [140.688055556,53.152222222] },"properties":{
"id":"RTS.79",
"STATUS":"Действующий",
"DBIDENT":"1005083",
"NAME":"NIKOLAYEVSK-NA-AMURE",
"ALT_NAME":"НИКОЛАЕВСК-НА-АМУРЕ",
"DESIGNATOR":"NA",
"":"",
"LATITUDE":"530908N",
"LONGITUDE":"1404117E",
"ICAO_REG":"UX",
"DECLINATION":"-13",
"FREQUENCY":"112.4",
"ABSOLUTEHEIGHT":"0",
"SIGNPT_TYPE":"Совмещённый VOR/DME",
"OBJTOTEXT":"0",
"MAGVAR":"-13"} },
{"type":"Feature",
"geometry": {"type": "Point","coordinates": [39.798611111,47.752777778] },"properties":{
"id":"RTS.80",
"STATUS":"Действующий",
"DBIDENT":"1005086",
"NAME":"SAMBEK",
"ALT_NAME":"САМБЕК",
"DESIGNATOR":"SB",
"":"",
"LATITUDE":"474510N",
"LONGITUDE":"0394755E",
"ICAO_REG":"UX",
"DECLINATION":"9",
"FREQUENCY":"0.414",
"ABSOLUTEHEIGHT":"0",
"SIGNPT_TYPE":"Маяк NDB",
"OBJTOTEXT":"0",
"MAGVAR":"9"} },
{"type":"Feature",
"geometry": {"type": "Point","coordinates": [135.284166667,54.697777778] },"properties":{
"id":"RTS.81",
"STATUS":"Действующий",
"DBIDENT":"1005087",
"NAME":"CHUMIKAN",
"ALT_NAME":"ЧУМИКАН",
"DESIGNATOR":"PA",
"":"",
"LATITUDE":"544152N",
"LONGITUDE":"1351703E",
"ICAO_REG":"UX",
"DECLINATION":"-14",
"FREQUENCY":"0.89",
"ABSOLUTEHEIGHT":"0",
"SIGNPT_TYPE":"Маяк NDB",
"OBJTOTEXT":"0",
"MAGVAR":"-14"} },
{"type":"Feature",
"geometry": {"type": "Point","coordinates": [143.167222222,51.819166667] },"properties":{
"id":"RTS.82",
"STATUS":"Действующий",
"DBIDENT":"1005089",
"NAME":"NOGLIKI",
"ALT_NAME":"НОГЛИКИ",
"DESIGNATOR":"JD",
"":"",
"LATITUDE":"514909N",
"LONGITUDE":"1431002E",
"ICAO_REG":"UX",
"DECLINATION":"-12",
"FREQUENCY":"0.75",
"ABSOLUTEHEIGHT":"0",
"SIGNPT_TYPE":"Маяк NDB",
"OBJTOTEXT":"0",
"MAGVAR":"-12"} },
{"type":"Feature",
"geometry": {"type": "Point","coordinates": [90.195555556,60.255277778] },"properties":{
"id":"RTS.83",
"STATUS":"Действующий",
"DBIDENT":"1005090",
"NAME":"YARTSEVO",
"ALT_NAME":"ЯРЦЕВО",
"DESIGNATOR":"WD",
"":"",
"LATITUDE":"601519N",
"LONGITUDE":"0901144E",
"ICAO_REG":"UX",
"DECLINATION":"6",
"FREQUENCY":"0.45",
"ABSOLUTEHEIGHT":"0",
"SIGNPT_TYPE":"Маяк NDB",
"OBJTOTEXT":"0",
"MAGVAR":"6"} },
{"type":"Feature",
"geometry": {"type": "Point","coordinates": [39.962222222,43.454444444] },"properties":{
"id":"RTS.84",
"STATUS":"Действующий",
"DBIDENT":"1005272",
"NAME":"SOCHI",
"ALT_NAME":"СОЧИ",
"DESIGNATOR":"ADL",
"":"",
"LATITUDE":"432716N",
"LONGITUDE":"0395744E",
"ICAO_REG":"UX",
"DECLINATION":"7",
"FREQUENCY":"112.7",
"ABSOLUTEHEIGHT":"30",
"SIGNPT_TYPE":"Совмещённый VOR/DME",
"OBJTOTEXT":"0",
"MAGVAR":"7"} },
{"type":"Feature",
"geometry": {"type": "Point","coordinates": [44.873611111,55.569166667] },"properties":{
"id":"RTS.85",
"STATUS":"Действующий",
"DBIDENT":"1005273",
"NAME":"BUTURLINO",
"ALT_NAME":"БУТУРЛИНО",
"DESIGNATOR":"BT",
"":"",
"LATITUDE":"553409N",
"LONGITUDE":"0445225E",
"ICAO_REG":"UX",
"":"",
"FREQUENCY":"111.9",
"ABSOLUTEHEIGHT":"120",
"SIGNPT_TYPE":"Дальномер DME",
"OBJTOTEXT":"0"} },
{"type":"Feature",
"geometry": {"type": "Point","coordinates": [37.798611111,55.162724556] },"properties":{
"id":"RTS.86",
"STATUS":"Действующий",
"DBIDENT":"1005274",
"NAME":"GLOTAYEVO",
"ALT_NAME":"ГЛОТАЕВО",
"DESIGNATOR":"GLW",
"":"",
"LATITUDE":"550946N",
"LONGITUDE":"0374755E",
"ICAO_REG":"UX",
"":"",
"FREQUENCY":"113.5",
"ABSOLUTEHEIGHT":"210",
"SIGNPT_TYPE":"Дальномер DME",
"OBJTOTEXT":"0"} },
{"type":"Feature",
"geometry": {"type": "Point","coordinates": [37.911666667,55.388238750] },"properties":{
"id":"RTS.87",
"STATUS":"Действующий",
"DBIDENT":"1005276",
"NAME":"MOSCOW Domodedovo",
"ALT_NAME":"МОСКВА Домодедово",
"DESIGNATOR":"DMD",
"":"",
"LATITUDE":"552318N",
"LONGITUDE":"0375442E",
"ICAO_REG":"UX",
"DECLINATION":"11",
"FREQUENCY":"113.3",
"ABSOLUTEHEIGHT":"0",
"SIGNPT_TYPE":"Совмещённый VOR/DME",
"OBJTOTEXT":"0",
"MAGVAR":"11"} },
{"type":"Feature",
"geometry": {"type": "Point","coordinates": [44.355000000,46.371944444] },"properties":{
"id":"RTS.88",
"STATUS":"Действующий",
"DBIDENT":"1005278",
"NAME":"ELISTA",
"ALT_NAME":"ЭЛИСТА",
"DESIGNATOR":"ELI",
"":"",
"LATITUDE":"462219N",
"LONGITUDE":"0442118E",
"ICAO_REG":"UX",
"DECLINATION":"8",
"FREQUENCY":"117.65",
"ABSOLUTEHEIGHT":"150",
"SIGNPT_TYPE":"Совмещённый VOR/DME",
"OBJTOTEXT":"0",
"MAGVAR":"8"} },
{"type":"Feature",
"geometry": {"type": "Point","coordinates": [38.901944444,54.240500222] },"properties":{
"id":"RTS.89",
"STATUS":"Действующий",
"DBIDENT":"1005279",
"NAME":"OKTYABRSKIY",
"ALT_NAME":"ОКТЯБРЬСКИЙ",
"DESIGNATOR":"OK",
"":"",
"LATITUDE":"541426N",
"LONGITUDE":"0385407E",
"ICAO_REG":"UX",
"":"",
"FREQUENCY":"108.4",
"ABSOLUTEHEIGHT":"180",
"SIGNPT_TYPE":"Дальномер DME",
"OBJTOTEXT":"0"} },
{"type":"Feature",
"geometry": {"type": "Point","coordinates": [37.270555556,55.825222306] },"properties":{
"id":"RTS.90",
"STATUS":"Действующий",
"DBIDENT":"1005280",
"NAME":"OPALIKHA",
"ALT_NAME":"ОПАЛИХА",
"DESIGNATOR":"OPH",
"":"",
"LATITUDE":"554931N",
"LONGITUDE":"0371614E",
"ICAO_REG":"UX",
"":"",
"FREQUENCY":"109.7",
"ABSOLUTEHEIGHT":"210",
"SIGNPT_TYPE":"Дальномер DME",
"OBJTOTEXT":"0"} },
{"type":"Feature",
"geometry": {"type": "Point","coordinates": [112.026944444,66.408333333] },"properties":{
"id":"RTS.91",
"STATUS":"Действующий",
"DBIDENT":"1005282",
"NAME":"POLIARNY",
"ALT_NAME":"ПОЛЯРНЫЙ",
"DESIGNATOR":"PLR",
"":"",
"LATITUDE":"662430N",
"LONGITUDE":"1120137E",
"ICAO_REG":"UX",
"DECLINATION":"-9",
"FREQUENCY":"112.9",
"ABSOLUTEHEIGHT":"540",
"SIGNPT_TYPE":"Совмещённый VOR/DME",
"OBJTOTEXT":"0",
"MAGVAR":"-9"} },
{"type":"Feature",
"geometry": {"type": "Point","coordinates": [39.933611111,47.500833333] },"properties":{
"id":"RTS.92",
"STATUS":"Действующий",
"DBIDENT":"1005284",
"NAME":"ROSTOV-NA-DONU Platov",
"ALT_NAME":"РОСТОВ-НА-ДОНУ Платов",
"DESIGNATOR":"ROS",
"":"",
"LATITUDE":"473003N",
"LONGITUDE":"0395601E",
"ICAO_REG":"UX",
"DECLINATION":"8",
"FREQUENCY":"117",
"ABSOLUTEHEIGHT":"90",
"SIGNPT_TYPE":"Совмещённый VOR/DME",
"OBJTOTEXT":"0",
"MAGVAR":"8"} },
{"type":"Feature",
"geometry": {"type": "Point","coordinates": [133.253055556,43.884166667] },"properties":{
"id":"RTS.93",
"STATUS":"Действующий",
"DBIDENT":"1005293",
"NAME":"MURAVEYKA",
"ALT_NAME":"МУРАВЕЙКА",
"DESIGNATOR":"BG",
"":"",
"LATITUDE":"435303N",
"LONGITUDE":"1331511E",
"ICAO_REG":"UX",
"DECLINATION":"10.8",
"FREQUENCY":"0.92",
"ABSOLUTEHEIGHT":"0",
"SIGNPT_TYPE":"Маяк NDB",
"OBJTOTEXT":"0",
"MAGVAR":"11"} },
{"type":"Feature",
"geometry": {"type": "Point","coordinates": [76.466944444,60.943888889] },"properties":{
"id":"RTS.94",
"STATUS":"Действующий",
"DBIDENT":"1008503",
"NAME":"NIZHNEVARTOVSK",
"ALT_NAME":"НИЖНЕВАРТОВСК",
"DESIGNATOR":"NWK",
"":"",
"LATITUDE":"605638N",
"LONGITUDE":"0762801E",
"ICAO_REG":"UX",
"DECLINATION":"16",
"FREQUENCY":"112.3",
"ABSOLUTEHEIGHT":"60",
"SIGNPT_TYPE":"Совмещённый VOR/DME",
"OBJTOTEXT":"0",
"MAGVAR":"16"} },
{"type":"Feature",
"geometry": {"type": "Point","coordinates": [179.304722222,63.038611111] },"properties":{
"id":"RTS.95",
"STATUS":"Действующий",
"DBIDENT":"1008504",
"NAME":"BERINGOVSKIY",
"ALT_NAME":"БЕРИНГОВСКИЙ",
"DESIGNATOR":"BE",
"":"",
"LATITUDE":"630219N",
"LONGITUDE":"1791817E",
"ICAO_REG":"UX",
"FREQUENCY":"0.64",
"ABSOLUTEHEIGHT":"0",
"SIGNPT_TYPE":"Маяк NDB",
"OBJTOTEXT":"0"} },
{"type":"Feature",
"geometry": {"type": "Point","coordinates": [40.090000000,45.851944444] },"properties":{
"id":"RTS.96",
"STATUS":"Действующий",
"DBIDENT":"1008506",
"NAME":"TIKHORETSK",
"ALT_NAME":"ТИХОРЕЦК",
"DESIGNATOR":"UH",
"":"",
"LATITUDE":"455107N",
"LONGITUDE":"0400524E",
"ICAO_REG":"UX",
"DECLINATION":"8",
"FREQUENCY":"0.528",
"ABSOLUTEHEIGHT":"0",
"SIGNPT_TYPE":"Маяк NDB",
"OBJTOTEXT":"0",
"MAGVAR":"8"} },
{"type":"Feature",
"geometry": {"type": "Point","coordinates": [156.504722222,51.505277778] },"properties":{
"id":"RTS.97",
"STATUS":"Действующий",
"DBIDENT":"1008507",
"NAME":"OZERNAYA",
"ALT_NAME":"ОЗЕРНАЯ",
"DESIGNATOR":"NS",
"":"",
"LATITUDE":"513019N",
"LONGITUDE":"1563017E",
"ICAO_REG":"UX",
"DECLINATION":"-8",
"FREQUENCY":"0.435",
"ABSOLUTEHEIGHT":"0",
"SIGNPT_TYPE":"Маяк NDB",
"OBJTOTEXT":"0",
"MAGVAR":"-8"} },
{"type":"Feature",
"geometry": {"type": "Point","coordinates": [104.454722222,52.748333333] },"properties":{
"id":"RTS.98",
"STATUS":"Действующий",
"DBIDENT":"1008508",
"NAME":"NIKOLSK",
"ALT_NAME":"НИКОЛЬСК",
"DESIGNATOR":"NH",
"":"",
"LATITUDE":"524454N",
"LONGITUDE":"1042717E",
"ICAO_REG":"UX",
"DECLINATION":"-5",
"FREQUENCY":"0.699",
"ABSOLUTEHEIGHT":"0",
"SIGNPT_TYPE":"Маяк NDB",
"OBJTOTEXT":"0",
"MAGVAR":"-5"} },
{"type":"Feature",
"geometry": {"type": "Point","coordinates": [38.268055556,52.152487167] },"properties":{
"id":"RTS.99",
"STATUS":"Действующий",
"DBIDENT":"1008509",
"NAME":"TERBUNY",
"ALT_NAME":"ТЕРБУНЫ",
"DESIGNATOR":"TE",
"":"",
"LATITUDE":"520909N",
"LONGITUDE":"0381605E",
"ICAO_REG":"UX",
"DECLINATION":"9.9",
"FREQUENCY":"0.527",
"ABSOLUTEHEIGHT":"0",
"SIGNPT_TYPE":"Маяк NDB",
"OBJTOTEXT":"0",
"MAGVAR":"10"} },
{"type":"Feature",
"geometry": {"type": "Point","coordinates": [37.798888889,55.162446778] },"properties":{
"id":"RTS.100",
"STATUS":"Действующий",
"DBIDENT":"1008510",
"NAME":"GLOTAYEVO",
"ALT_NAME":"ГЛОТАЕВО",
"DESIGNATOR":"DK",
"":"",
"LATITUDE":"550945N",
"LONGITUDE":"0374756E",
"ICAO_REG":"UX",
"DECLINATION":"11.2",
"FREQUENCY":"1.02",
"ABSOLUTEHEIGHT":"0",
"SIGNPT_TYPE":"Маяк NDB",
"OBJTOTEXT":"0",
"MAGVAR":"11"} },
{"type":"Feature",
"geometry": {"type": "Point","coordinates": [103.875555556,53.381111111] },"properties":{
"id":"RTS.101",
"STATUS":"Действующий",
"DBIDENT":"1008511",
"NAME":"OSA",
"ALT_NAME":"ОСА",
"DESIGNATOR":"CS",
"":"",
"LATITUDE":"532252N",
"LONGITUDE":"1035232E",
"ICAO_REG":"UX",
"DECLINATION":"-5",
"FREQUENCY":"0.42",
"ABSOLUTEHEIGHT":"0",
"SIGNPT_TYPE":"Маяк NDB",
"OBJTOTEXT":"0",
"MAGVAR":"-5"} },
{"type":"Feature",
"geometry": {"type": "Point","coordinates": [158.793333333,53.000277778] },"properties":{
"id":"RTS.102",
"STATUS":"Действующий",
"DBIDENT":"1008512",
"NAME":"KHALAKTYRKA",
"ALT_NAME":"ХАЛАКТЫРКА",
"DESIGNATOR":"HY",
"":"",
"LATITUDE":"530001N",
"LONGITUDE":"1584736E",
"ICAO_REG":"UX",
"DECLINATION":"-7",
"FREQUENCY":"0.71",
"ABSOLUTEHEIGHT":"0",
"SIGNPT_TYPE":"Маяк NDB",
"OBJTOTEXT":"0",
"MAGVAR":"-7"} },
{"type":"Feature",
"geometry": {"type": "Point","coordinates": [36.799166667,55.983282722] },"properties":{
"id":"RTS.103",
"STATUS":"Действующий",
"DBIDENT":"1008513",
"NAME":"BUZHAROVO",
"ALT_NAME":"БУЖАРОВО",
"DESIGNATOR":"AR",
"":"",
"LATITUDE":"555900N",
"LONGITUDE":"0364757E",
"ICAO_REG":"UX",
"DECLINATION":"11.3",
"FREQUENCY":"1.08",
"ABSOLUTEHEIGHT":"0",
"SIGNPT_TYPE":"Маяк NDB",
"OBJTOTEXT":"0",
"MAGVAR":"11"} },
{"type":"Feature",
"geometry": {"type": "Point","coordinates": [38.238611111,54.345508500] },"properties":{
"id":"RTS.104",
"STATUS":"Действующий",
"DBIDENT":"1008514",
"NAME":"VENEV",
"ALT_NAME":"ВЕНЕВ",
"DESIGNATOR":"FV",
"":"",
"LATITUDE":"542044N",
"LONGITUDE":"0381419E",
"ICAO_REG":"UX",
"DECLINATION":"10.9",
"FREQUENCY":"0.335",
"ABSOLUTEHEIGHT":"0",
"SIGNPT_TYPE":"Маяк NDB",
"OBJTOTEXT":"0",
"MAGVAR":"11"} },
{"type":"Feature",
"geometry": {"type": "Point","coordinates": [35.021944444,55.555261417] },"properties":{
"id":"RTS.105",
"STATUS":"Действующий",
"DBIDENT":"1008515",
"NAME":"GAGARIN",
"ALT_NAME":"ГАГАРИН",
"DESIGNATOR":"FK",
"":"",
"LATITUDE":"553319N",
"LONGITUDE":"0350119E",
"ICAO_REG":"UX",
"DECLINATION":"10.7",
"FREQUENCY":"0.985",
"ABSOLUTEHEIGHT":"0",
"SIGNPT_TYPE":"Маяк NDB",
"OBJTOTEXT":"0",
"MAGVAR":"11"} },
{"type":"Feature",
"geometry": {"type": "Point","coordinates": [36.994722222,55.221902583] },"properties":{
"id":"RTS.106",
"STATUS":"Действующий",
"DBIDENT":"1008516",
"NAME":"KAMENKA",
"ALT_NAME":"КАМЕНКА",
"DESIGNATOR":"WZ",
"":"",
"LATITUDE":"551319N",
"LONGITUDE":"0365941E",
"ICAO_REG":"UX",
"DECLINATION":"11",
"FREQUENCY":"0.23",
"ABSOLUTEHEIGHT":"0",
"SIGNPT_TYPE":"Маяк NDB",
"OBJTOTEXT":"0",
"MAGVAR":"11"} },
{"type":"Feature",
"geometry": {"type": "Point","coordinates": [37.526944444,55.351059083] },"properties":{
"id":"RTS.107",
"STATUS":"Действующий",
"DBIDENT":"1008517",
"NAME":"KLIMOVSK",
"ALT_NAME":"КЛИМОВСК",
"DESIGNATOR":"LO",
"":"",
"LATITUDE":"552104N",
"LONGITUDE":"0373137E",
"ICAO_REG":"UX",
"DECLINATION":"11.2",
"FREQUENCY":"1.005",
"ABSOLUTEHEIGHT":"0",
"SIGNPT_TYPE":"Маяк NDB",
"OBJTOTEXT":"0",
"MAGVAR":"11"} },
{"type":"Feature",
"geometry": {"type": "Point","coordinates": [83.988611111,56.236666667] },"properties":{
"id":"RTS.108",
"STATUS":"Действующий",
"DBIDENT":"1008518",
"NAME":"KOZHEVNIKOVO",
"ALT_NAME":"КОЖЕВНИКОВО",
"DESIGNATOR":"NN",
"":"",
"LATITUDE":"561412N",
"LONGITUDE":"0835919E",
"ICAO_REG":"UX",
"DECLINATION":"8",
"FREQUENCY":"0.482",
"ABSOLUTEHEIGHT":"0",
"SIGNPT_TYPE":"Маяк NDB",
"OBJTOTEXT":"0",
"MAGVAR":"8"} },
{"type":"Feature",
"geometry": {"type": "Point","coordinates": [82.703333333,55.321388889] },"properties":{
"id":"RTS.109",
"STATUS":"Действующий",
"DBIDENT":"1008519",
"NAME":"KOLYVAN",
"ALT_NAME":"КОЛЫВАНЬ",
"DESIGNATOR":"GV",
"":"",
"LATITUDE":"551917N",
"LONGITUDE":"0824212E",
"ICAO_REG":"UX",
"FREQUENCY":"0.66",
"ABSOLUTEHEIGHT":"0",
"SIGNPT_TYPE":"Маяк NDB",
"OBJTOTEXT":"0"} },
{"type":"Feature",
"geometry": {"type": "Point","coordinates": [41.784444444,55.867653417] },"properties":{
"id":"RTS.110",
"STATUS":"Действующий",
"DBIDENT":"1008520",
"NAME":"KRASNAYA GORBATKA",
"ALT_NAME":"КРАСНАЯ ГОРБАТКА",
"DESIGNATOR":"CW",
"":"",
"LATITUDE":"555204N",
"LONGITUDE":"0414704E",
"ICAO_REG":"UX",
"DECLINATION":"13",
"FREQUENCY":"0.485",
"ABSOLUTEHEIGHT":"0",
"SIGNPT_TYPE":"Маяк NDB",
"OBJTOTEXT":"0",
"MAGVAR":"13"} },
{"type":"Feature",
"geometry": {"type": "Point","coordinates": [39.634166667,56.026016361] },"properties":{
"id":"RTS.111",
"STATUS":"Действующий",
"DBIDENT":"1008521",
"NAME":"LARIONOVO",
"ALT_NAME":"ЛАРИОНОВО",
"DESIGNATOR":"MF",
"":"",
"LATITUDE":"560134N",
"LONGITUDE":"0393803E",
"ICAO_REG":"UX",
"DECLINATION":"12",
"FREQUENCY":"0.478",
"ABSOLUTEHEIGHT":"0",
"SIGNPT_TYPE":"Маяк NDB",
"OBJTOTEXT":"0",
"MAGVAR":"12"} },
{"type":"Feature",
"geometry": {"type": "Point","coordinates": [43.780555556,55.594444444] },"properties":{
"id":"RTS.112",
"STATUS":"Действующий",
"DBIDENT":"1008524",
"NAME":"CHERNUKHA",
"ALT_NAME":"ЧЕРНУХА",
"DESIGNATOR":"MB",
"":"",
"LATITUDE":"553540N",
"LONGITUDE":"0434650E",
"ICAO_REG":"UX",
"DECLINATION":"12.6",
"FREQUENCY":"0.43",
"ABSOLUTEHEIGHT":"0",
"SIGNPT_TYPE":"Маяк NDB",
"OBJTOTEXT":"0",
"MAGVAR":"13"} },
{"type":"Feature",
"geometry": {"type": "Point","coordinates": [39.996944444,55.548240750] },"properties":{
"id":"RTS.113",
"STATUS":"Действующий",
"DBIDENT":"1008525",
"NAME":"CHERUSTI",
"ALT_NAME":"ЧЕРУСТИ",
"DESIGNATOR":"SF",
"":"",
"LATITUDE":"553254N",
"LONGITUDE":"0395949E",
"ICAO_REG":"UX",
"DECLINATION":"11.8",
"FREQUENCY":"0.41",
"ABSOLUTEHEIGHT":"0",
"SIGNPT_TYPE":"Маяк NDB",
"OBJTOTEXT":"0",
"MAGVAR":"12"} },
{"type":"Feature",
"geometry": {"type": "Point","coordinates": [35.221111111,54.737492944] },"properties":{
"id":"RTS.114",
"STATUS":"Действующий",
"DBIDENT":"1008527",
"NAME":"YUKHNOV",
"ALT_NAME":"ЮХНОВ",
"DESIGNATOR":"UK",
"":"",
"LATITUDE":"544415N",
"LONGITUDE":"0351316E",
"ICAO_REG":"UX",
"DECLINATION":"10.4",
"FREQUENCY":"0.35",
"ABSOLUTEHEIGHT":"0",
"SIGNPT_TYPE":"Маяк NDB",
"OBJTOTEXT":"0",
"MAGVAR":"10"} },
{"type":"Feature",
"geometry": {"type": "Point","coordinates": [37.711944444,57.107777778] },"properties":{
"id":"RTS.115",
"STATUS":"Действующий",
"DBIDENT":"1008528",
"NAME":"BOGDANOVO",
"ALT_NAME":"БОГДАНОВО",
"DESIGNATOR":"BD",
"":"",
"LATITUDE":"570628N",
"LONGITUDE":"0374243E",
"ICAO_REG":"UX",
"DECLINATION":"14",
"FREQUENCY":"0.36",
"ABSOLUTEHEIGHT":"0",
"SIGNPT_TYPE":"Маяк NDB",
"OBJTOTEXT":"0",
"MAGVAR":"14"} },
{"type":"Feature",
"geometry": {"type": "Point","coordinates": [37.785833333,55.588829194] },"properties":{
"id":"RTS.116",
"STATUS":"Действующий",
"DBIDENT":"1008529",
"NAME":"KARTINO",
"ALT_NAME":"КАРТИНО",
"DESIGNATOR":"WT",
"":"",
"LATITUDE":"553520N",
"LONGITUDE":"0374709E",
"ICAO_REG":"UX",
"DECLINATION":"11.4",
"FREQUENCY":"1.215",
"ABSOLUTEHEIGHT":"0",
"SIGNPT_TYPE":"Маяк NDB",
"OBJTOTEXT":"0",
"MAGVAR":"11"} },
{"type":"Feature",
"geometry": {"type": "Point","coordinates": [134.369166667,57.671388889] },"properties":{
"id":"RTS.117",
"STATUS":"Действующий",
"DBIDENT":"1008531",
"NAME":"URGALAN",
"ALT_NAME":"УРГАЛАН",
"DESIGNATOR":"UG",
"":"",
"LATITUDE":"574017N",
"LONGITUDE":"1342209E",
"ICAO_REG":"UX",
"DECLINATION":"-15",
"FREQUENCY":"0.445",
"ABSOLUTEHEIGHT":"0",
"SIGNPT_TYPE":"Маяк NDB",
"OBJTOTEXT":"0",
"MAGVAR":"-15"} },
{"type":"Feature",
"geometry": {"type": "Point","coordinates": [46.512500000,57.179722222] },"properties":{
"id":"RTS.118",
"STATUS":"Действующий",
"DBIDENT":"1008532",
"NAME":"SHARANGA",
"ALT_NAME":"ШАРАНГА",
"DESIGNATOR":"RZ",
"":"",
"LATITUDE":"571047N",
"LONGITUDE":"0463045E",
"ICAO_REG":"UX",
"DECLINATION":"14",
"FREQUENCY":"0.643",
"ABSOLUTEHEIGHT":"0",
"SIGNPT_TYPE":"Маяк NDB",
"OBJTOTEXT":"0",
"MAGVAR":"14"} },
{"type":"Feature",
"geometry": {"type": "Point","coordinates": [159.225277778,61.918611111] },"properties":{
"id":"RTS.119",
"STATUS":"Действующий",
"DBIDENT":"1008533",
"NAME":"SEVERO-EVENSK",
"ALT_NAME":"СЕВЕРО-ЭВЕНСК",
"DESIGNATOR":"DL",
"":"",
"LATITUDE":"615507N",
"LONGITUDE":"1591331E",
"ICAO_REG":"UX",
"DECLINATION":"-8",
"FREQUENCY":"0.9",
"ABSOLUTEHEIGHT":"0",
"SIGNPT_TYPE":"Маяк NDB",
"OBJTOTEXT":"0",
"MAGVAR":"-8"} },
{"type":"Feature",
"geometry": {"type": "Point","coordinates": [48.009166667,46.281111111] },"properties":{
"id":"RTS.120",
"STATUS":"Действующий",
"DBIDENT":"1008535",
"NAME":"ASTRAKHAN",
"ALT_NAME":"АСТРАХАНЬ",
"DESIGNATOR":"AST",
"":"",
"LATITUDE":"461652N",
"LONGITUDE":"0480033E",
"ICAO_REG":"UX",
"DECLINATION":"9",
"FREQUENCY":"116.1",
"ABSOLUTEHEIGHT":"-30",
"SIGNPT_TYPE":"Совмещённый VOR/DME",
"OBJTOTEXT":"0",
"MAGVAR":"9"} },
{"type":"Feature",
"geometry": {"type": "Point","coordinates": [36.930000000,57.895000000] },"properties":{
"id":"RTS.121",
"STATUS":"Действующий",
"DBIDENT":"1008536",
"NAME":"BEZHETSK",
"ALT_NAME":"БЕЖЕЦК",
"DESIGNATOR":"BC",
"":"",
"LATITUDE":"575342N",
"LONGITUDE":"0365548E",
"ICAO_REG":"UX",
"":"",
"FREQUENCY":"111.5",
"ABSOLUTEHEIGHT":"210",
"SIGNPT_TYPE":"Дальномер DME",
"OBJTOTEXT":"0"} },
{"type":"Feature",
"geometry": {"type": "Point","coordinates": [132.118333333,43.384166667] },"properties":{
"id":"RTS.122",
"STATUS":"Действующий",
"DBIDENT":"1008538",
"NAME":"VLADIVOSTOK Knevichi",
"ALT_NAME":"ВЛАДИВОСТОК Кневичи",
"DESIGNATOR":"KN",
"":"",
"LATITUDE":"432303N",
"LONGITUDE":"1320706E",
"ICAO_REG":"UX",
"DECLINATION":"-11",
"FREQUENCY":"110.6",
"ABSOLUTEHEIGHT":"30",
"SIGNPT_TYPE":"Совмещённый VOR/DME",
"OBJTOTEXT":"0",
"MAGVAR":"-11"} },
{"type":"Feature",
"geometry": {"type": "Point","coordinates": [38.012222222,44.572500000] },"properties":{
"id":"RTS.123",
"STATUS":"Действующий",
"DBIDENT":"1008540",
"NAME":"GELENDZHIK",
"ALT_NAME":"ГЕЛЕНДЖИК",
"DESIGNATOR":"GNV",
"":"",
"LATITUDE":"443421N",
"LONGITUDE":"0380044E",
"ICAO_REG":"UX",
"DECLINATION":"8",
"FREQUENCY":"114.3",
"ABSOLUTEHEIGHT":"30",
"SIGNPT_TYPE":"Совмещённый VOR/DME",
"OBJTOTEXT":"0",
"MAGVAR":"8"} },
{"type":"Feature",
"geometry": {"type": "Point","coordinates": [104.428055556,52.258333333] },"properties":{
"id":"RTS.124",
"STATUS":"Действующий",
"DBIDENT":"1008542",
"NAME":"IRKUTSK",
"ALT_NAME":"ИРКУТСК",
"DESIGNATOR":"IKT",
"":"",
"LATITUDE":"521530N",
"LONGITUDE":"1042541E",
"ICAO_REG":"UX",
"DECLINATION":"-5",
"FREQUENCY":"113",
"ABSOLUTEHEIGHT":"510",
"SIGNPT_TYPE":"Совмещённый VOR/DME",
"OBJTOTEXT":"0",
"MAGVAR":"-5"} },
{"type":"Feature",
"geometry": {"type": "Point","coordinates": [36.995000000,55.221902583] },"properties":{
"id":"RTS.125",
"STATUS":"Действующий",
"DBIDENT":"1008543",
"NAME":"KAMENKA",
"ALT_NAME":"КАМЕНКА",
"DESIGNATOR":"IKM",
"":"",
"LATITUDE":"551319N",
"LONGITUDE":"0365942E",
"ICAO_REG":"UX",
"":"",
"FREQUENCY":"111.6",
"ABSOLUTEHEIGHT":"210",
"SIGNPT_TYPE":"Дальномер DME",
"OBJTOTEXT":"0"} },
{"type":"Feature",
"geometry": {"type": "Point","coordinates": [34.859444444,55.833315333] },"properties":{
"id":"RTS.126",
"STATUS":"Действующий",
"DBIDENT":"1008544",
"NAME":"KARMANOVO",
"ALT_NAME":"КАРМАНОВО",
"DESIGNATOR":"KO",
"":"",
"LATITUDE":"555000N",
"LONGITUDE":"0345134E",
"ICAO_REG":"UX",
"":"",
"FREQUENCY":"116.4",
"ABSOLUTEHEIGHT":"240",
"SIGNPT_TYPE":"Дальномер DME",
"OBJTOTEXT":"0"} },
{"type":"Feature",
"geometry": {"type": "Point","coordinates": [39.163888889,45.020833333] },"properties":{
"id":"RTS.127",
"STATUS":"Действующий",
"DBIDENT":"1008546",
"NAME":"KRASNODAR Pashkovskiy",
"ALT_NAME":"КРАСНОДАР Пашковский",
"DESIGNATOR":"KND",
"":"",
"LATITUDE":"450115N",
"LONGITUDE":"0390950E",
"ICAO_REG":"UX",
"DECLINATION":"8",
"FREQUENCY":"115.8",
"ABSOLUTEHEIGHT":"30",
"SIGNPT_TYPE":"Совмещённый VOR/DME",
"OBJTOTEXT":"0",
"MAGVAR":"8"} },
{"type":"Feature",
"geometry": {"type": "Point","coordinates": [49.272500000,55.605555556] },"properties":{
"id":"RTS.128",
"STATUS":"Действующий",
"DBIDENT":"1008548",
"NAME":"KAZAN",
"ALT_NAME":"КАЗАНЬ",
"DESIGNATOR":"KZN",
"":"",
"LATITUDE":"553620N",
"LONGITUDE":"0491621E",
"ICAO_REG":"UX",
"DECLINATION":"13",
"FREQUENCY":"112.7",
"ABSOLUTEHEIGHT":"120",
"SIGNPT_TYPE":"Совмещённый VOR/DME",
"OBJTOTEXT":"0",
"MAGVAR":"13"} },
{"type":"Feature",
"geometry": {"type": "Point","coordinates": [36.442777778,45.309444444] },"properties":{
"id":"RTS.129",
"STATUS":"Действующий",
"DBIDENT":"1008549",
"NAME":"KERCH",
"ALT_NAME":"КЕРЧЬ",
"DESIGNATOR":"KR",
"":"",
"LATITUDE":"451834N",
"LONGITUDE":"0362634E",
"ICAO_REG":"UX",
"":"",
"FREQUENCY":"110",
"ABSOLUTEHEIGHT":"120",
"SIGNPT_TYPE":"Дальномер DME",
"OBJTOTEXT":"0"} },
{"type":"Feature",
"geometry": {"type": "Point","coordinates": [92.536111111,56.163055556] },"properties":{
"id":"RTS.130",
"STATUS":"Действующий",
"DBIDENT":"1008551",
"NAME":"KRASNOYARSK",
"ALT_NAME":"КРАСНОЯРСК",
"DESIGNATOR":"KRS",
"":"",
"LATITUDE":"560947N",
"LONGITUDE":"0923210E",
"ICAO_REG":"UX",
"DECLINATION":"3",
"FREQUENCY":"113.2",
"ABSOLUTEHEIGHT":"300",
"SIGNPT_TYPE":"Совмещённый VOR/DME",
"OBJTOTEXT":"0",
"MAGVAR":"3"} },
{"type":"Feature",
"geometry": {"type": "Point","coordinates": [94.209444444,51.593611111] },"properties":{
"id":"RTS.131",
"STATUS":"Действующий",
"DBIDENT":"1008552",
"NAME":"KYZYL",
"ALT_NAME":"КЫЗЫЛ",
"DESIGNATOR":"KZL",
"":"",
"LATITUDE":"513537N",
"LONGITUDE":"0941234E",
"ICAO_REG":"UX",
"":"",
"FREQUENCY":"112.3",
"ABSOLUTEHEIGHT":"1050",
"SIGNPT_TYPE":"Дальномер DME",
"OBJTOTEXT":"0"} },
{"type":"Feature",
"geometry": {"type": "Point","coordinates": [38.228333333,55.711320500] },"properties":{
"id":"RTS.132",
"STATUS":"Действующий",
"DBIDENT":"1008553",
"NAME":"MARYINO",
"ALT_NAME":"МАРЬИНО",
"DESIGNATOR":"MRN",
"":"",
"LATITUDE":"554241N",
"LONGITUDE":"0381342E",
"ICAO_REG":"UX",
"":"",
"FREQUENCY":"112.5",
"ABSOLUTEHEIGHT":"180",
"SIGNPT_TYPE":"Дальномер DME",
"OBJTOTEXT":"0"} },
{"type":"Feature",
"geometry": {"type": "Point","coordinates": [37.254166667,55.588198472] },"properties":{
"id":"RTS.133",
"STATUS":"Действующий",
"DBIDENT":"1008556",
"NAME":"MOSCOW Vnukovo",
"ALT_NAME":"МОСКВА Внуково",
"DESIGNATOR":"WNK",
"":"",
"LATITUDE":"553518N",
"LONGITUDE":"0371515E",
"ICAO_REG":"UX",
"DECLINATION":"11",
"FREQUENCY":"113.7",
"ABSOLUTEHEIGHT":"210",
"SIGNPT_TYPE":"Совмещённый VOR/DME",
"OBJTOTEXT":"0",
"MAGVAR":"11"} },
{"type":"Feature",
"geometry": {"type": "Point","coordinates": [37.995277778,57.037970000] },"properties":{
"id":"RTS.134",
"STATUS":"Действующий",
"DBIDENT":"1008557",
"NAME":"NERL",
"ALT_NAME":"НЕРЛЬ",
"DESIGNATOR":"NX",
"":"",
"LATITUDE":"570217N",
"LONGITUDE":"0375943E",
"ICAO_REG":"UX",
"":"",
"FREQUENCY":"111",
"ABSOLUTEHEIGHT":"150",
"SIGNPT_TYPE":"Дальномер DME",
"OBJTOTEXT":"0"} },
{"type":"Feature",
"geometry": {"type": "Point","coordinates": [82.639166667,55.013888889] },"properties":{
"id":"RTS.135",
"STATUS":"Действующий",
"DBIDENT":"1008559",
"NAME":"NOVOSIBIRSK Tolmachevo",
"ALT_NAME":"НОВОСИБИРСК Толмачево",
"DESIGNATOR":"NSK",
"":"",
"LATITUDE":"550050N",
"LONGITUDE":"0823821E",
"ICAO_REG":"UX",
"DECLINATION":"9",
"FREQUENCY":"113.3",
"ABSOLUTEHEIGHT":"120",
"SIGNPT_TYPE":"Совмещённый VOR/DME",
"OBJTOTEXT":"0",
"MAGVAR":"9"} },
{"type":"Feature",
"geometry": {"type": "Point","coordinates": [65.330000000,57.183888889] },"properties":{
"id":"RTS.136",
"STATUS":"Действующий",
"DBIDENT":"1008565",
"NAME":"TYUMEN Roshchino",
"ALT_NAME":"ТЮМЕНЬ Рощино",
"DESIGNATOR":"URT",
"":"",
"LATITUDE":"571102N",
"LONGITUDE":"0651948E",
"ICAO_REG":"UX",
"DECLINATION":"15",
"FREQUENCY":"111.6",
"ABSOLUTEHEIGHT":"120",
"SIGNPT_TYPE":"Совмещённый VOR/DME",
"OBJTOTEXT":"0",
"MAGVAR":"15"} },
{"type":"Feature",
"geometry": {"type": "Point","coordinates": [46.511944444,57.179722222] },"properties":{
"id":"RTS.137",
"STATUS":"Действующий",
"DBIDENT":"1008566",
"NAME":"SHARANGA",
"ALT_NAME":"ШАРАНГА",
"DESIGNATOR":"NG",
"":"",
"LATITUDE":"571047N",
"LONGITUDE":"0463043E",
"ICAO_REG":"UX",
"":"",
"FREQUENCY":"108.9",
"ABSOLUTEHEIGHT":"150",
"SIGNPT_TYPE":"Дальномер DME",
"OBJTOTEXT":"0"} },
{"type":"Feature",
"geometry": {"type": "Point","coordinates": [-179.107777778,66.319166667] },"properties":{
"id":"RTS.138",
"STATUS":"Действующий",
"DBIDENT":"1008567",
"NAME":"KRESTA, ZALIV",
"ALT_NAME":"КРЕСТА, ЗАЛИВ",
"DESIGNATOR":"AS",
"":"",
"LATITUDE":"661909N",
"LONGITUDE":"1790628W",
"ICAO_REG":"UX",
"FREQUENCY":"0.275",
"ABSOLUTEHEIGHT":"0",
"SIGNPT_TYPE":"Маяк NDB",
"OBJTOTEXT":"0"} },
{"type":"Feature",
"geometry": {"type": "Point","coordinates": [32.939166667,55.854178833] },"properties":{
"id":"RTS.139",
"STATUS":"Действующий",
"DBIDENT":"1008568",
"NAME":"BELY",
"ALT_NAME":"БЕЛЫЙ",
"DESIGNATOR":"TU",
"":"",
"LATITUDE":"555115N",
"LONGITUDE":"0325621E",
"ICAO_REG":"UX",
"DECLINATION":"10.3",
"FREQUENCY":"1.29",
"ABSOLUTEHEIGHT":"0",
"SIGNPT_TYPE":"Маяк NDB",
"OBJTOTEXT":"0",
"MAGVAR":"10"} },
{"type":"Feature",
"geometry": {"type": "Point","coordinates": [37.323611111,54.608851528] },"properties":{
"id":"RTS.140",
"STATUS":"Действующий",
"DBIDENT":"1008569",
"NAME":"SUKHOTINO",
"ALT_NAME":"СУХОТИНО",
"DESIGNATOR":"IN",
"":"",
"LATITUDE":"543632N",
"LONGITUDE":"0371925E",
"ICAO_REG":"UX",
"DECLINATION":"10.8",
"FREQUENCY":"1.055",
"ABSOLUTEHEIGHT":"0",
"SIGNPT_TYPE":"Маяк NDB",
"OBJTOTEXT":"0",
"MAGVAR":"11"} },
{"type":"Feature",
"geometry": {"type": "Point","coordinates": [94.877500000,55.265000000] },"properties":{
"id":"RTS.141",
"STATUS":"Действующий",
"DBIDENT":"1008574",
"NAME":"AGINSKOYE",
"ALT_NAME":"АГИНСКОЕ",
"DESIGNATOR":"RO",
"":"",
"LATITUDE":"551554N",
"LONGITUDE":"0945239E",
"ICAO_REG":"UX",
"DECLINATION":"1",
"FREQUENCY":"0.921",
"ABSOLUTEHEIGHT":"0",
"SIGNPT_TYPE":"Маяк NDB",
"OBJTOTEXT":"0",
"MAGVAR":"1"} },
{"type":"Feature",
"geometry": {"type": "Point","coordinates": [38.288611111,55.152777778] },"properties":{
"id":"RTS.142",
"STATUS":"Действующий",
"DBIDENT":"1008575",
"NAME":"AKSINYINO",
"ALT_NAME":"АКСИНЬИНО",
"DESIGNATOR":"AO",
"":"",
"LATITUDE":"550910N",
"LONGITUDE":"0381719E",
"ICAO_REG":"UX",
"DECLINATION":"12",
"FREQUENCY":"0.732",
"ABSOLUTEHEIGHT":"0",
"SIGNPT_TYPE":"Маяк NDB",
"OBJTOTEXT":"0",
"MAGVAR":"12"} },
{"type":"Feature",
"geometry": {"type": "Point","coordinates": [82.059722222,57.007222222] },"properties":{
"id":"RTS.143",
"STATUS":"Действующий",
"DBIDENT":"1008578",
"NAME":"BAKCHAR",
"ALT_NAME":"БАКЧАР",
"DESIGNATOR":"BA",
"":"",
"LATITUDE":"570026N",
"LONGITUDE":"0820335E",
"ICAO_REG":"UX",
"DECLINATION":"10",
"FREQUENCY":"0.605",
"ABSOLUTEHEIGHT":"0",
"SIGNPT_TYPE":"Маяк NDB",
"OBJTOTEXT":"0",
"MAGVAR":"10"} },
{"type":"Feature",
"geometry": {"type": "Point","coordinates": [85.413888889,52.464722222] },"properties":{
"id":"RTS.144",
"STATUS":"Действующий",
"DBIDENT":"1008579",
"NAME":"BIYSK",
"ALT_NAME":"БИЙСК",
"DESIGNATOR":"KU",
"":"",
"LATITUDE":"522753N",
"LONGITUDE":"0852450E",
"ICAO_REG":"UX",
"":"",
"FREQUENCY":"111",
"ABSOLUTEHEIGHT":"210",
"SIGNPT_TYPE":"Дальномер DME",
"OBJTOTEXT":"0"} },
{"type":"Feature",
"geometry": {"type": "Point","coordinates": [134.866111111,45.900833333] },"properties":{
"id":"RTS.145",
"STATUS":"Действующий",
"DBIDENT":"1008580",
"NAME":"BOGUSLAVETS",
"ALT_NAME":"БОГУСЛАВЕЦ",
"DESIGNATOR":"TD",
"":"",
"LATITUDE":"455403N",
"LONGITUDE":"1345158E",
"ICAO_REG":"UX",
"DECLINATION":"-11",
"FREQUENCY":"0.325",
"ABSOLUTEHEIGHT":"0",
"SIGNPT_TYPE":"Маяк NDB",
"OBJTOTEXT":"0",
"MAGVAR":"-11"} },
{"type":"Feature",
"geometry": {"type": "Point","coordinates": [40.244166667,45.763888889] },"properties":{
"id":"RTS.146",
"STATUS":"Действующий",
"DBIDENT":"1008581",
"NAME":"BOLSHEVIK",
"ALT_NAME":"БОЛЬШЕВИК",
"DESIGNATOR":"ND",
"":"",
"LATITUDE":"454550N",
"LONGITUDE":"0401439E",
"ICAO_REG":"UX",
"DECLINATION":"8",
"FREQUENCY":"0.507",
"ABSOLUTEHEIGHT":"0",
"SIGNPT_TYPE":"Маяк NDB",
"OBJTOTEXT":"0",
"MAGVAR":"8"} },
{"type":"Feature",
"geometry": {"type": "Point","coordinates": [134.581944444,48.560277778] },"properties":{
"id":"RTS.147",
"STATUS":"Действующий",
"DBIDENT":"1008582",
"NAME":"VOLOCHAYEVKA",
"ALT_NAME":"ВОЛОЧАЕВКА",
"DESIGNATOR":"MR",
"":"",
"LATITUDE":"483337N",
"LONGITUDE":"1343455E",
"ICAO_REG":"UX",
"DECLINATION":"-12",
"FREQUENCY":"0.305",
"ABSOLUTEHEIGHT":"0",
"SIGNPT_TYPE":"Маяк NDB",
"OBJTOTEXT":"0",
"MAGVAR":"-12"} },
{"type":"Feature",
"geometry": {"type": "Point","coordinates": [35.054444444,45.478333333] },"properties":{
"id":"RTS.148",
"STATUS":"Действующий",
"DBIDENT":"1008583",
"NAME":"DMITROVKA",
"ALT_NAME":"ДМИТРОВКА",
"DESIGNATOR":"DM",
"":"",
"LATITUDE":"452842N",
"LONGITUDE":"0350316E",
"ICAO_REG":"UX",
"FREQUENCY":"0.69",
"ABSOLUTEHEIGHT":"0",
"SIGNPT_TYPE":"Маяк NDB",
"OBJTOTEXT":"0"} },
{"type":"Feature",
"geometry": {"type": "Point","coordinates": [40.599444444,56.263498000] },"properties":{
"id":"RTS.149",
"STATUS":"Действующий",
"DBIDENT":"1008584",
"NAME":"DOBRYNSKOYE",
"ALT_NAME":"ДОБРЫНСКОЕ",
"DESIGNATOR":"VA",
"":"",
"LATITUDE":"561549N",
"LONGITUDE":"0403558E",
"ICAO_REG":"UX",
"DECLINATION":"12.3",
"FREQUENCY":"0.307",
"ABSOLUTEHEIGHT":"0",
"SIGNPT_TYPE":"Маяк NDB",
"OBJTOTEXT":"0",
"MAGVAR":"12"} },
{"type":"Feature",
"geometry": {"type": "Point","coordinates": [86.211944444,69.410833333] },"properties":{
"id":"RTS.150",
"STATUS":"Действующий",
"DBIDENT":"1008585",
"NAME":"DUDINKA",
"ALT_NAME":"ДУДИНКА",
"DESIGNATOR":"BI",
"":"",
"LATITUDE":"692439N",
"LONGITUDE":"0861243E",
"ICAO_REG":"UX",
"DECLINATION":"18",
"FREQUENCY":"0.7",
"ABSOLUTEHEIGHT":"0",
"SIGNPT_TYPE":"Маяк NDB",
"OBJTOTEXT":"0",
"MAGVAR":"18"} },
{"type":"Feature",
"geometry": {"type": "Point","coordinates": [40.659444444,46.585277778] },"properties":{
"id":"RTS.151",
"STATUS":"Действующий",
"DBIDENT":"1008586",
"NAME":"YEGORLYKSKAYA",
"ALT_NAME":"ЕГОРЛЫКСКАЯ",
"DESIGNATOR":"ER",
"":"",
"LATITUDE":"463507N",
"LONGITUDE":"0403934E",
"ICAO_REG":"UX",
"DECLINATION":"8",
"FREQUENCY":"0.435",
"ABSOLUTEHEIGHT":"0",
"SIGNPT_TYPE":"Маяк NDB",
"OBJTOTEXT":"0",
"MAGVAR":"8"} },
{"type":"Feature",
"geometry": {"type": "Point","coordinates": [38.931111111,52.389140389] },"properties":{
"id":"RTS.152",
"STATUS":"Действующий",
"DBIDENT":"1008588",
"NAME":"ZADONSK",
"ALT_NAME":"ЗАДОНСК",
"DESIGNATOR":"TS",
"":"",
"LATITUDE":"522321N",
"LONGITUDE":"0385552E",
"ICAO_REG":"UX",
"DECLINATION":"10.2",
"FREQUENCY":"0.36",
"ABSOLUTEHEIGHT":"0",
"SIGNPT_TYPE":"Маяк NDB",
"OBJTOTEXT":"0",
"MAGVAR":"10"} },
{"type":"Feature",
"geometry": {"type": "Point","coordinates": [36.911111111,55.861893972] },"properties":{
"id":"RTS.153",
"STATUS":"Действующий",
"DBIDENT":"1008589",
"NAME":"IVANOVSKOYE",
"ALT_NAME":"ИВАНОВСКОЕ",
"DESIGNATOR":"UM",
"":"",
"LATITUDE":"555143N",
"LONGITUDE":"0365440E",
"ICAO_REG":"UX",
"DECLINATION":"11.3",
"FREQUENCY":"0.405",
"ABSOLUTEHEIGHT":"0",
"SIGNPT_TYPE":"Маяк NDB",
"OBJTOTEXT":"0",
"MAGVAR":"11"} },
{"type":"Feature",
"geometry": {"type": "Point","coordinates": [34.859722222,55.833333333] },"properties":{
"id":"RTS.154",
"STATUS":"Действующий",
"DBIDENT":"1008590",
"NAME":"KARMANOVO",
"ALT_NAME":"КАРМАНОВО",
"DESIGNATOR":"BG",
"":"",
"LATITUDE":"555000N",
"LONGITUDE":"0345135E",
"ICAO_REG":"UX",
"DECLINATION":"11",
"FREQUENCY":"0.745",
"ABSOLUTEHEIGHT":"0",
"SIGNPT_TYPE":"Маяк NDB",
"OBJTOTEXT":"0",
"MAGVAR":"11"} },
{"type":"Feature",
"geometry": {"type": "Point","coordinates": [34.495000000,64.947222222] },"properties":{
"id":"RTS.155",
"STATUS":"Действующий",
"DBIDENT":"1008591",
"NAME":"KEM",
"ALT_NAME":"KEMЬ",
"DESIGNATOR":"KM",
"":"",
"LATITUDE":"645650N",
"LONGITUDE":"0342942E",
"ICAO_REG":"UX",
"DECLINATION":"16",
"FREQUENCY":"0.445",
"ABSOLUTEHEIGHT":"0",
"SIGNPT_TYPE":"Маяк NDB",
"OBJTOTEXT":"0",
"MAGVAR":"16"} },
{"type":"Feature",
"geometry": {"type": "Point","coordinates": [46.713888889,43.834722222] },"properties":{
"id":"RTS.156",
"STATUS":"Действующий",
"DBIDENT":"1008592",
"NAME":"KIZLYAR",
"ALT_NAME":"КИЗЛЯР",
"DESIGNATOR":"KZ",
"":"",
"LATITUDE":"435005N",
"LONGITUDE":"0464250E",
"ICAO_REG":"UX",
"DECLINATION":"8",
"FREQUENCY":"0.455",
"ABSOLUTEHEIGHT":"0",
"SIGNPT_TYPE":"Маяк NDB",
"OBJTOTEXT":"0",
"MAGVAR":"8"} },
{"type":"Feature",
"geometry": {"type": "Point","coordinates": [41.115000000,47.587777778] },"properties":{
"id":"RTS.157",
"STATUS":"Действующий",
"DBIDENT":"1008593",
"NAME":"KONSTANTINOVSK",
"ALT_NAME":"КОНСТАНТИНОВСК",
"DESIGNATOR":"KA",
"":"",
"LATITUDE":"473516N",
"LONGITUDE":"0410654E",
"ICAO_REG":"UX",
"DECLINATION":"9",
"FREQUENCY":"0.0011",
"ABSOLUTEHEIGHT":"0",
"SIGNPT_TYPE":"Маяк NDB",
"OBJTOTEXT":"0",
"MAGVAR":"9"} },
{"type":"Feature",
"geometry": {"type": "Point","coordinates": [37.711388889,56.302152528] },"properties":{
"id":"RTS.158",
"STATUS":"Действующий",
"DBIDENT":"1008594",
"NAME":"KOSTINO",
"ALT_NAME":"КОСТИНО",
"DESIGNATOR":"IKO",
"":"",
"LATITUDE":"561808N",
"LONGITUDE":"0374241E",
"ICAO_REG":"UX",
"":"",
"FREQUENCY":"113.2",
"ABSOLUTEHEIGHT":"240",
"SIGNPT_TYPE":"Дальномер DME",
"OBJTOTEXT":"0"} },
{"type":"Feature",
"geometry": {"type": "Point","coordinates": [45.644444444,51.031388889] },"properties":{
"id":"RTS.159",
"STATUS":"Действующий",
"DBIDENT":"1008595",
"NAME":"KRASNOARMEYSK",
"ALT_NAME":"КРАСНОАРМЕЙСК",
"DESIGNATOR":"KR",
"":"",
"LATITUDE":"510153N",
"LONGITUDE":"0453840E",
"ICAO_REG":"UX",
"DECLINATION":"11",
"FREQUENCY":"0.932",
"ABSOLUTEHEIGHT":"0",
"SIGNPT_TYPE":"Маяк NDB",
"OBJTOTEXT":"0",
"MAGVAR":"11"} },
{"type":"Feature",
"geometry": {"type": "Point","coordinates": [40.100000000,47.885277778] },"properties":{
"id":"RTS.160",
"STATUS":"Действующий",
"DBIDENT":"1008596",
"NAME":"KRASNY SULIN",
"ALT_NAME":"КРАСНЫЙ СУЛИН",
"DESIGNATOR":"KL",
"":"",
"LATITUDE":"475307N",
"LONGITUDE":"0400600E",
"ICAO_REG":"UX",
"DECLINATION":"9",
"FREQUENCY":"0.486",
"ABSOLUTEHEIGHT":"0",
"SIGNPT_TYPE":"Маяк NDB",
"OBJTOTEXT":"0",
"MAGVAR":"9"} },
{"type":"Feature",
"geometry": {"type": "Point","coordinates": [-171.007500000,65.584166667] },"properties":{
"id":"RTS.161",
"STATUS":"Действующий",
"DBIDENT":"1008597",
"NAME":"LAVRENTIYA, ZALIV",
"ALT_NAME":"ЛАВРЕНТИЯ, ЗАЛИВ",
"DESIGNATOR":"LA",
"":"",
"LATITUDE":"653503N",
"LONGITUDE":"1710027W",
"ICAO_REG":"UX",
"DECLINATION":"4",
"FREQUENCY":"0.445",
"ABSOLUTEHEIGHT":"0",
"SIGNPT_TYPE":"Маяк NDB",
"OBJTOTEXT":"0",
"MAGVAR":"4"} },
{"type":"Feature",
"geometry": {"type": "Point","coordinates": [39.337777778,43.910277778] },"properties":{
"id":"RTS.162",
"STATUS":"Действующий",
"DBIDENT":"1008598",
"NAME":"LAZAREVSKOYE",
"ALT_NAME":"ЛАЗАРЕВСКОЕ",
"DESIGNATOR":"LA",
"":"",
"LATITUDE":"435437N",
"LONGITUDE":"0392016E",
"ICAO_REG":"UX",
"DECLINATION":"7",
"FREQUENCY":"0.307",
"ABSOLUTEHEIGHT":"0",
"SIGNPT_TYPE":"Маяк NDB",
"OBJTOTEXT":"0",
"MAGVAR":"7"} },
{"type":"Feature",
"geometry": {"type": "Point","coordinates": [125.796111111,53.470555556] },"properties":{
"id":"RTS.163",
"STATUS":"Действующий",
"DBIDENT":"1008599",
"NAME":"MAGDAGACHI",
"ALT_NAME":"МАГДАГАЧИ",
"DESIGNATOR":"GU",
"":"",
"LATITUDE":"532814N",
"LONGITUDE":"1254746E",
"ICAO_REG":"UX",
"DECLINATION":"-13",
"FREQUENCY":"0.344",
"ABSOLUTEHEIGHT":"0",
"SIGNPT_TYPE":"Маяк NDB",
"OBJTOTEXT":"0",
"MAGVAR":"-13"} },
{"type":"Feature",
"geometry": {"type": "Point","coordinates": [86.730000000,58.640555556] },"properties":{
"id":"RTS.164",
"STATUS":"Действующий",
"DBIDENT":"1008600",
"NAME":"MAKSIMKIN YAR",
"ALT_NAME":"МАКСИМКИН ЯР",
"DESIGNATOR":"CE",
"":"",
"LATITUDE":"583826N",
"LONGITUDE":"0864348E",
"ICAO_REG":"UX",
"DECLINATION":"8",
"FREQUENCY":"0.51",
"ABSOLUTEHEIGHT":"0",
"SIGNPT_TYPE":"Маяк NDB",
"OBJTOTEXT":"0",
"MAGVAR":"8"} },
{"type":"Feature",
"geometry": {"type": "Point","coordinates": [37.055000000,53.573316167] },"properties":{
"id":"RTS.165",
"STATUS":"Действующий",
"DBIDENT":"1008601",
"NAME":"MALOYE SKURATOVO",
"ALT_NAME":"МАЛОЕ СКУРАТОВО",
"DESIGNATOR":"GD",
"":"",
"LATITUDE":"533424N",
"LONGITUDE":"0370318E",
"ICAO_REG":"UX",
"DECLINATION":"10.3",
"FREQUENCY":"0.975",
"ABSOLUTEHEIGHT":"0",
"SIGNPT_TYPE":"Маяк NDB",
"OBJTOTEXT":"0",
"MAGVAR":"10"} },
{"type":"Feature",
"geometry": {"type": "Point","coordinates": [38.228055556,55.711356611] },"properties":{
"id":"RTS.166",
"STATUS":"Действующий",
"DBIDENT":"1008602",
"NAME":"MARYINO",
"ALT_NAME":"МАРЬИНО",
"DESIGNATOR":"RW",
"":"",
"LATITUDE":"554241N",
"LONGITUDE":"0381341E",
"ICAO_REG":"UX",
"DECLINATION":"11.5",
"FREQUENCY":"0.493",
"ABSOLUTEHEIGHT":"0",
"SIGNPT_TYPE":"Маяк NDB",
"OBJTOTEXT":"0",
"MAGVAR":"12"} },
{"type":"Feature",
"geometry": {"type": "Point","coordinates": [83.084722222,54.928055556] },"properties":{
"id":"RTS.167",
"STATUS":"Действующий",
"DBIDENT":"1008603",
"NAME":"MATVEYEVSKIY",
"ALT_NAME":"МАТВЕЕВСКИЙ",
"DESIGNATOR":"EB",
"":"",
"LATITUDE":"545541N",
"LONGITUDE":"0830505E",
"ICAO_REG":"UX",
"DECLINATION":"8",
"FREQUENCY":"0.816",
"ABSOLUTEHEIGHT":"0",
"SIGNPT_TYPE":"Маяк NDB",
"OBJTOTEXT":"0",
"MAGVAR":"8"} },
{"type":"Feature",
"geometry": {"type": "Point","coordinates": [119.710000000,53.685277778] },"properties":{
"id":"RTS.168",
"STATUS":"Действующий",
"DBIDENT":"1008604",
"NAME":"MOGOCHA",
"ALT_NAME":"МОГОЧА",
"DESIGNATOR":"KU",
"":"",
"LATITUDE":"534107N",
"LONGITUDE":"1194236E",
"ICAO_REG":"UX",
"DECLINATION":"-12",
"FREQUENCY":"0.45",
"ABSOLUTEHEIGHT":"0",
"SIGNPT_TYPE":"Маяк NDB",
"OBJTOTEXT":"0",
"MAGVAR":"-12"} },
{"type":"Feature",
"geometry": {"type": "Point","coordinates": [37.995277778,57.037692222] },"properties":{
"id":"RTS.169",
"STATUS":"Действующий",
"DBIDENT":"1008605",
"NAME":"NERL",
"ALT_NAME":"НЕРЛЬ",
"DESIGNATOR":"NE",
"":"",
"LATITUDE":"570216N",
"LONGITUDE":"0375943E",
"ICAO_REG":"UX",
"DECLINATION":"12.1",
"FREQUENCY":"0.9",
"ABSOLUTEHEIGHT":"0",
"SIGNPT_TYPE":"Маяк NDB",
"OBJTOTEXT":"0",
"MAGVAR":"12"} },
{"type":"Feature",
"geometry": {"type": "Point","coordinates": [33.619444444,44.967222222] },"properties":{
"id":"RTS.170",
"STATUS":"Действующий",
"DBIDENT":"1008606",
"NAME":"NIKOLA",
"ALT_NAME":"НИКОЛА",
"DESIGNATOR":"NL",
"":"",
"LATITUDE":"445802N",
"LONGITUDE":"0333710E",
"ICAO_REG":"UX",
"DECLINATION":"7",
"FREQUENCY":"0.326",
"ABSOLUTEHEIGHT":"0",
"SIGNPT_TYPE":"Маяк NDB",
"OBJTOTEXT":"0",
"MAGVAR":"7"} },
{"type":"Feature",
"geometry": {"type": "Point","coordinates": [166.047222222,55.173333333] },"properties":{
"id":"RTS.171",
"STATUS":"Действующий",
"DBIDENT":"1008607",
"NAME":"NIKOLSKOYE",
"ALT_NAME":"НИКОЛЬСКОЕ",
"DESIGNATOR":"NK",
"":"",
"LATITUDE":"551024N",
"LONGITUDE":"1660250E",
"ICAO_REG":"UX",
"DECLINATION":"-5",
"FREQUENCY":"0.595",
"ABSOLUTEHEIGHT":"0",
"SIGNPT_TYPE":"Маяк NDB",
"OBJTOTEXT":"0",
"MAGVAR":"-5"} },
{"type":"Feature",
"geometry": {"type": "Point","coordinates": [82.933888889,54.387500000] },"properties":{
"id":"RTS.172",
"STATUS":"Действующий",
"DBIDENT":"1008608",
"NAME":"NOVOLOKTI",
"ALT_NAME":"НОВОЛОКТИ",
"DESIGNATOR":"NR",
"":"",
"LATITUDE":"542315N",
"LONGITUDE":"0825602E",
"ICAO_REG":"UX",
"DECLINATION":"8",
"FREQUENCY":"0.75",
"ABSOLUTEHEIGHT":"0",
"SIGNPT_TYPE":"Маяк NDB",
"OBJTOTEXT":"0",
"MAGVAR":"8"} },
{"type":"Feature",
"geometry": {"type": "Point","coordinates": [38.902222222,54.240222444] },"properties":{
"id":"RTS.173",
"STATUS":"Действующий",
"DBIDENT":"1008610",
"NAME":"OKTYABRSKIY",
"ALT_NAME":"ОКТЯБРЬСКИЙ",
"DESIGNATOR":"FE",
"":"",
"LATITUDE":"541425N",
"LONGITUDE":"0385408E",
"ICAO_REG":"UX",
"DECLINATION":"11",
"FREQUENCY":"0.57",
"ABSOLUTEHEIGHT":"0",
"SIGNPT_TYPE":"Маяк NDB",
"OBJTOTEXT":"0",
"MAGVAR":"11"} },
{"type":"Feature",
"geometry": {"type": "Point","coordinates": [37.271111111,55.825500083] },"properties":{
"id":"RTS.174",
"STATUS":"Действующий",
"DBIDENT":"1008611",
"NAME":"OPALIKHA",
"ALT_NAME":"ОПАЛИХА",
"DESIGNATOR":"KS",
"":"",
"LATITUDE":"554932N",
"LONGITUDE":"0371616E",
"ICAO_REG":"UX",
"DECLINATION":"11.3",
"FREQUENCY":"0.565",
"ABSOLUTEHEIGHT":"0",
"SIGNPT_TYPE":"Маяк NDB",
"OBJTOTEXT":"0",
"MAGVAR":"11"} },
{"type":"Feature",
"geometry": {"type": "Point","coordinates": [40.189444444,51.718299722] },"properties":{
"id":"RTS.175",
"STATUS":"Действующий",
"DBIDENT":"1008612",
"NAME":"PETROVSKOYE",
"ALT_NAME":"ПЕТРОВСКОЕ",
"DESIGNATOR":"PT",
"":"",
"LATITUDE":"514306N",
"LONGITUDE":"0401122E",
"ICAO_REG":"UX",
"DECLINATION":"10.1",
"FREQUENCY":"0.475",
"ABSOLUTEHEIGHT":"0",
"SIGNPT_TYPE":"Маяк NDB",
"OBJTOTEXT":"0",
"MAGVAR":"10"} },
{"type":"Feature",
"geometry": {"type": "Point","coordinates": [34.161111111,61.887777778] },"properties":{
"id":"RTS.176",
"STATUS":"Действующий",
"DBIDENT":"1008613",
"NAME":"PETROZAVODSK",
"ALT_NAME":"ПЕТРОЗАВОДСК",
"DESIGNATOR":"PTZ",
"":"",
"LATITUDE":"615316N",
"LONGITUDE":"0340940E",
"ICAO_REG":"UX",
"DECLINATION":"14",
"FREQUENCY":"109.25",
"ABSOLUTEHEIGHT":"60",
"SIGNPT_TYPE":"Совмещённый VOR/DME",
"OBJTOTEXT":"0",
"MAGVAR":"14"} },
{"type":"Feature",
"geometry": {"type": "Point","coordinates": [34.971944444,57.713007472] },"properties":{
"id":"RTS.177",
"STATUS":"Действующий",
"DBIDENT":"1008614",
"NAME":"POCHINOK",
"ALT_NAME":"ПОЧИНОК",
"DESIGNATOR":"DB",
"":"",
"LATITUDE":"574247N",
"LONGITUDE":"0345819E",
"ICAO_REG":"UX",
"DECLINATION":"11.6",
"FREQUENCY":"0.375",
"ABSOLUTEHEIGHT":"0",
"SIGNPT_TYPE":"Маяк NDB",
"OBJTOTEXT":"0",
"MAGVAR":"12"} },
{"type":"Feature",
"geometry": {"type": "Point","coordinates": [103.195000000,52.442500000] },"properties":{
"id":"RTS.178",
"STATUS":"Действующий",
"DBIDENT":"1008616",
"NAME":"RAZDOLYE",
"ALT_NAME":"РАЗДОЛЬЕ",
"DESIGNATOR":"RZD",
"":"",
"LATITUDE":"522633N",
"LONGITUDE":"1031142E",
"ICAO_REG":"UX",
"":"",
"FREQUENCY":"114",
"ABSOLUTEHEIGHT":"540",
"SIGNPT_TYPE":"Дальномер DME",
"OBJTOTEXT":"0"} },
{"type":"Feature",
"geometry": {"type": "Point","coordinates": [39.576388889,44.962222222] },"properties":{
"id":"RTS.179",
"STATUS":"Действующий",
"DBIDENT":"1008617",
"NAME":"RYAZANSKAYA",
"ALT_NAME":"РЯЗАНСКАЯ",
"DESIGNATOR":"XT",
"":"",
"LATITUDE":"445744N",
"LONGITUDE":"0393435E",
"ICAO_REG":"UX",
"DECLINATION":"8",
"FREQUENCY":"0.312",
"ABSOLUTEHEIGHT":"0",
"SIGNPT_TYPE":"Маяк NDB",
"OBJTOTEXT":"0",
"MAGVAR":"8"} },
{"type":"Feature",
"geometry": {"type": "Point","coordinates": [152.423888889,62.923055556] },"properties":{
"id":"RTS.180",
"STATUS":"Действующий",
"DBIDENT":"1008619",
"NAME":"SEYMCHAN",
"ALT_NAME":"СЕЙМЧАН",
"DESIGNATOR":"LC",
"":"",
"LATITUDE":"625523N",
"LONGITUDE":"1522526E",
"ICAO_REG":"UH",
"DECLINATION":"-12",
"FREQUENCY":"0.687",
"ABSOLUTEHEIGHT":"0",
"SIGNPT_TYPE":"Маяк NDB",
"OBJTOTEXT":"0",
"MAGVAR":"-12"} },
{"type":"Feature",
"geometry": {"type": "Point","coordinates": [43.679444444,49.258888889] },"properties":{
"id":"RTS.181",
"STATUS":"Действующий",
"DBIDENT":"1008620",
"NAME":"SIROTINSKAYA",
"ALT_NAME":"СИРОТИНСКАЯ",
"DESIGNATOR":"ST",
"":"",
"LATITUDE":"491532N",
"LONGITUDE":"0434046E",
"ICAO_REG":"UX",
"DECLINATION":"10",
"FREQUENCY":"0.777",
"ABSOLUTEHEIGHT":"0",
"SIGNPT_TYPE":"Маяк NDB",
"OBJTOTEXT":"0",
"MAGVAR":"10"} },
{"type":"Feature",
"geometry": {"type": "Point","coordinates": [37.364444444,55.211063750] },"properties":{
"id":"RTS.182",
"STATUS":"Действующий",
"DBIDENT":"1008622",
"NAME":"SKURYGINO",
"ALT_NAME":"СКУРЫГИНО",
"DESIGNATOR":"DR",
"":"",
"LATITUDE":"551240N",
"LONGITUDE":"0372152E",
"ICAO_REG":"UX",
"DECLINATION":"11.1",
"FREQUENCY":"0.415",
"ABSOLUTEHEIGHT":"0",
"SIGNPT_TYPE":"Маяк NDB",
"OBJTOTEXT":"0",
"MAGVAR":"11"} },
{"type":"Feature",
"geometry": {"type": "Point","coordinates": [38.801111111,44.774444444] },"properties":{
"id":"RTS.183",
"STATUS":"Действующий",
"DBIDENT":"1008623",
"NAME":"SMOLENSKAYA",
"ALT_NAME":"СМОЛЕНСКАЯ",
"DESIGNATOR":"SM",
"":"",
"LATITUDE":"444628N",
"LONGITUDE":"0384804E",
"ICAO_REG":"UX",
"DECLINATION":"8",
"FREQUENCY":"0.662",
"ABSOLUTEHEIGHT":"0",
"SIGNPT_TYPE":"Маяк NDB",
"OBJTOTEXT":"0",
"MAGVAR":"8"} },
{"type":"Feature",
"geometry": {"type": "Point","coordinates": [155.956388889,54.297500000] },"properties":{
"id":"RTS.184",
"STATUS":"Действующий",
"DBIDENT":"1008624",
"NAME":"SOBOLEVO",
"ALT_NAME":"СОБОЛEВО",
"DESIGNATOR":"SW",
"":"",
"LATITUDE":"541751N",
"LONGITUDE":"1555723E",
"ICAO_REG":"UX",
"DECLINATION":"-9",
"FREQUENCY":"0.552",
"ABSOLUTEHEIGHT":"0",
"SIGNPT_TYPE":"Маяк NDB",
"OBJTOTEXT":"0",
"MAGVAR":"-9"} },
{"type":"Feature",
"geometry": {"type": "Point","coordinates": [45.295833333,48.402222222] },"properties":{
"id":"RTS.185",
"STATUS":"Действующий",
"DBIDENT":"1008625",
"NAME":"SOLODNIKI",
"ALT_NAME":"СОЛОДНИКИ",
"DESIGNATOR":"SL",
"":"",
"LATITUDE":"482408N",
"LONGITUDE":"0451745E",
"ICAO_REG":"UX",
"DECLINATION":"10",
"FREQUENCY":"0.644",
"ABSOLUTEHEIGHT":"0",
"SIGNPT_TYPE":"Маяк NDB",
"OBJTOTEXT":"0",
"MAGVAR":"10"} },
{"type":"Feature",
"geometry": {"type": "Point","coordinates": [45.295833333,48.402222222] },"properties":{
"id":"RTS.186",
"STATUS":"Действующий",
"DBIDENT":"1008626",
"NAME":"SOLODNIKI",
"ALT_NAME":"СОЛОДНИКИ",
"DESIGNATOR":"SLK",
"":"",
"LATITUDE":"482408N",
"LONGITUDE":"0451745E",
"ICAO_REG":"UX",
"":"",
"FREQUENCY":"116.9",
"ABSOLUTEHEIGHT":"30",
"SIGNPT_TYPE":"Дальномер DME",
"OBJTOTEXT":"0"} },
{"type":"Feature",
"geometry": {"type": "Point","coordinates": [43.160000000,55.795833333] },"properties":{
"id":"RTS.187",
"STATUS":"Действующий",
"DBIDENT":"1008627",
"NAME":"SOSNOVSKOYE",
"ALT_NAME":"СОСНОВСКОЕ",
"DESIGNATOR":"SE",
"":"",
"LATITUDE":"554745N",
"LONGITUDE":"0430936E",
"ICAO_REG":"UX",
"":"",
"FREQUENCY":"112.3",
"ABSOLUTEHEIGHT":"180",
"SIGNPT_TYPE":"Дальномер DME",
"OBJTOTEXT":"0"} },
{"type":"Feature",
"geometry": {"type": "Point","coordinates": [34.936388889,56.517192694] },"properties":{
"id":"RTS.188",
"STATUS":"Действующий",
"DBIDENT":"1008630",
"NAME":"STARITSA",
"ALT_NAME":"СТАРИЦА",
"DESIGNATOR":"SC",
"":"",
"LATITUDE":"563102N",
"LONGITUDE":"0345611E",
"ICAO_REG":"UX",
"":"",
"FREQUENCY":"108.8",
"ABSOLUTEHEIGHT":"210",
"SIGNPT_TYPE":"Дальномер DME",
"OBJTOTEXT":"0"} },
{"type":"Feature",
"geometry": {"type": "Point","coordinates": [34.936388889,56.517470472] },"properties":{
"id":"RTS.189",
"STATUS":"Действующий",
"DBIDENT":"1008631",
"NAME":"STARITSA",
"ALT_NAME":"СТАРИЦА",
"DESIGNATOR":"AJ",
"":"",
"LATITUDE":"563103N",
"LONGITUDE":"0345611E",
"ICAO_REG":"UX",
"DECLINATION":"11.1",
"FREQUENCY":"0.43",
"ABSOLUTEHEIGHT":"0",
"SIGNPT_TYPE":"Маяк NDB",
"OBJTOTEXT":"0",
"MAGVAR":"11"} },
{"type":"Feature",
"geometry": {"type": "Point","coordinates": [78.697222222,67.482777778] },"properties":{
"id":"RTS.190",
"STATUS":"Действующий",
"DBIDENT":"1008632",
"NAME":"TAZOVSKIY",
"ALT_NAME":"ТАЗОВСКИЙ",
"DESIGNATOR":"GT",
"":"",
"LATITUDE":"672858N",
"LONGITUDE":"0784150E",
"ICAO_REG":"UX",
"DECLINATION":"22",
"FREQUENCY":"0.36",
"ABSOLUTEHEIGHT":"0",
"SIGNPT_TYPE":"Маяк NDB",
"OBJTOTEXT":"0",
"MAGVAR":"22"} },
{"type":"Feature",
"geometry": {"type": "Point","coordinates": [166.012777778,60.365833333] },"properties":{
"id":"RTS.191",
"STATUS":"Действующий",
"DBIDENT":"1008633",
"NAME":"TILICHIKI",
"ALT_NAME":"ТИЛИЧИКИ",
"DESIGNATOR":"TK",
"":"",
"LATITUDE":"602157N",
"LONGITUDE":"1660046E",
"ICAO_REG":"UX",
"DECLINATION":"-6",
"FREQUENCY":"0.82",
"ABSOLUTEHEIGHT":"0",
"SIGNPT_TYPE":"Маяк NDB",
"OBJTOTEXT":"0",
"MAGVAR":"-6"} },
{"type":"Feature",
"geometry": {"type": "Point","coordinates": [68.275833333,58.142222222] },"properties":{
"id":"RTS.192",
"STATUS":"Действующий",
"DBIDENT":"1008634",
"NAME":"TOBOLSK",
"ALT_NAME":"ТОБОЛЬСК",
"DESIGNATOR":"NH",
"":"",
"LATITUDE":"580832N",
"LONGITUDE":"0681633E",
"ICAO_REG":"UX",
"DECLINATION":"16",
"FREQUENCY":"0.372",
"ABSOLUTEHEIGHT":"0",
"SIGNPT_TYPE":"Маяк NDB",
"OBJTOTEXT":"0",
"MAGVAR":"16"} },
{"type":"Feature",
"geometry": {"type": "Point","coordinates": [136.567777778,49.444166667] },"properties":{
"id":"RTS.193",
"STATUS":"Действующий",
"DBIDENT":"1008636",
"NAME":"TROITSKOYE",
"ALT_NAME":"ТРОИЦКОЕ",
"DESIGNATOR":"FI",
"":"",
"LATITUDE":"492639N",
"LONGITUDE":"1363404E",
"ICAO_REG":"UX",
"DECLINATION":"-12",
"FREQUENCY":"0.335",
"ABSOLUTEHEIGHT":"0",
"SIGNPT_TYPE":"Маяк NDB",
"OBJTOTEXT":"0",
"MAGVAR":"-12"} },
{"type":"Feature",
"geometry": {"type": "Point","coordinates": [93.905000000,52.149722222] },"properties":{
"id":"RTS.194",
"STATUS":"Действующий",
"DBIDENT":"1008637",
"NAME":"TURAN",
"ALT_NAME":"ТУРАН",
"DESIGNATOR":"TR",
"":"",
"LATITUDE":"520859N",
"LONGITUDE":"0935418E",
"ICAO_REG":"UX",
"DECLINATION":"1",
"FREQUENCY":"0.98",
"ABSOLUTEHEIGHT":"0",
"SIGNPT_TYPE":"Маяк NDB",
"OBJTOTEXT":"0",
"MAGVAR":"1"} },
{"type":"Feature",
"geometry": {"type": "Point","coordinates": [156.267500000,52.816388889] },"properties":{
"id":"RTS.195",
"STATUS":"Действующий",
"DBIDENT":"1008638",
"NAME":"UST-BOLSHERETSK",
"ALT_NAME":"УСТЬ-БОЛЬШЕРЕЦК",
"DESIGNATOR":"UB",
"":"",
"LATITUDE":"524859N",
"LONGITUDE":"1561603E",
"ICAO_REG":"UX",
"DECLINATION":"-7.8",
"FREQUENCY":"0.907",
"ABSOLUTEHEIGHT":"0",
"SIGNPT_TYPE":"Маяк NDB",
"OBJTOTEXT":"0",
"MAGVAR":"-8"} },
{"type":"Feature",
"geometry": {"type": "Point","coordinates": [162.687777778,56.223888889] },"properties":{
"id":"RTS.196",
"STATUS":"Действующий",
"DBIDENT":"1008639",
"NAME":"UST-KAMCHATSK",
"ALT_NAME":"УСТЬ-КАМЧАТСК",
"DESIGNATOR":"UK",
"":"",
"LATITUDE":"561326N",
"LONGITUDE":"1624116E",
"ICAO_REG":"UX",
"DECLINATION":"-7",
"FREQUENCY":"0.41",
"ABSOLUTEHEIGHT":"0",
"SIGNPT_TYPE":"Маяк NDB",
"OBJTOTEXT":"0",
"MAGVAR":"-7"} },
{"type":"Feature",
"geometry": {"type": "Point","coordinates": [39.673055556,45.218611111] },"properties":{
"id":"RTS.197",
"STATUS":"Действующий",
"DBIDENT":"1008641",
"NAME":"UST-LABINSK",
"ALT_NAME":"УСТЬ-ЛАБИНСК",
"DESIGNATOR":"NZ",
"":"",
"LATITUDE":"451307N",
"LONGITUDE":"0394023E",
"ICAO_REG":"UX",
"DECLINATION":"8",
"FREQUENCY":"0.33",
"ABSOLUTEHEIGHT":"0",
"SIGNPT_TYPE":"Маяк NDB",
"OBJTOTEXT":"0",
"MAGVAR":"8"} },
{"type":"Feature",
"geometry": {"type": "Point","coordinates": [73.929444444,56.225833333] },"properties":{
"id":"RTS.198",
"STATUS":"Действующий",
"DBIDENT":"1008643",
"NAME":"CHAPAYEVO",
"ALT_NAME":"ЧАПАЕВО",
"DESIGNATOR":"ML",
"":"",
"LATITUDE":"561333N",
"LONGITUDE":"0735546E",
"ICAO_REG":"UX",
"DECLINATION":"12",
"FREQUENCY":"0.74",
"ABSOLUTEHEIGHT":"0",
"SIGNPT_TYPE":"Маяк NDB",
"OBJTOTEXT":"0",
"MAGVAR":"12"} },
{"type":"Feature",
"geometry": {"type": "Point","coordinates": [133.121111111,44.201111111] },"properties":{
"id":"RTS.199",
"STATUS":"Действующий",
"DBIDENT":"1008644",
"NAME":"CHERNYSHEVKA",
"ALT_NAME":"ЧЕРНЫШЕВКА",
"DESIGNATOR":"BL",
"":"",
"LATITUDE":"441204N",
"LONGITUDE":"1330716E",
"ICAO_REG":"UX",
"DECLINATION":"-11",
"FREQUENCY":"0.605",
"ABSOLUTEHEIGHT":"0",
"SIGNPT_TYPE":"Маяк NDB",
"OBJTOTEXT":"0",
"MAGVAR":"-11"} },
{"type":"Feature",
"geometry": {"type": "Point","coordinates": [132.833055556,53.138888889] },"properties":{
"id":"RTS.200",
"STATUS":"Действующий",
"DBIDENT":"1008645",
"NAME":"EKIMCHAN",
"ALT_NAME":"ЭКИМЧАН",
"DESIGNATOR":"FA",
"":"",
"LATITUDE":"530820N",
"LONGITUDE":"1324959E",
"ICAO_REG":"UX",
"DECLINATION":"-14",
"FREQUENCY":"0.68",
"ABSOLUTEHEIGHT":"0",
"SIGNPT_TYPE":"Маяк NDB",
"OBJTOTEXT":"0",
"MAGVAR":"-14"} },
{"type":"Feature",
"geometry": {"type": "Point","coordinates": [40.173611111,57.562500000] },"properties":{
"id":"RTS.201",
"STATUS":"Действующий",
"DBIDENT":"1008646",
"NAME":"YAROSLAVL Tunoshna",
"ALT_NAME":"ЯРОСЛАВЛЬ Туношна",
"DESIGNATOR":"КА",
"":"",
"LATITUDE":"573345N",
"LONGITUDE":"0401025E",
"ICAO_REG":"UX",
"":"",
"FREQUENCY":"109.4",
"ABSOLUTEHEIGHT":"120",
"SIGNPT_TYPE":"Дальномер DME",
"OBJTOTEXT":"0"} },
{"type":"Feature",
"geometry": {"type": "Point","coordinates": [102.492777778,71.969444444] },"properties":{
"id":"RTS.202",
"STATUS":"Действующий",
"DBIDENT":"1008919",
"NAME":"KHATANGA",
"ALT_NAME":"ХАТАНГА",
"DESIGNATOR":"HTG",
"":"",
"LATITUDE":"715810N",
"LONGITUDE":"1022934E",
"ICAO_REG":"UX",
"DECLINATION":"2",
"FREQUENCY":"113.1",
"ABSOLUTEHEIGHT":"30",
"SIGNPT_TYPE":"Совмещённый VOR/DME",
"OBJTOTEXT":"0",
"MAGVAR":"2"} },
{"type":"Feature",
"geometry": {"type": "Point","coordinates": [43.160277778,55.795277778] },"properties":{
"id":"RTS.203",
"STATUS":"Действующий",
"DBIDENT":"1013569",
"NAME":"SOSNOVSKOYE",
"ALT_NAME":"СОСНОВСКОЕ",
"DESIGNATOR":"RP",
"":"",
"LATITUDE":"554743N",
"LONGITUDE":"0430937E",
"ICAO_REG":"UX",
"DECLINATION":"14",
"FREQUENCY":"0.96",
"ABSOLUTEHEIGHT":"0",
"SIGNPT_TYPE":"Маяк NDB",
"OBJTOTEXT":"0",
"MAGVAR":"14"} },
{"type":"Feature",
"geometry": {"type": "Point","coordinates": [140.446388889,52.378611111] },"properties":{
"id":"RTS.204",
"STATUS":"Действующий",
"DBIDENT":"1014354",
"NAME":"BOGORODSKOYE",
"ALT_NAME":"БОГОРОДСКОЕ",
"DESIGNATOR":"WD",
"":"",
"LATITUDE":"522243N",
"LONGITUDE":"1402647E",
"ICAO_REG":"UX",
"DECLINATION":"-12",
"FREQUENCY":"0.635",
"ABSOLUTEHEIGHT":"0",
"SIGNPT_TYPE":"Маяк NDB",
"OBJTOTEXT":"0",
"MAGVAR":"-12"} },
{"type":"Feature",
"geometry": {"type": "Point","coordinates": [23.887694444,52.109361111] },"properties":{
"id":"RTS.205",
"STATUS":"Действующий",
"DBIDENT":"1016224",
"NAME":"BREST",
"ALT_NAME":"БРЕСТ",
"DESIGNATOR":"BRT",
"":"",
"LATITUDE":"520634N",
"LONGITUDE":"0235316E",
"ICAO_REG":"UM",
"DECLINATION":"7",
"FREQUENCY":"113.75",
"ABSOLUTEHEIGHT":"150",
"SIGNPT_TYPE":"Совмещённый VOR/DME",
"OBJTOTEXT":"0",
"MAGVAR":"7"} },
{"type":"Feature",
"geometry": {"type": "Point","coordinates": [27.480555556,54.245833333] },"properties":{
"id":"RTS.206",
"STATUS":"Действующий",
"DBIDENT":"1016225",
"NAME":"DASHKI",
"DESIGNATOR":"DSK",
"":"",
"LATITUDE":"541445N",
"LONGITUDE":"0272850E",
"ICAO_REG":"UM",
"":"",
"FREQUENCY":"114.25",
"ABSOLUTEHEIGHT":"370",
"SIGNPT_TYPE":"Дальномер DME",
"OBJTOTEXT":"0"} },
{"type":"Feature",
"geometry": {"type": "Point","coordinates": [27.669166667,55.150833333] },"properties":{
"id":"RTS.207",
"STATUS":"Действующий",
"DBIDENT":"1016227",
"NAME":"HLYBOKAJE",
"DESIGNATOR":"GLB",
"":"",
"LATITUDE":"550903N",
"LONGITUDE":"0274009E",
"ICAO_REG":"UM",
"DECLINATION":"8",
"":"",
"FREQUENCY":"114.75",
"ABSOLUTEHEIGHT":"180",
"SIGNPT_TYPE":"Дальномер DME",
"OBJTOTEXT":"0",
"MAGVAR":"8"} },
{"type":"Feature",
"geometry": {"type": "Point","coordinates": [30.997194444,52.533500000] },"properties":{
"id":"RTS.208",
"STATUS":"Действующий",
"DBIDENT":"1016228",
"NAME":"HOMIEL",
"DESIGNATOR":"GOL",
"":"",
"LATITUDE":"523201N",
"LONGITUDE":"0305950E",
"ICAO_REG":"UM",
"DECLINATION":"8",
"FREQUENCY":"113.1",
"ABSOLUTEHEIGHT":"150",
"SIGNPT_TYPE":"Совмещённый VOR/DME",
"OBJTOTEXT":"0",
"MAGVAR":"8"} },
{"type":"Feature",
"geometry": {"type": "Point","coordinates": [24.055944444,53.607638889] },"properties":{
"id":"RTS.209",
"STATUS":"Действующий",
"DBIDENT":"1016230",
"NAME":"HRODNA",
"ALT_NAME":"ГРОДНО",
"DESIGNATOR":"GRD",
"":"",
"LATITUDE":"533628N",
"LONGITUDE":"0240321E",
"ICAO_REG":"UM",
"DECLINATION":"8",
"FREQUENCY":"115.75",
"ABSOLUTEHEIGHT":"180",
"SIGNPT_TYPE":"Совмещённый VOR/DME",
"OBJTOTEXT":"0",
"MAGVAR":"8"} },
{"type":"Feature",
"geometry": {"type": "Point","coordinates": [27.281111111,53.915000000] },"properties":{
"id":"RTS.210",
"STATUS":"Действующий",
"DBIDENT":"1016231",
"NAME":"KHATZEZHYNA",
"DESIGNATOR":"KTZ",
"":"",
"LATITUDE":"535454N",
"LONGITUDE":"0271652E",
"ICAO_REG":"UM",
"":"",
"FREQUENCY":"115.45",
"ABSOLUTEHEIGHT":"340",
"SIGNPT_TYPE":"Дальномер DME",
"OBJTOTEXT":"0"} },
{"type":"Feature",
"geometry": {"type": "Point","coordinates": [30.095583333,53.952805556] },"properties":{
"id":"RTS.211",
"STATUS":"Действующий",
"DBIDENT":"1016232",
"NAME":"MAHILIOU",
"ALT_NAME":"МОГИЛЕВ",
"DESIGNATOR":"MGL",
"":"",
"LATITUDE":"535710N",
"LONGITUDE":"0300544E",
"ICAO_REG":"UM",
"DECLINATION":"9",
"FREQUENCY":"116.75",
"ABSOLUTEHEIGHT":"210",
"SIGNPT_TYPE":"Совмещённый VOR/DME",
"OBJTOTEXT":"0",
"MAGVAR":"9"} },
{"type":"Feature",
"geometry": {"type": "Point","coordinates": [29.191666667,52.037222222] },"properties":{
"id":"RTS.212",
"STATUS":"Действующий",
"DBIDENT":"1016233",
"NAME":"MAZYR",
"DESIGNATOR":"MZR",
"":"",
"LATITUDE":"520214N",
"LONGITUDE":"0291130E",
"ICAO_REG":"UM",
"":"",
"FREQUENCY":"116.45",
"ABSOLUTEHEIGHT":"210",
"SIGNPT_TYPE":"Дальномер DME",
"OBJTOTEXT":"0"} },
{"type":"Feature",
"geometry": {"type": "Point","coordinates": [26.130000000,52.153611111] },"properties":{
"id":"RTS.213",
"STATUS":"Действующий",
"DBIDENT":"1016236",
"NAME":"PINSK",
"ALT_NAME":"ПИНСК",
"DESIGNATOR":"PNK",
"":"",
"LATITUDE":"520913N",
"LONGITUDE":"0260748E",
"ICAO_REG":"UM",
"DECLINATION":"6",
"":"",
"FREQUENCY":"113.4",
"ABSOLUTEHEIGHT":"150",
"SIGNPT_TYPE":"Дальномер DME",
"OBJTOTEXT":"0",
"MAGVAR":"6"} },
{"type":"Feature",
"geometry": {"type": "Point","coordinates": [28.578333333,53.915000000] },"properties":{
"id":"RTS.214",
"STATUS":"Действующий",
"DBIDENT":"1016237",
"NAME":"RAVANICHSKAYA SLABADA",
"DESIGNATOR":"RVS",
"":"",
"LATITUDE":"535454N",
"LONGITUDE":"0283442E",
"ICAO_REG":"UM",
"":"",
"FREQUENCY":"113.35",
"ABSOLUTEHEIGHT":"240",
"SIGNPT_TYPE":"Дальномер DME",
"OBJTOTEXT":"0"} },
{"type":"Feature",
"geometry": {"type": "Point","coordinates": [30.359944444,55.127888889] },"properties":{
"id":"RTS.215",
"STATUS":"Действующий",
"DBIDENT":"1016239",
"NAME":"VICIEBSK",
"ALT_NAME":"ВИТЕБСК",
"DESIGNATOR":"VTB",
"":"",
"LATITUDE":"550740N",
"LONGITUDE":"0302136E",
"ICAO_REG":"UM",
"DECLINATION":"9",
"FREQUENCY":"112.7",
"ABSOLUTEHEIGHT":"210",
"SIGNPT_TYPE":"Совмещённый VOR/DME",
"OBJTOTEXT":"0",
"MAGVAR":"9"} },
{"type":"Feature",
"geometry": {"type": "Point","coordinates": [28.130277778,53.556111111] },"properties":{
"id":"RTS.216",
"STATUS":"Действующий",
"DBIDENT":"1016240",
"NAME":"ZVIAZDA",
"DESIGNATOR":"ZVD",
"":"",
"LATITUDE":"533322N",
"LONGITUDE":"0280749E",
"ICAO_REG":"UM",
"":"",
"FREQUENCY":"115.05",
"ABSOLUTEHEIGHT":"240",
"SIGNPT_TYPE":"Дальномер DME",
"OBJTOTEXT":"0"} },
{"type":"Feature",
"geometry": {"type": "Point","coordinates": [26.675555556,55.947222222] },"properties":{
"id":"RTS.217",
"STATUS":"Действующий",
"DBIDENT":"1016790",
"NAME":"DAUGAVPILS",
"DESIGNATOR":"DGP",
"":"",
"LATITUDE":"555650N",
"LONGITUDE":"0264032E",
"ICAO_REG":"EV",
"DECLINATION":"6",
"FREQUENCY":"114.1",
"ABSOLUTEHEIGHT":"120",
"SIGNPT_TYPE":"Совмещённый VOR/DME",
"OBJTOTEXT":"0",
"MAGVAR":"6"} },
{"type":"Feature",
"geometry": {"type": "Point","coordinates": [21.084750000,56.512777778] },"properties":{
"id":"RTS.218",
"STATUS":"Действующий",
"DBIDENT":"1016791",
"NAME":"LIEPAJA",
"DESIGNATOR":"LEP",
"":"",
"LATITUDE":"563046N",
"LONGITUDE":"0210505E",
"ICAO_REG":"EV",
"DECLINATION":"6",
"FREQUENCY":"116.95",
"ABSOLUTEHEIGHT":"30",
"SIGNPT_TYPE":"Совмещённый VOR/DME",
"OBJTOTEXT":"0",
"MAGVAR":"6"} },
{"type":"Feature",
"geometry": {"type": "Point","coordinates": [23.965194444,56.920861111] },"properties":{
"id":"RTS.219",
"STATUS":"Действующий",
"DBIDENT":"1016792",
"NAME":"RIGA",
"ALT_NAME":"RIGA",
"DESIGNATOR":"RIA",
"":"",
"LATITUDE":"565515N",
"LONGITUDE":"0235755E",
"ICAO_REG":"EV",
"DECLINATION":"10",
"FREQUENCY":"114",
"ABSOLUTEHEIGHT":"30",
"SIGNPT_TYPE":"Совмещённый VOR/DME",
"OBJTOTEXT":"0",
"MAGVAR":"10"} },
{"type":"Feature",
"geometry": {"type": "Point","coordinates": [23.239972222,56.930583333] },"properties":{
"id":"RTS.220",
"STATUS":"Действующий",
"DBIDENT":"1016793",
"NAME":"SMARDE",
"DESIGNATOR":"TUK",
"":"",
"LATITUDE":"565550N",
"LONGITUDE":"0231424E",
"ICAO_REG":"EV",
"DECLINATION":"7",
"FREQUENCY":"112.3",
"ABSOLUTEHEIGHT":"60",
"SIGNPT_TYPE":"Совмещённый VOR/DME",
"OBJTOTEXT":"0",
"MAGVAR":"7"} },
{"type":"Feature",
"geometry": {"type": "Point","coordinates": [26.352222222,56.773333333] },"properties":{
"id":"RTS.221",
"STATUS":"Действующий",
"DBIDENT":"1016794",
"NAME":"TRAKSHI",
"DESIGNATOR":"LBN",
"":"",
"LATITUDE":"564624N",
"LONGITUDE":"0262108E",
"ICAO_REG":"EV",
"DECLINATION":"10",
"FREQUENCY":"112.9",
"ABSOLUTEHEIGHT":"90",
"SIGNPT_TYPE":"Совмещённый VOR/DME",
"OBJTOTEXT":"0",
"MAGVAR":"10"} },
{"type":"Feature",
"geometry": {"type": "Point","coordinates": [21.527166667,57.344888889] },"properties":{
"id":"RTS.222",
"STATUS":"Действующий",
"DBIDENT":"1016795",
"NAME":"VENTSPILS",
"DESIGNATOR":"VEN",
"":"",
"LATITUDE":"572042N",
"LONGITUDE":"0213138E",
"ICAO_REG":"EV",
"DECLINATION":"8",
"FREQUENCY":"117.85",
"ABSOLUTEHEIGHT":"0",
"SIGNPT_TYPE":"Совмещённый VOR/DME",
"OBJTOTEXT":"0",
"MAGVAR":"8"} },
{"type":"Feature",
"geometry": {"type": "Point","coordinates": [24.066416667,54.960388889] },"properties":{
"id":"RTS.223",
"STATUS":"Действующий",
"DBIDENT":"1016950",
"NAME":"KAUNAS",
"ALT_NAME":"КАУНАС",
"DESIGNATOR":"KNA",
"":"",
"LATITUDE":"545737N",
"LONGITUDE":"0240359E",
"ICAO_REG":"EY",
"DECLINATION":"8",
"FREQUENCY":"114.4",
"ABSOLUTEHEIGHT":"90",
"SIGNPT_TYPE":"Совмещённый VOR/DME",
"OBJTOTEXT":"0",
"MAGVAR":"8"} },
{"type":"Feature",
"geometry": {"type": "Point","coordinates": [21.086944444,55.956666667] },"properties":{
"id":"RTS.224",
"STATUS":"Действующий",
"DBIDENT":"1016955",
"NAME":"PALANGA",
"ALT_NAME":"ПАЛАНГА",
"DESIGNATOR":"PLG",
"":"",
"LATITUDE":"555724N",
"LONGITUDE":"0210513E",
"ICAO_REG":"EY",
"DECLINATION":"9",
"":"",
"FREQUENCY":"114.8",
"ABSOLUTEHEIGHT":"30",
"SIGNPT_TYPE":"Дальномер DME",
"OBJTOTEXT":"0",
"MAGVAR":"9"} },
{"type":"Feature",
"geometry": {"type": "Point","coordinates": [23.416388889,55.879055556] },"properties":{
"id":"RTS.225",
"STATUS":"Действующий",
"DBIDENT":"1016956",
"NAME":"SIAULIAI",
"DESIGNATOR":"SAU",
"":"",
"LATITUDE":"555245N",
"LONGITUDE":"0232459E",
"ICAO_REG":"EY",
"DECLINATION":"10",
"FREQUENCY":"115.2",
"ABSOLUTEHEIGHT":"150",
"SIGNPT_TYPE":"Совмещённый VOR/DME",
"OBJTOTEXT":"0",
"MAGVAR":"10"} },
{"type":"Feature",
"geometry": {"type": "Point","coordinates": [25.293638889,54.636055556] },"properties":{
"id":"RTS.226",
"STATUS":"Действующий",
"DBIDENT":"1016957",
"NAME":"VILNIUS",
"ALT_NAME":"VILNIUS",
"DESIGNATOR":"VNO",
"":"",
"LATITUDE":"543810N",
"LONGITUDE":"0251737E",
"ICAO_REG":"EY",
"DECLINATION":"8",
"FREQUENCY":"113.8",
"ABSOLUTEHEIGHT":"210",
"SIGNPT_TYPE":"Совмещённый VOR/DME",
"OBJTOTEXT":"0",
"MAGVAR":"8"} },
{"type":"Feature",
"geometry": {"type": "Point","coordinates": [22.515277778,58.228333333] },"properties":{
"id":"RTS.227",
"STATUS":"Действующий",
"DBIDENT":"1017089",
"NAME":"KURESSAARE",
"DESIGNATOR":"KRS",
"":"",
"LATITUDE":"581342N",
"LONGITUDE":"0223055E",
"ICAO_REG":"EE",
"DECLINATION":"8",
"":"",
"FREQUENCY":"112.4",
"ABSOLUTEHEIGHT":"30",
"SIGNPT_TYPE":"Дальномер DME",
"OBJTOTEXT":"0",
"MAGVAR":"8"} },
{"type":"Feature",
"geometry": {"type": "Point","coordinates": [32.886666667,51.065000000] },"properties":{
"id":"RTS.228",
"STATUS":"Действующий",
"DBIDENT":"1018284",
"NAME":"BAKHMACH",
"DESIGNATOR":"BAH",
"":"",
"LATITUDE":"510354N",
"LONGITUDE":"0325312E",
"ICAO_REG":"UK",
"":"",
"FREQUENCY":"116.7",
"ABSOLUTEHEIGHT":"159",
"SIGNPT_TYPE":"Дальномер DME",
"OBJTOTEXT":"0"} },
{"type":"Feature",
"geometry": {"type": "Point","coordinates": [30.892222222,50.628611111] },"properties":{
"id":"RTS.229",
"STATUS":"Действующий",
"DBIDENT":"1018286",
"NAME":"BOHDANIVKA",
"DESIGNATOR":"BO",
"":"",
"LATITUDE":"503743N",
"LONGITUDE":"0305332E",
"ICAO_REG":"UK",
"DECLINATION":"9",
"FREQUENCY":"0.00129",
"ABSOLUTEHEIGHT":"0",
"SIGNPT_TYPE":"Маяк NDB",
"OBJTOTEXT":"0",
"MAGVAR":"9"} },
{"type":"Feature",
"geometry": {"type": "Point","coordinates": [30.900972222,50.285694444] },"properties":{
"id":"RTS.230",
"STATUS":"Действующий",
"DBIDENT":"1018287",
"NAME":"KYIV/BORYSPIL",
"ALT_NAME":"BORYSPIL",
"DESIGNATOR":"BRP",
"":"",
"LATITUDE":"501708N",
"LONGITUDE":"0305403E",
"ICAO_REG":"UK",
"DECLINATION":"7",
"FREQUENCY":"115.9",
"ABSOLUTEHEIGHT":"0",
"SIGNPT_TYPE":"Совмещённый VOR/DME",
"OBJTOTEXT":"0",
"MAGVAR":"7"} },
{"type":"Feature",
"geometry": {"type": "Point","coordinates": [31.392222222,50.068333333] },"properties":{
"id":"RTS.231",
"STATUS":"Действующий",
"DBIDENT":"1018288",
"NAME":"CHERVONYI",
"ALT_NAME":"CHERVONYI",
"DESIGNATOR":"CY",
"":"",
"LATITUDE":"500406N",
"LONGITUDE":"0312332E",
"ICAO_REG":"UK",
"DECLINATION":"8",
"FREQUENCY":"0.96",
"ABSOLUTEHEIGHT":"0",
"SIGNPT_TYPE":"Маяк NDB",
"OBJTOTEXT":"0",
"MAGVAR":"8"} },
{"type":"Feature",
"geometry": {"type": "Point","coordinates": [24.691388889,48.884166667] },"properties":{
"id":"RTS.232",
"STATUS":"Действующий",
"DBIDENT":"1018290",
"NAME":"IVANO-FRANKIVSK",
"DESIGNATOR":"IVF",
"":"",
"LATITUDE":"485303N",
"LONGITUDE":"0244129E",
"ICAO_REG":"UK",
"DECLINATION":"6",
"FREQUENCY":"114.2",
"ABSOLUTEHEIGHT":"0",
"SIGNPT_TYPE":"Совмещённый VOR/DME",
"OBJTOTEXT":"0",
"MAGVAR":"6"} },
{"type":"Feature",
"geometry": {"type": "Point","coordinates": [36.290444444,49.928916667] },"properties":{
"id":"RTS.233",
"STATUS":"Действующий",
"DBIDENT":"1018292",
"NAME":"KHARKIV",
"ALT_NAME":"KHARKIV",
"DESIGNATOR":"KHR",
"":"",
"LATITUDE":"495544N",
"LONGITUDE":"0361726E",
"ICAO_REG":"UK",
"DECLINATION":"10",
"FREQUENCY":"116.5",
"ABSOLUTEHEIGHT":"0",
"SIGNPT_TYPE":"Совмещённый VOR/DME",
"OBJTOTEXT":"0",
"MAGVAR":"10"} },
{"type":"Feature",
"geometry": {"type": "Point","coordinates": [30.977777778,50.946111111] },"properties":{
"id":"RTS.234",
"STATUS":"Действующий",
"DBIDENT":"1018293",
"NAME":"KOSHANY",
"DESIGNATOR":"KSN",
"":"",
"LATITUDE":"505646N",
"LONGITUDE":"0305840E",
"ICAO_REG":"UK",
"DECLINATION":"7",
"":"",
"FREQUENCY":"108.6",
"ABSOLUTEHEIGHT":"147",
"SIGNPT_TYPE":"Дальномер DME",
"OBJTOTEXT":"0",
"MAGVAR":"7"} },
{"type":"Feature",
"geometry": {"type": "Point","coordinates": [32.291916667,48.544583333] },"properties":{
"id":"RTS.235",
"STATUS":"Действующий",
"DBIDENT":"1018294",
"NAME":"KIROVOHRAD",
"DESIGNATOR":"KVH",
"":"",
"LATITUDE":"483240N",
"LONGITUDE":"0321731E",
"ICAO_REG":"UK",
"DECLINATION":"7",
"FREQUENCY":"114.9",
"ABSOLUTEHEIGHT":"0",
"SIGNPT_TYPE":"Совмещённый VOR/DME",
"OBJTOTEXT":"0",
"MAGVAR":"7"} },
{"type":"Feature",
"geometry": {"type": "Point","coordinates": [33.212222222,48.051111111] },"properties":{
"id":"RTS.236",
"STATUS":"Действующий",
"DBIDENT":"1018295",
"NAME":"KRYVYI RIH",
"ALT_NAME":"КРИВОЙ РОГ",
"DESIGNATOR":"KVR",
"":"",
"LATITUDE":"480304N",
"LONGITUDE":"0331244E",
"ICAO_REG":"UK",
"":"",
"FREQUENCY":"116",
"ABSOLUTEHEIGHT":"131",
"SIGNPT_TYPE":"Дальномер DME",
"OBJTOTEXT":"0"} },
{"type":"Feature",
"geometry": {"type": "Point","coordinates": [23.951388889,49.811944444] },"properties":{
"id":"RTS.237",
"STATUS":"Действующий",
"DBIDENT":"1018296",
"NAME":"LVIV",
"DESIGNATOR":"LIV",
"":"",
"LATITUDE":"494843N",
"LONGITUDE":"0235705E",
"ICAO_REG":"UK",
"DECLINATION":"6",
"FREQUENCY":"115.5",
"ABSOLUTEHEIGHT":"0",
"SIGNPT_TYPE":"Совмещённый VOR/DME",
"OBJTOTEXT":"0",
"MAGVAR":"6"} },
{"type":"Feature",
"geometry": {"type": "Point","coordinates": [30.669722222,46.426111111] },"properties":{
"id":"RTS.238",
"STATUS":"Действующий",
"DBIDENT":"1018297",
"NAME":"ODESSA",
"ALT_NAME":"ОДЕССА",
"DESIGNATOR":"ODA",
"":"",
"LATITUDE":"462534N",
"LONGITUDE":"0304011E",
"ICAO_REG":"UK",
"DECLINATION":"5",
"FREQUENCY":"114.35",
"ABSOLUTEHEIGHT":"61",
"SIGNPT_TYPE":"Совмещённый VOR/DME",
"OBJTOTEXT":"0",
"MAGVAR":"5"} },
{"type":"Feature",
"geometry": {"type": "Point","coordinates": [26.145277778,50.608888889] },"properties":{
"id":"RTS.239",
"STATUS":"Действующий",
"DBIDENT":"1018299",
"NAME":"RIVNE",
"DESIGNATOR":"RVN",
"":"",
"LATITUDE":"503632N",
"LONGITUDE":"0260843E",
"ICAO_REG":"UK",
"DECLINATION":"6",
"":"",
"FREQUENCY":"114.65",
"ABSOLUTEHEIGHT":"241",
"SIGNPT_TYPE":"Дальномер DME",
"OBJTOTEXT":"0",
"MAGVAR":"6"} },
{"type":"Feature",
"geometry": {"type": "Point","coordinates": [29.570138889,50.186805556] },"properties":{
"id":"RTS.240",
"STATUS":"Действующий",
"DBIDENT":"1018300",
"NAME":"SOLOVIIVKA",
"DESIGNATOR":"SLV",
"":"",
"LATITUDE":"501112N",
"LONGITUDE":"0293412E",
"ICAO_REG":"UK",
"DECLINATION":"7",
"FREQUENCY":"113.3",
"ABSOLUTEHEIGHT":"205",
"SIGNPT_TYPE":"Совмещённый VOR/DME",
"OBJTOTEXT":"0",
"MAGVAR":"7"} },
{"type":"Feature",
"geometry": {"type": "Point","coordinates": [22.508888889,48.521111111] },"properties":{
"id":"RTS.241",
"STATUS":"Действующий",
"DBIDENT":"1018301",
"NAME":"SEREDNIE",
"DESIGNATOR":"SR",
"":"",
"LATITUDE":"483116N",
"LONGITUDE":"0223032E",
"ICAO_REG":"UK",
"DECLINATION":"7",
"FREQUENCY":"0.69",
"ABSOLUTEHEIGHT":"0",
"SIGNPT_TYPE":"Маяк NDB",
"OBJTOTEXT":"0",
"MAGVAR":"7"} },
{"type":"Feature",
"geometry": {"type": "Point","coordinates": [31.076666667,49.405277778] },"properties":{
"id":"RTS.242",
"STATUS":"Действующий",
"DBIDENT":"1018302",
"NAME":"STEBLIV",
"DESIGNATOR":"STB",
"":"",
"LATITUDE":"492419N",
"LONGITUDE":"0310436E",
"ICAO_REG":"UK",
"":"",
"FREQUENCY":"113",
"ABSOLUTEHEIGHT":"147",
"SIGNPT_TYPE":"Дальномер DME",
"OBJTOTEXT":"0"} },
{"type":"Feature",
"geometry": {"type": "Point","coordinates": [25.698333333,49.522777778] },"properties":{
"id":"RTS.243",
"STATUS":"Действующий",
"DBIDENT":"1018303",
"NAME":"TERNOPIL",
"DESIGNATOR":"TER",
"":"",
"LATITUDE":"493122N",
"LONGITUDE":"0254154E",
"ICAO_REG":"UK",
"":"",
"FREQUENCY":"115.25",
"ABSOLUTEHEIGHT":"330",
"SIGNPT_TYPE":"Дальномер DME",
"OBJTOTEXT":"0"} },
{"type":"Feature",
"geometry": {"type": "Point","coordinates": [22.260555556,48.632777778] },"properties":{
"id":"RTS.244",
"STATUS":"Действующий",
"DBIDENT":"1018304",
"NAME":"UZHHOROD",
"DESIGNATOR":"UZH",
"":"",
"LATITUDE":"483758N",
"LONGITUDE":"0221538E",
"ICAO_REG":"UK",
"DECLINATION":"6",
"":"",
"FREQUENCY":"115.65",
"ABSOLUTEHEIGHT":"126",
"SIGNPT_TYPE":"Дальномер DME",
"OBJTOTEXT":"0",
"MAGVAR":"6"} },
{"type":"Feature",
"geometry": {"type": "Point","coordinates": [23.044444444,48.940833333] },"properties":{
"id":"RTS.245",
"STATUS":"Действующий",
"DBIDENT":"1018305",
"NAME":"VERHNIE",
"DESIGNATOR":"VI",
"":"",
"LATITUDE":"485627N",
"LONGITUDE":"0230240E",
"ICAO_REG":"UK",
"DECLINATION":"7",
"FREQUENCY":"0.334",
"ABSOLUTEHEIGHT":"0",
"SIGNPT_TYPE":"Маяк NDB",
"OBJTOTEXT":"0",
"MAGVAR":"7"} },
{"type":"Feature",
"geometry": {"type": "Point","coordinates": [28.620833333,49.240000000] },"properties":{
"id":"RTS.246",
"STATUS":"Действующий",
"DBIDENT":"1018306",
"NAME":"VINNYTSIA",
"DESIGNATOR":"VIN",
"":"",
"LATITUDE":"491424N",
"LONGITUDE":"0283715E",
"ICAO_REG":"UK",
"":"",
"FREQUENCY":"113.9",
"ABSOLUTEHEIGHT":"303",
"SIGNPT_TYPE":"Дальномер DME",
"OBJTOTEXT":"0"} },
{"type":"Feature",
"geometry": {"type": "Point","coordinates": [31.794444444,50.265000000] },"properties":{
"id":"RTS.247",
"STATUS":"Действующий",
"DBIDENT":"1018307",
"NAME":"YAHOTYN",
"DESIGNATOR":"YHT",
"":"",
"LATITUDE":"501554N",
"LONGITUDE":"0314740E",
"ICAO_REG":"UK",
"":"",
"FREQUENCY":"117",
"ABSOLUTEHEIGHT":"138",
"SIGNPT_TYPE":"Дальномер DME",
"OBJTOTEXT":"0"} },
{"type":"Feature",
"geometry": {"type": "Point","coordinates": [37.672500000,55.900492722] },"properties":{
"id":"RTS.248",
"STATUS":"Действующий",
"DBIDENT":"1742684",
"NAME":"CHELOBITYEVO",
"ALT_NAME":"ЧЕЛОБИТЬЕВО",
"DESIGNATOR":"BP",
"":"",
"LATITUDE":"555402N",
"LONGITUDE":"0374021E",
"ICAO_REG":"UX",
"DECLINATION":"11.5",
"FREQUENCY":"0.68",
"ABSOLUTEHEIGHT":"0",
"SIGNPT_TYPE":"Маяк NDB",
"OBJTOTEXT":"0",
"MAGVAR":"12"} },
{"type":"Feature",
"geometry": {"type": "Point","coordinates": [43.650277778,42.089722222] },"properties":{
"id":"RTS.249",
"STATUS":"Действующий",
"DBIDENT":"1745486",
"NAME":"ALI",
"ALT_NAME":"АЛИ",
"DESIGNATOR":"BT",
"":"",
"LATITUDE":"420523N",
"LONGITUDE":"0433901E",
"ICAO_REG":"UG",
"DECLINATION":"6.9",
"FREQUENCY":"0.353",
"ABSOLUTEHEIGHT":"0",
"SIGNPT_TYPE":"Маяк NDB",
"OBJTOTEXT":"0",
"MAGVAR":"7"} },
{"type":"Feature",
"geometry": {"type": "Point","coordinates": [43.543333333,41.694722222] },"properties":{
"id":"RTS.250",
"STATUS":"Действующий",
"DBIDENT":"1745487",
"NAME":"BAKURIANI",
"ALT_NAME":"БАКУРИАНИ",
"DESIGNATOR":"BKU",
"":"",
"LATITUDE":"414141N",
"LONGITUDE":"0433236E",
"ICAO_REG":"UG",
"":"",
"FREQUENCY":"110.6",
"ABSOLUTEHEIGHT":"2740",
"SIGNPT_TYPE":"Дальномер DME",
"OBJTOTEXT":"0"} },
{"type":"Feature",
"geometry": {"type": "Point","coordinates": [41.601666667,41.606388889] },"properties":{
"id":"RTS.251",
"STATUS":"Действующий",
"DBIDENT":"1745488",
"NAME":"BATUMI",
"ALT_NAME":"БАТУМИ",
"DESIGNATOR":"BTM",
"":"",
"LATITUDE":"413623N",
"LONGITUDE":"0413606E",
"ICAO_REG":"UG",
"":"",
"FREQUENCY":"108.4",
"ABSOLUTEHEIGHT":"30",
"SIGNPT_TYPE":"Дальномер DME",
"OBJTOTEXT":"0"} },
{"type":"Feature",
"geometry": {"type": "Point","coordinates": [41.614138889,41.601277778] },"properties":{
"id":"RTS.252",
"STATUS":"Действующий",
"DBIDENT":"1745489",
"NAME":"BATUMI",
"ALT_NAME":"БАТУМИ",
"DESIGNATOR":"LU",
"":"",
"LATITUDE":"413605N",
"LONGITUDE":"0413651E",
"ICAO_REG":"UG",
"DECLINATION":"6.7",
"FREQUENCY":"0.43",
"ABSOLUTEHEIGHT":"0",
"SIGNPT_TYPE":"Маяк NDB",
"OBJTOTEXT":"0",
"MAGVAR":"7"} },
{"type":"Feature",
"geometry": {"type": "Point","coordinates": [44.496111111,42.491666667] },"properties":{
"id":"RTS.253",
"STATUS":"Действующий",
"DBIDENT":"1745490",
"NAME":"GUDAURI",
"ALT_NAME":"ГУДАУРИ",
"DESIGNATOR":"GUD",
"":"",
"LATITUDE":"422930N",
"LONGITUDE":"0442946E",
"ICAO_REG":"UG",
"":"",
"FREQUENCY":"110.8",
"ABSOLUTEHEIGHT":"2710",
"SIGNPT_TYPE":"Дальномер DME",
"OBJTOTEXT":"0"} },
{"type":"Feature",
"geometry": {"type": "Point","coordinates": [42.484805556,42.175722222] },"properties":{
"id":"RTS.254",
"STATUS":"Действующий",
"DBIDENT":"1745491",
"NAME":"KUTAISI",
"ALT_NAME":"КУТАИСИ",
"DESIGNATOR":"KTS",
"":"",
"LATITUDE":"421033N",
"LONGITUDE":"0422905E",
"ICAO_REG":"UG",
"DECLINATION":"7",
"FREQUENCY":"113.6",
"ABSOLUTEHEIGHT":"60",
"SIGNPT_TYPE":"Совмещённый VOR/DME",
"OBJTOTEXT":"0",
"MAGVAR":"7"} },
{"type":"Feature",
"geometry": {"type": "Point","coordinates": [44.565555556,41.916666667] },"properties":{
"id":"RTS.255",
"STATUS":"Действующий",
"DBIDENT":"1745492",
"NAME":"MUKHRANI",
"ALT_NAME":"МУХРАНИ",
"DESIGNATOR":"DF",
"":"",
"LATITUDE":"415500N",
"LONGITUDE":"0443356E",
"ICAO_REG":"UG",
"DECLINATION":"6.9",
"FREQUENCY":"0.52",
"ABSOLUTEHEIGHT":"0",
"SIGNPT_TYPE":"Маяк NDB",
"OBJTOTEXT":"0",
"MAGVAR":"7"} },
{"type":"Feature",
"geometry": {"type": "Point","coordinates": [41.697222222,42.161666667] },"properties":{
"id":"RTS.256",
"STATUS":"Действующий",
"DBIDENT":"1745493",
"NAME":"POTI",
"ALT_NAME":"ПОТИ",
"DESIGNATOR":"PTI",
"":"",
"LATITUDE":"420942N",
"LONGITUDE":"0414150E",
"ICAO_REG":"UG",
"":"",
"FREQUENCY":"111",
"ABSOLUTEHEIGHT":"30",
"SIGNPT_TYPE":"Дальномер DME",
"OBJTOTEXT":"0"} },
{"type":"Feature",
"geometry": {"type": "Point","coordinates": [44.946888889,41.670472222] },"properties":{
"id":"RTS.257",
"STATUS":"Действующий",
"DBIDENT":"1745494",
"NAME":"TBILISI",
"ALT_NAME":"ТБИЛИСИ",
"DESIGNATOR":"TBS",
"":"",
"LATITUDE":"414014N",
"LONGITUDE":"0445649E",
"ICAO_REG":"UG",
"DECLINATION":"7",
"FREQUENCY":"113.7",
"ABSOLUTEHEIGHT":"520",
"SIGNPT_TYPE":"Совмещённый VOR/DME",
"OBJTOTEXT":"0",
"MAGVAR":"7"} },
{"type":"Feature",
"geometry": {"type": "Point","coordinates": [46.015555556,41.629444444] },"properties":{
"id":"RTS.258",
"STATUS":"Действующий",
"DBIDENT":"1745495",
"NAME":"TSNORI",
"ALT_NAME":"ЦНОРИ",
"DESIGNATOR":"TSN",
"":"",
"LATITUDE":"413746N",
"LONGITUDE":"0460056E",
"ICAO_REG":"UG",
"":"",
"FREQUENCY":"108.6",
"ABSOLUTEHEIGHT":"240",
"SIGNPT_TYPE":"Дальномер DME",
"OBJTOTEXT":"0"} },
{"type":"Feature",
"geometry": {"type": "Point","coordinates": [50.063972222,40.420777778] },"properties":{
"id":"RTS.259",
"STATUS":"Действующий",
"DBIDENT":"1745654",
"NAME":"BAKU",
"ALT_NAME":"БАКУ",
"DESIGNATOR":"BAK",
"":"",
"LATITUDE":"402515N",
"LONGITUDE":"0500350E",
"ICAO_REG":"UB",
"DECLINATION":"6",
"FREQUENCY":"115",
"ABSOLUTEHEIGHT":"30",
"SIGNPT_TYPE":"Совмещённый VOR/DME",
"OBJTOTEXT":"0",
"MAGVAR":"6"} },
{"type":"Feature",
"geometry": {"type": "Point","coordinates": [47.718277778,40.832388889] },"properties":{
"id":"RTS.260",
"STATUS":"Действующий",
"DBIDENT":"1745655",
"NAME":"GABALA",
"ALT_NAME":"ГАБАЛА",
"DESIGNATOR":"QBL",
"":"",
"LATITUDE":"404957N",
"LONGITUDE":"0474306E",
"ICAO_REG":"UB",
"DECLINATION":"6",
"FREQUENCY":"112.5",
"ABSOLUTEHEIGHT":"400",
"SIGNPT_TYPE":"Совмещённый VOR/DME",
"OBJTOTEXT":"0",
"MAGVAR":"6"} },
{"type":"Feature",
"geometry": {"type": "Point","coordinates": [46.295500000,40.753527778] },"properties":{
"id":"RTS.261",
"STATUS":"Действующий",
"DBIDENT":"1745656",
"NAME":"GANJA",
"ALT_NAME":"ГЯНДЖА",
"DESIGNATOR":"GND",
"":"",
"LATITUDE":"404513N",
"LONGITUDE":"0461744E",
"ICAO_REG":"UB",
"DECLINATION":"6",
"FREQUENCY":"115.8",
"ABSOLUTEHEIGHT":"340",
"SIGNPT_TYPE":"Совмещённый VOR/DME",
"OBJTOTEXT":"0",
"MAGVAR":"6"} },
{"type":"Feature",
"geometry": {"type": "Point","coordinates": [45.440944444,39.201638889] },"properties":{
"id":"RTS.262",
"STATUS":"Действующий",
"DBIDENT":"1745657",
"NAME":"NAKHCHIVAN",
"ALT_NAME":"НАХИЧЕВАНЬ",
"DESIGNATOR":"NAX",
"":"",
"LATITUDE":"391206N",
"LONGITUDE":"0452627E",
"ICAO_REG":"UB",
"DECLINATION":"6",
"FREQUENCY":"116.5",
"ABSOLUTEHEIGHT":"880",
"SIGNPT_TYPE":"Совмещённый VOR/DME",
"OBJTOTEXT":"0",
"MAGVAR":"6"} },
{"type":"Feature",
"geometry": {"type": "Point","coordinates": [77.095027778,52.209611111] },"properties":{
"id":"RTS.263",
"STATUS":"Действующий",
"DBIDENT":"1747430",
"NAME":"PAVLODAR",
"ALT_NAME":"ПАВЛОДАР",
"DESIGNATOR":"PVL",
"":"",
"LATITUDE":"521235N",
"LONGITUDE":"0770542E",
"ICAO_REG":"UA",
"DECLINATION":"9",
"FREQUENCY":"114",
"ABSOLUTEHEIGHT":"150",
"SIGNPT_TYPE":"Совмещённый VOR/DME",
"OBJTOTEXT":"0",
"MAGVAR":"9"} },
{"type":"Feature",
"geometry": {"type": "Point","coordinates": [69.219083333,54.784138889] },"properties":{
"id":"RTS.264",
"STATUS":"Действующий",
"DBIDENT":"1747458",
"NAME":"PETROPAVLOVSK",
"ALT_NAME":"ПЕТРОПАВЛОВСК",
"DESIGNATOR":"PSK",
"":"",
"LATITUDE":"544703N",
"LONGITUDE":"0691309E",
"ICAO_REG":"UA",
"DECLINATION":"12",
"FREQUENCY":"112.5",
"ABSOLUTEHEIGHT":"150",
"SIGNPT_TYPE":"Совмещённый VOR/DME",
"OBJTOTEXT":"0",
"MAGVAR":"12"} },
{"type":"Feature",
"geometry": {"type": "Point","coordinates": [80.243750000,50.349638889] },"properties":{
"id":"RTS.265",
"STATUS":"Действующий",
"DBIDENT":"1747461",
"NAME":"SEMEY",
"ALT_NAME":"СЕМЕЙ",
"DESIGNATOR":"SEM",
"":"",
"LATITUDE":"502059N",
"LONGITUDE":"0801438E",
"ICAO_REG":"UA",
"DECLINATION":"7",
"FREQUENCY":"115.3",
"ABSOLUTEHEIGHT":"210",
"SIGNPT_TYPE":"Совмещённый VOR/DME",
"OBJTOTEXT":"0",
"MAGVAR":"7"} },
{"type":"Feature",
"geometry": {"type": "Point","coordinates": [69.441833333,42.372333333] },"properties":{
"id":"RTS.266",
"STATUS":"Действующий",
"DBIDENT":"1747469",
"NAME":"SHYMKENT",
"ALT_NAME":"ШЫМКЕНТ",
"DESIGNATOR":"SMK",
"":"",
"LATITUDE":"422220N",
"LONGITUDE":"0692631E",
"ICAO_REG":"UA",
"DECLINATION":"6",
"FREQUENCY":"113",
"ABSOLUTEHEIGHT":"430",
"SIGNPT_TYPE":"Совмещённый VOR/DME",
"OBJTOTEXT":"0",
"MAGVAR":"6"} },
{"type":"Feature",
"geometry": {"type": "Point","coordinates": [78.429888889,45.106194444] },"properties":{
"id":"RTS.267",
"STATUS":"Действующий",
"DBIDENT":"1747475",
"NAME":"TALDYKORGAN",
"ALT_NAME":"ТАЛДЫКОРГАН",
"DESIGNATOR":"TDK",
"":"",
"LATITUDE":"450622N",
"LONGITUDE":"0782548E",
"ICAO_REG":"UA",
"DECLINATION":"5",
"FREQUENCY":"116.1",
"ABSOLUTEHEIGHT":"610",
"SIGNPT_TYPE":"Совмещённый VOR/DME",
"OBJTOTEXT":"0",
"MAGVAR":"5"} },
{"type":"Feature",
"geometry": {"type": "Point","coordinates": [71.281694444,42.870555556] },"properties":{
"id":"RTS.268",
"STATUS":"Действующий",
"DBIDENT":"1747482",
"NAME":"TARAZ",
"ALT_NAME":"ТАРАЗ",
"DESIGNATOR":"TAR",
"":"",
"LATITUDE":"425214N",
"LONGITUDE":"0711654E",
"ICAO_REG":"UA",
"DECLINATION":"6",
"FREQUENCY":"115.9",
"ABSOLUTEHEIGHT":"670",
"SIGNPT_TYPE":"Совмещённый VOR/DME",
"OBJTOTEXT":"0",
"MAGVAR":"6"} },
{"type":"Feature",
"geometry": {"type": "Point","coordinates": [68.579444444,43.325555556] },"properties":{
"id":"RTS.269",
"STATUS":"Действующий",
"DBIDENT":"1747486",
"NAME":"TURKISTAN",
"ALT_NAME":"ТУРКЕСТАН",
"DESIGNATOR":"TRK",
"":"",
"LATITUDE":"431932N",
"LONGITUDE":"0683446E",
"ICAO_REG":"UA",
"DECLINATION":"6",
"FREQUENCY":"114.6",
"ABSOLUTEHEIGHT":"300",
"SIGNPT_TYPE":"Совмещённый VOR/DME",
"OBJTOTEXT":"0",
"MAGVAR":"6"} },
{"type":"Feature",
"geometry": {"type": "Point","coordinates": [51.543777778,51.148666667] },"properties":{
"id":"RTS.270",
"STATUS":"Действующий",
"DBIDENT":"1747490",
"NAME":"URALSK",
"ALT_NAME":"УРАЛЬСК",
"DESIGNATOR":"URL",
"":"",
"LATITUDE":"510855N",
"LONGITUDE":"0513238E",
"ICAO_REG":"UA",
"DECLINATION":"11",
"FREQUENCY":"114.2",
"ABSOLUTEHEIGHT":"60",
"SIGNPT_TYPE":"Совмещённый VOR/DME",
"OBJTOTEXT":"0",
"MAGVAR":"11"} },
{"type":"Feature",
"geometry": {"type": "Point","coordinates": [81.659111111,47.092833333] },"properties":{
"id":"RTS.271",
"STATUS":"Действующий",
"DBIDENT":"1747498",
"NAME":"URDZHAR",
"ALT_NAME":"УРДЖАР",
"DESIGNATOR":"UGN",
"":"",
"LATITUDE":"470534N",
"LONGITUDE":"0813933E",
"ICAO_REG":"UA",
"DECLINATION":"5.4",
"FREQUENCY":"0.46",
"ABSOLUTEHEIGHT":"0",
"SIGNPT_TYPE":"Маяк NDB",
"OBJTOTEXT":"0",
"MAGVAR":"5"} },
{"type":"Feature",
"geometry": {"type": "Point","coordinates": [82.508638889,50.032777778] },"properties":{
"id":"RTS.272",
"STATUS":"Действующий",
"DBIDENT":"1747508",
"NAME":"UST-KAMENOGORSK",
"ALT_NAME":"УСТЬ-КАМЕНОГОРСК",
"DESIGNATOR":"UKM",
"":"",
"LATITUDE":"500158N",
"LONGITUDE":"0823031E",
"ICAO_REG":"UA",
"DECLINATION":"6.3",
"FREQUENCY":"115",
"ABSOLUTEHEIGHT":"300",
"SIGNPT_TYPE":"Совмещённый VOR/DME",
"OBJTOTEXT":"0",
"MAGVAR":"6"} },
{"type":"Feature",
"geometry": {"type": "Point","coordinates": [84.885555556,47.485000000] },"properties":{
"id":"RTS.273",
"STATUS":"Действующий",
"DBIDENT":"1747512",
"NAME":"ZAISAN",
"ALT_NAME":"ЗАЙСАН",
"DESIGNATOR":"ZSN",
"":"",
"LATITUDE":"472906N",
"LONGITUDE":"0845308E",
"ICAO_REG":"UA",
"DECLINATION":"4",
"FREQUENCY":"0.552",
"ABSOLUTEHEIGHT":"0",
"SIGNPT_TYPE":"Маяк NDB",
"OBJTOTEXT":"0",
"MAGVAR":"4"} },
{"type":"Feature",
"geometry": {"type": "Point","coordinates": [67.761583333,47.721416667] },"properties":{
"id":"RTS.274",
"STATUS":"Действующий",
"DBIDENT":"1747515",
"NAME":"ZHEZKAZGAN",
"ALT_NAME":"ЖЕЗКАЗГАН",
"DESIGNATOR":"DZG",
"":"",
"LATITUDE":"474317N",
"LONGITUDE":"0674542E",
"ICAO_REG":"UA",
"DECLINATION":"8",
"FREQUENCY":"113.3",
"ABSOLUTEHEIGHT":"400",
"SIGNPT_TYPE":"Совмещённый VOR/DME",
"OBJTOTEXT":"0",
"MAGVAR":"8"} },
{"type":"Feature",
"geometry": {"type": "Point","coordinates": [51.064416667,43.872305556] },"properties":{
"id":"RTS.275",
"STATUS":"Действующий",
"DBIDENT":"1747521",
"NAME":"AKTAU",
"ALT_NAME":"АКТАУ",
"DESIGNATOR":"AKT",
"":"",
"LATITUDE":"435220N",
"LONGITUDE":"0510352E",
"ICAO_REG":"UA",
"DECLINATION":"7",
"FREQUENCY":"113.3",
"ABSOLUTEHEIGHT":"30",
"SIGNPT_TYPE":"Совмещённый VOR/DME",
"OBJTOTEXT":"0",
"MAGVAR":"7"} },
{"type":"Feature",
"geometry": {"type": "Point","coordinates": [57.181888889,50.263416667] },"properties":{
"id":"RTS.276",
"STATUS":"Действующий",
"DBIDENT":"1747527",
"NAME":"AKTOBE",
"ALT_NAME":"АКТОБЕ",
"DESIGNATOR":"AKB",
"":"",
"LATITUDE":"501548N",
"LONGITUDE":"0571055E",
"ICAO_REG":"UA",
"DECLINATION":"11",
"FREQUENCY":"113.4",
"ABSOLUTEHEIGHT":"210",
"SIGNPT_TYPE":"Совмещённый VOR/DME",
"OBJTOTEXT":"0",
"MAGVAR":"11"} },
{"type":"Feature",
"geometry": {"type": "Point","coordinates": [77.085277778,43.374722222] },"properties":{
"id":"RTS.277",
"STATUS":"Действующий",
"DBIDENT":"1747532",
"NAME":"ALMATY",
"ALT_NAME":"АЛМАТЫ",
"DESIGNATOR":"ATA",
"":"",
"LATITUDE":"432229N",
"LONGITUDE":"0770507E",
"ICAO_REG":"UA",
"DECLINATION":"5",
"FREQUENCY":"116.4",
"ABSOLUTEHEIGHT":"670",
"SIGNPT_TYPE":"Совмещённый VOR/DME",
"OBJTOTEXT":"0",
"MAGVAR":"5"} },
{"type":"Feature",
"geometry": {"type": "Point","coordinates": [67.021666667,50.317777778] },"properties":{
"id":"RTS.278",
"STATUS":"Действующий",
"DBIDENT":"1747538",
"NAME":"ARKALYK",
"ALT_NAME":"АРКАЛЫК",
"DESIGNATOR":"ARK",
"":"",
"LATITUDE":"501904N",
"LONGITUDE":"0670118E",
"ICAO_REG":"UA",
"DECLINATION":"10",
"FREQUENCY":"113",
"ABSOLUTEHEIGHT":"400",
"SIGNPT_TYPE":"Совмещённый VOR/DME",
"OBJTOTEXT":"0",
"MAGVAR":"10"} },
{"type":"Feature",
"geometry": {"type": "Point","coordinates": [51.801500000,47.143944444] },"properties":{
"id":"RTS.279",
"STATUS":"Действующий",
"DBIDENT":"1747542",
"NAME":"ATYRAU",
"ALT_NAME":"АТЫРАУ",
"DESIGNATOR":"ATR",
"":"",
"LATITUDE":"470838N",
"LONGITUDE":"0514805E",
"ICAO_REG":"UA",
"DECLINATION":"9",
"FREQUENCY":"112.3",
"ABSOLUTEHEIGHT":"0",
"SIGNPT_TYPE":"Совмещённый VOR/DME",
"OBJTOTEXT":"0",
"MAGVAR":"9"} },
{"type":"Feature",
"geometry": {"type": "Point","coordinates": [80.449722222,47.931111111] },"properties":{
"id":"RTS.280",
"STATUS":"Действующий",
"DBIDENT":"1747548",
"NAME":"AYAGUZ",
"ALT_NAME":"АЯГУЗ",
"DESIGNATOR":"AGZ",
"":"",
"LATITUDE":"475552N",
"LONGITUDE":"0802659E",
"ICAO_REG":"UA",
"DECLINATION":"6",
"FREQUENCY":"113.6",
"ABSOLUTEHEIGHT":"670",
"SIGNPT_TYPE":"Совмещённый VOR/DME",
"OBJTOTEXT":"0",
"MAGVAR":"6"} },
{"type":"Feature",
"geometry": {"type": "Point","coordinates": [74.983861111,46.883166667] },"properties":{
"id":"RTS.281",
"STATUS":"Действующий",
"DBIDENT":"1747553",
"NAME":"BALKHASH",
"ALT_NAME":"БАЛХАШ",
"DESIGNATOR":"BLH",
"":"",
"LATITUDE":"465259N",
"LONGITUDE":"0745902E",
"ICAO_REG":"UA",
"DECLINATION":"7",
"FREQUENCY":"113.7",
"ABSOLUTEHEIGHT":"430",
"SIGNPT_TYPE":"Совмещённый VOR/DME",
"OBJTOTEXT":"0",
"MAGVAR":"7"} },
{"type":"Feature",
"geometry": {"type": "Point","coordinates": [55.122500000,45.339722222] },"properties":{
"id":"RTS.282",
"STATUS":"Действующий",
"DBIDENT":"1747560",
"NAME":"BEYNEU",
"ALT_NAME":"BEINEU",
"DESIGNATOR":"BNU",
"":"",
"LATITUDE":"452023N",
"LONGITUDE":"0550721E",
"ICAO_REG":"UA",
"DECLINATION":"8",
"FREQUENCY":"115",
"ABSOLUTEHEIGHT":"0",
"SIGNPT_TYPE":"Совмещённый VOR/DME",
"OBJTOTEXT":"0",
"MAGVAR":"8"} },
{"type":"Feature",
"geometry": {"type": "Point","coordinates": [79.955277778,44.228888889] },"properties":{
"id":"RTS.283",
"STATUS":"Действующий",
"DBIDENT":"1747634",
"NAME":"JARKENT",
"ALT_NAME":"ЖАРКЕНТ",
"DESIGNATOR":"JRK",
"":"",
"LATITUDE":"441344N",
"LONGITUDE":"0795719E",
"ICAO_REG":"UA",
"DECLINATION":"5",
"FREQUENCY":"114.8",
"ABSOLUTEHEIGHT":"790",
"SIGNPT_TYPE":"Совмещённый VOR/DME",
"OBJTOTEXT":"0",
"MAGVAR":"5"} },
{"type":"Feature",
"geometry": {"type": "Point","coordinates": [69.616972222,53.350750000] },"properties":{
"id":"RTS.284",
"STATUS":"Действующий",
"DBIDENT":"1747647",
"NAME":"KOKSHETAU",
"ALT_NAME":"КОКШЕТАУ",
"DESIGNATOR":"KTU",
"":"",
"LATITUDE":"532103N",
"LONGITUDE":"0693701E",
"ICAO_REG":"UA",
"DECLINATION":"11",
"FREQUENCY":"115.5",
"ABSOLUTEHEIGHT":"270",
"SIGNPT_TYPE":"Совмещённый VOR/DME",
"OBJTOTEXT":"0",
"MAGVAR":"11"} },
{"type":"Feature",
"geometry": {"type": "Point","coordinates": [63.562777778,53.186944444] },"properties":{
"id":"RTS.285",
"STATUS":"Действующий",
"DBIDENT":"1747651",
"NAME":"KOSTANAY",
"ALT_NAME":"КОСТАНАЙ",
"DESIGNATOR":"KST",
"":"",
"LATITUDE":"531113N",
"LONGITUDE":"0633346E",
"ICAO_REG":"UA",
"DECLINATION":"12",
"FREQUENCY":"114.8",
"ABSOLUTEHEIGHT":"180",
"SIGNPT_TYPE":"Совмещённый VOR/DME",
"OBJTOTEXT":"0",
"MAGVAR":"12"} },
{"type":"Feature",
"geometry": {"type": "Point","coordinates": [65.563638889,44.695805556] },"properties":{
"id":"RTS.286",
"STATUS":"Действующий",
"DBIDENT":"1747666",
"NAME":"KYZYLORDA",
"ALT_NAME":"КЫЗЫЛОРДА",
"DESIGNATOR":"KZO",
"":"",
"LATITUDE":"444145N",
"LONGITUDE":"0653349E",
"ICAO_REG":"UA",
"DECLINATION":"7",
"FREQUENCY":"112.7",
"ABSOLUTEHEIGHT":"150",
"SIGNPT_TYPE":"Совмещённый VOR/DME",
"OBJTOTEXT":"0",
"MAGVAR":"7"} },
{"type":"Feature",
"geometry": {"type": "Point","coordinates": [71.433444444,51.001555556] },"properties":{
"id":"RTS.287",
"STATUS":"Действующий",
"DBIDENT":"1747678",
"NAME":"ASTANA",
"ALT_NAME":"АСТАНА",
"DESIGNATOR":"AST",
"":"",
"LATITUDE":"510006N",
"LONGITUDE":"0712600E",
"ICAO_REG":"UA",
"DECLINATION":"10",
"FREQUENCY":"114.4",
"ABSOLUTEHEIGHT":"370",
"SIGNPT_TYPE":"Совмещённый VOR/DME",
"OBJTOTEXT":"0",
"MAGVAR":"10"} },
{"type":"Feature",
"geometry": {"type": "Point","coordinates": [58.335555556,38.003163889] },"properties":{
"id":"RTS.288",
"STATUS":"Действующий",
"DBIDENT":"1750048",
"NAME":"ASHGABAT",
"ALT_NAME":"ASHGABAT",
"DESIGNATOR":"ASB",
"":"",
"LATITUDE":"380011N",
"LONGITUDE":"0582008E",
"ICAO_REG":"UT",
"DECLINATION":"5",
"FREQUENCY":"114.5",
"ABSOLUTEHEIGHT":"210",
"SIGNPT_TYPE":"Совмещённый VOR/DME",
"OBJTOTEXT":"0",
"MAGVAR":"5"} },
{"type":"Feature",
"geometry": {"type": "Point","coordinates": [58.333888889,38.004444444] },"properties":{
"id":"RTS.289",
"STATUS":"Действующий",
"DBIDENT":"1750049",
"NAME":"ASHGABAT",
"ALT_NAME":"ASHGABAT",
"DESIGNATOR":"GH",
"":"",
"LATITUDE":"380016N",
"LONGITUDE":"0582002E",
"ICAO_REG":"UT",
"DECLINATION":"5",
"FREQUENCY":"0.32",
"ABSOLUTEHEIGHT":"0",
"SIGNPT_TYPE":"Маяк NDB",
"OBJTOTEXT":"0",
"MAGVAR":"5"} },
{"type":"Feature",
"geometry": {"type": "Point","coordinates": [58.413055556,37.957222222] },"properties":{
"id":"RTS.290",
"STATUS":"Действующий",
"DBIDENT":"1750050",
"NAME":"ASHGABAT",
"ALT_NAME":"ASHGABAT",
"DESIGNATOR":"PQ",
"":"",
"LATITUDE":"375726N",
"LONGITUDE":"0582447E",
"ICAO_REG":"UT",
"DECLINATION":"5",
"FREQUENCY":"0.295",
"ABSOLUTEHEIGHT":"0",
"SIGNPT_TYPE":"Маяк NDB",
"OBJTOTEXT":"0",
"MAGVAR":"5"} },
{"type":"Feature",
"geometry": {"type": "Point","coordinates": [54.338975000,39.487211111] },"properties":{
"id":"RTS.291",
"STATUS":"Действующий",
"DBIDENT":"1750051",
"NAME":"BALKANABAT",
"ALT_NAME":"BALKANABAT",
"DESIGNATOR":"LA",
"":"",
"LATITUDE":"392914N",
"LONGITUDE":"0542020E",
"ICAO_REG":"UT",
"DECLINATION":"6",
"FREQUENCY":"0.43",
"ABSOLUTEHEIGHT":"0",
"SIGNPT_TYPE":"Маяк NDB",
"OBJTOTEXT":"0",
"MAGVAR":"6"} },
{"type":"Feature",
"geometry": {"type": "Point","coordinates": [59.795277778,41.760000000] },"properties":{
"id":"RTS.292",
"STATUS":"Действующий",
"DBIDENT":"1750052",
"NAME":"DASHOGUZ",
"ALT_NAME":"DASHOGUZ",
"DESIGNATOR":"DSH",
"":"",
"LATITUDE":"414536N",
"LONGITUDE":"0594743E",
"ICAO_REG":"UT",
"DECLINATION":"7",
"FREQUENCY":"112",
"ABSOLUTEHEIGHT":"90",
"SIGNPT_TYPE":"Совмещённый VOR/DME",
"OBJTOTEXT":"0",
"MAGVAR":"7"} },
{"type":"Feature",
"geometry": {"type": "Point","coordinates": [59.764444444,41.760277778] },"properties":{
"id":"RTS.293",
"STATUS":"Действующий",
"DBIDENT":"1750054",
"NAME":"DASHOGUZ",
"ALT_NAME":"DASHOGUZ",
"DESIGNATOR":"RP",
"":"",
"LATITUDE":"414537N",
"LONGITUDE":"0594552E",
"ICAO_REG":"UT",
"DECLINATION":"7",
"FREQUENCY":"0.322",
"ABSOLUTEHEIGHT":"0",
"SIGNPT_TYPE":"Маяк NDB",
"OBJTOTEXT":"0",
"MAGVAR":"7"} },
{"type":"Feature",
"geometry": {"type": "Point","coordinates": [61.897500000,37.599166667] },"properties":{
"id":"RTS.294",
"STATUS":"Действующий",
"DBIDENT":"1750055",
"NAME":"MARY",
"ALT_NAME":"MARY",
"DESIGNATOR":"M",
"":"",
"LATITUDE":"373557N",
"LONGITUDE":"0615351E",
"ICAO_REG":"UT",
"DECLINATION":"5",
"FREQUENCY":"0.213",
"ABSOLUTEHEIGHT":"0",
"SIGNPT_TYPE":"Маяк NDB",
"OBJTOTEXT":"0",
"MAGVAR":"5"} },
{"type":"Feature",
"geometry": {"type": "Point","coordinates": [61.898333333,37.571388889] },"properties":{
"id":"RTS.295",
"STATUS":"Действующий",
"DBIDENT":"1750056",
"NAME":"MARY",
"ALT_NAME":"MARY",
"DESIGNATOR":"MR",
"":"",
"LATITUDE":"373417N",
"LONGITUDE":"0615354E",
"ICAO_REG":"UT",
"DECLINATION":"5",
"FREQUENCY":"0.439",
"ABSOLUTEHEIGHT":"0",
"SIGNPT_TYPE":"Маяк NDB",
"OBJTOTEXT":"0",
"MAGVAR":"5"} },
{"type":"Feature",
"geometry": {"type": "Point","coordinates": [63.589327778,38.913611111] },"properties":{
"id":"RTS.296",
"STATUS":"Действующий",
"DBIDENT":"1750057",
"NAME":"TURKMENABAT",
"ALT_NAME":"TURKMENABAT",
"DESIGNATOR":"LBA",
"":"",
"LATITUDE":"385449N",
"LONGITUDE":"0633522E",
"ICAO_REG":"UT",
"DECLINATION":"5",
"FREQUENCY":"109.2",
"ABSOLUTEHEIGHT":"180",
"SIGNPT_TYPE":"Совмещённый VOR/DME",
"OBJTOTEXT":"0",
"MAGVAR":"5"} },
{"type":"Feature",
"geometry": {"type": "Point","coordinates": [63.538333333,38.947777778] },"properties":{
"id":"RTS.297",
"STATUS":"Действующий",
"DBIDENT":"1750058",
"NAME":"TURKMENABAT",
"ALT_NAME":"TURKMENABAT",
"DESIGNATOR":"NQ",
"":"",
"LATITUDE":"385652N",
"LONGITUDE":"0633218E",
"ICAO_REG":"UT",
"DECLINATION":"5",
"FREQUENCY":"0.326",
"ABSOLUTEHEIGHT":"0",
"SIGNPT_TYPE":"Маяк NDB",
"OBJTOTEXT":"0",
"MAGVAR":"5"} },
{"type":"Feature",
"geometry": {"type": "Point","coordinates": [53.011161111,40.040261111] },"properties":{
"id":"RTS.298",
"STATUS":"Действующий",
"DBIDENT":"1750059",
"NAME":"TURKMENBASHI",
"ALT_NAME":"ТУРКМЕНБАШИ",
"DESIGNATOR":"KRS",
"":"",
"LATITUDE":"400225N",
"LONGITUDE":"0530040E",
"ICAO_REG":"UT",
"DECLINATION":"6",
"FREQUENCY":"112.3",
"ABSOLUTEHEIGHT":"90",
"SIGNPT_TYPE":"Совмещённый VOR/DME",
"OBJTOTEXT":"0",
"MAGVAR":"6"} },
{"type":"Feature",
"geometry": {"type": "Point","coordinates": [140.445833333,52.378888889] },"properties":{
"id":"RTS.299",
"STATUS":"Действующий",
"DBIDENT":"1751028",
"NAME":"BOGORODSKOYE",
"ALT_NAME":"БОГОРОДСКОЕ",
"DESIGNATOR":"BG",
"":"",
"LATITUDE":"522244N",
"LONGITUDE":"1402645E",
"ICAO_REG":"UX",
"":"",
"FREQUENCY":"114.6",
"ABSOLUTEHEIGHT":"60",
"SIGNPT_TYPE":"Дальномер DME",
"OBJTOTEXT":"0"} },
{"type":"Feature",
"geometry": {"type": "Point","coordinates": [50.585277778,53.545555556] },"properties":{
"id":"RTS.300",
"STATUS":"Действующий",
"DBIDENT":"1751029",
"NAME":"KHOROSHENKOYE",
"ALT_NAME":"ХОРОШЕНЬКОЕ",
"DESIGNATOR":"BL",
"":"",
"LATITUDE":"533244N",
"LONGITUDE":"0503507E",
"ICAO_REG":"UX",
"":"",
"FREQUENCY":"108.2",
"ABSOLUTEHEIGHT":"180",
"SIGNPT_TYPE":"Дальномер DME",
"OBJTOTEXT":"0"} },
{"type":"Feature",
"geometry": {"type": "Point","coordinates": [49.179166667,54.040833333] },"properties":{
"id":"RTS.301",
"STATUS":"Действующий",
"DBIDENT":"1751031",
"NAME":"NIKOLSKOYE",
"ALT_NAME":"НИКОЛЬСКОЕ",
"DESIGNATOR":"NK",
"":"",
"LATITUDE":"540227N",
"LONGITUDE":"0491045E",
"ICAO_REG":"UX",
"":"",
"FREQUENCY":"108.1",
"ABSOLUTEHEIGHT":"90",
"SIGNPT_TYPE":"Дальномер DME",
"OBJTOTEXT":"0"} },
{"type":"Feature",
"geometry": {"type": "Point","coordinates": [34.477500000,45.087777778] },"properties":{
"id":"RTS.302",
"STATUS":"Действующий",
"DBIDENT":"1751032",
"NAME":"RUSAKOVKA",
"ALT_NAME":"РУСАКОВКА",
"DESIGNATOR":"RS",
"":"",
"LATITUDE":"450516N",
"LONGITUDE":"0342839E",
"ICAO_REG":"UX",
"":"",
"FREQUENCY":"111.5",
"ABSOLUTEHEIGHT":"390",
"SIGNPT_TYPE":"Дальномер DME",
"OBJTOTEXT":"0"} },
{"type":"Feature",
"geometry": {"type": "Point","coordinates": [51.184722222,53.893333333] },"properties":{
"id":"RTS.303",
"STATUS":"Действующий",
"DBIDENT":"1751033",
"NAME":"SUKHODOL",
"ALT_NAME":"СУХОДОЛ",
"DESIGNATOR":"SL",
"":"",
"LATITUDE":"535336N",
"LONGITUDE":"0511105E",
"ICAO_REG":"UX",
"":"",
"FREQUENCY":"111.5",
"ABSOLUTEHEIGHT":"120",
"SIGNPT_TYPE":"Дальномер DME",
"OBJTOTEXT":"0"} },
{"type":"Feature",
"geometry": {"type": "Point","coordinates": [71.748611111,40.411666667] },"properties":{
"id":"RTS.304",
"STATUS":"Действующий",
"DBIDENT":"1751105",
"NAME":"FERGANA",
"ALT_NAME":"ФЕРГАНА",
"DESIGNATOR":"ZU",
"":"",
"LATITUDE":"402442N",
"LONGITUDE":"0714455E",
"ICAO_REG":"UT",
"DECLINATION":"5",
"FREQUENCY":"0.625",
"ABSOLUTEHEIGHT":"0",
"SIGNPT_TYPE":"Маяк NDB",
"OBJTOTEXT":"0",
"MAGVAR":"5"} },
{"type":"Feature",
"geometry": {"type": "Point","coordinates": [61.618055556,46.825555556] },"properties":{
"id":"RTS.305",
"STATUS":"Действующий",
"DBIDENT":"1771910",
"NAME":"ARALSK",
"ALT_NAME":"АРАЛЬСК",
"DESIGNATOR":"ARL",
"":"",
"LATITUDE":"464932N",
"LONGITUDE":"0613705E",
"ICAO_REG":"UA",
"DECLINATION":"9",
"FREQUENCY":"113.6",
"ABSOLUTEHEIGHT":"90",
"SIGNPT_TYPE":"Совмещённый VOR/DME",
"OBJTOTEXT":"0",
"MAGVAR":"9"} },
{"type":"Feature",
"geometry": {"type": "Point","coordinates": [74.520908333,43.066922222] },"properties":{
"id":"RTS.306",
"STATUS":"Действующий",
"DBIDENT":"1771913",
"NAME":"BISHKEK/MANAS",
"ALT_NAME":"БИШКЕК/МАНАС",
"DESIGNATOR":"MNS",
"":"",
"LATITUDE":"430401N",
"LONGITUDE":"0743115E",
"ICAO_REG":"UC",
"DECLINATION":"6",
"FREQUENCY":"113.4",
"ABSOLUTEHEIGHT":"0",
"SIGNPT_TYPE":"Совмещённый VOR/DME",
"OBJTOTEXT":"0",
"MAGVAR":"6"} },
{"type":"Feature",
"geometry": {"type": "Point","coordinates": [76.672122222,42.578955556] },"properties":{
"id":"RTS.307",
"STATUS":"Действующий",
"DBIDENT":"1771914",
"NAME":"ISSYK-KUL",
"ALT_NAME":"ИССЫК-КУЛЬ",
"DESIGNATOR":"ILK",
"":"",
"LATITUDE":"423444N",
"LONGITUDE":"0764020E",
"ICAO_REG":"UC",
"DECLINATION":"5",
"FREQUENCY":"114",
"ABSOLUTEHEIGHT":"0",
"SIGNPT_TYPE":"Совмещённый VOR/DME",
"OBJTOTEXT":"0",
"MAGVAR":"5"} },
{"type":"Feature",
"geometry": {"type": "Point","coordinates": [57.360833333,66.003888889] },"properties":{
"id":"RTS.308",
"STATUS":"Действующий",
"DBIDENT":"1772258",
"NAME":"USINSK",
"ALT_NAME":"УСИНСК",
"DESIGNATOR":"SN",
"":"",
"LATITUDE":"660014N",
"LONGITUDE":"0572139E",
"ICAO_REG":"UX",
"":"",
"FREQUENCY":"113.4",
"ABSOLUTEHEIGHT":"90",
"SIGNPT_TYPE":"Дальномер DME",
"OBJTOTEXT":"0"} },
{"type":"Feature",
"geometry": {"type": "Point","coordinates": [46.713888889,43.834722222] },"properties":{
"id":"RTS.309",
"STATUS":"Действующий",
"DBIDENT":"1772293",
"NAME":"KIZLYAR",
"ALT_NAME":"КИЗЛЯР",
"DESIGNATOR":"KZR",
"":"",
"LATITUDE":"435005N",
"LONGITUDE":"0464250E",
"ICAO_REG":"UX",
"DECLINATION":"8",
"":"",
"FREQUENCY":"112.8",
"ABSOLUTEHEIGHT":"150",
"SIGNPT_TYPE":"Дальномер DME",
"OBJTOTEXT":"0",
"MAGVAR":"8"} },
{"type":"Feature",
"geometry": {"type": "Point","coordinates": [42.116944444,45.108055556] },"properties":{
"id":"RTS.310",
"STATUS":"Действующий",
"DBIDENT":"1772296",
"NAME":"STAVROPOL Shpakovskoye",
"ALT_NAME":"СТАВРОПОЛЬ Шпаковское",
"DESIGNATOR":"STW",
"":"",
"LATITUDE":"450629N",
"LONGITUDE":"0420701E",
"ICAO_REG":"UX",
"DECLINATION":"8",
"FREQUENCY":"114.9",
"ABSOLUTEHEIGHT":"450",
"SIGNPT_TYPE":"Совмещённый VOR/DME",
"OBJTOTEXT":"0",
"MAGVAR":"8"} },
{"type":"Feature",
"geometry": {"type": "Point","coordinates": [44.338083333,40.146972222] },"properties":{
"id":"RTS.311",
"STATUS":"Действующий",
"DBIDENT":"1772348",
"NAME":"ZVARTNOTS",
"ALT_NAME":"ЗВАРТНОЦ",
"DESIGNATOR":"ZVR",
"":"",
"LATITUDE":"400849N",
"LONGITUDE":"0442017E",
"ICAO_REG":"UD",
"DECLINATION":"5",
"FREQUENCY":"112.3",
"ABSOLUTEHEIGHT":"870",
"SIGNPT_TYPE":"Совмещённый VOR/DME",
"OBJTOTEXT":"0",
"MAGVAR":"5"} },
{"type":"Feature",
"geometry": {"type": "Point","coordinates": [44.992500000,39.830277778] },"properties":{
"id":"RTS.312",
"STATUS":"Действующий",
"DBIDENT":"1772380",
"NAME":"ANDRANIK",
"ALT_NAME":"АНДРАНИК",
"DESIGNATOR":"AND",
"":"",
"LATITUDE":"394949N",
"LONGITUDE":"0445933E",
"ICAO_REG":"UD",
"DECLINATION":"5",
"FREQUENCY":"1.22",
"ABSOLUTEHEIGHT":"0",
"SIGNPT_TYPE":"Маяк NDB",
"OBJTOTEXT":"0",
"MAGVAR":"5"} },
{"type":"Feature",
"geometry": {"type": "Point","coordinates": [61.925000000,57.342222222] },"properties":{
"id":"RTS.313",
"STATUS":"Действующий",
"DBIDENT":"1773314",
"NAME":"ARTEMOVSKIY",
"ALT_NAME":"АРТЕМОВСКИЙ",
"DESIGNATOR":"AT",
"":"",
"LATITUDE":"572032N",
"LONGITUDE":"0615530E",
"ICAO_REG":"UX",
"":"",
"FREQUENCY":"113.9",
"ABSOLUTEHEIGHT":"180",
"SIGNPT_TYPE":"Дальномер DME",
"OBJTOTEXT":"0"} },
{"type":"Feature",
"geometry": {"type": "Point","coordinates": [36.369952778,54.552302778] },"properties":{
"id":"RTS.314",
"STATUS":"Действующий",
"DBIDENT":"1773315",
"NAME":"KALUGA Grabtsevo",
"ALT_NAME":"КАЛУГА Грабцево",
"DESIGNATOR":"KLG",
"":"",
"LATITUDE":"543308N",
"LONGITUDE":"0362212E",
"ICAO_REG":"UX",
"DECLINATION":"11",
"FREQUENCY":"114",
"ABSOLUTEHEIGHT":"210",
"SIGNPT_TYPE":"Совмещённый VOR/DME",
"OBJTOTEXT":"0",
"MAGVAR":"11"} },
{"type":"Feature",
"geometry": {"type": "Point","coordinates": [40.100833333,47.885555556] },"properties":{
"id":"RTS.315",
"STATUS":"Действующий",
"DBIDENT":"1773317",
"NAME":"KRASNY SULIN",
"ALT_NAME":"КРАСНЫЙ СУЛИН",
"DESIGNATOR":"KLN",
"":"",
"LATITUDE":"475308N",
"LONGITUDE":"0400603E",
"ICAO_REG":"UX",
"":"",
"FREQUENCY":"114",
"ABSOLUTEHEIGHT":"210",
"SIGNPT_TYPE":"Дальномер DME",
"OBJTOTEXT":"0"} },
{"type":"Feature",
"geometry": {"type": "Point","coordinates": [59.128888889,56.443055556] },"properties":{
"id":"RTS.316",
"STATUS":"Действующий",
"DBIDENT":"1773319",
"NAME":"MIKHAYLOVSK",
"ALT_NAME":"МИХАЙЛОВСК",
"DESIGNATOR":"MH",
"":"",
"LATITUDE":"562635N",
"LONGITUDE":"0590744E",
"ICAO_REG":"UX",
"":"",
"FREQUENCY":"113",
"ABSOLUTEHEIGHT":"330",
"SIGNPT_TYPE":"Дальномер DME",
"OBJTOTEXT":"0"} },
{"type":"Feature",
"geometry": {"type": "Point","coordinates": [73.416388889,61.346388889] },"properties":{
"id":"RTS.317",
"STATUS":"Действующий",
"DBIDENT":"1773321",
"NAME":"SURGUT",
"ALT_NAME":"СУРГУТ",
"DESIGNATOR":"GV",
"":"",
"LATITUDE":"612047N",
"LONGITUDE":"0732459E",
"ICAO_REG":"UX",
"DECLINATION":"17",
"FREQUENCY":"109.2",
"ABSOLUTEHEIGHT":"60",
"SIGNPT_TYPE":"Совмещённый VOR/DME",
"OBJTOTEXT":"0",
"MAGVAR":"17"} },
{"type":"Feature",
"geometry": {"type": "Point","coordinates": [82.060555556,57.007500000] },"properties":{
"id":"RTS.318",
"STATUS":"Действующий",
"DBIDENT":"1773332",
"NAME":"BAKCHAR",
"ALT_NAME":"БАКЧАР",
"DESIGNATOR":"BA",
"":"",
"LATITUDE":"570027N",
"LONGITUDE":"0820338E",
"ICAO_REG":"US",
"":"",
"FREQUENCY":"113.7",
"ABSOLUTEHEIGHT":"150",
"SIGNPT_TYPE":"Дальномер DME",
"OBJTOTEXT":"0"} },
{"type":"Feature",
"geometry": {"type": "Point","coordinates": [45.374722222,50.053333333] },"properties":{
"id":"RTS.319",
"STATUS":"Действующий",
"DBIDENT":"1773333",
"NAME":"KAMYSHIN",
"ALT_NAME":"КАМЫШИН",
"DESIGNATOR":"KMN",
"":"",
"LATITUDE":"500312N",
"LONGITUDE":"0452229E",
"ICAO_REG":"UX",
"":"",
"FREQUENCY":"114.5",
"ABSOLUTEHEIGHT":"50",
"SIGNPT_TYPE":"Дальномер DME",
"OBJTOTEXT":"0"} },
{"type":"Feature",
"geometry": {"type": "Point","coordinates": [44.637500000,43.200555556] },"properties":{
"id":"RTS.320",
"STATUS":"Действующий",
"DBIDENT":"1773336",
"NAME":"VLADIKAVKAZ Beslan",
"ALT_NAME":"ВЛАДИКАВКАЗ Беслан",
"DESIGNATOR":"WLK",
"":"",
"LATITUDE":"431202N",
"LONGITUDE":"0443815E",
"ICAO_REG":"UX",
"DECLINATION":"7",
"FREQUENCY":"115.6",
"ABSOLUTEHEIGHT":"540",
"SIGNPT_TYPE":"Совмещённый VOR/DME",
"OBJTOTEXT":"0",
"MAGVAR":"7"} },
{"type":"Feature",
"geometry": {"type": "Point","coordinates": [49.344166667,58.505833333] },"properties":{
"id":"RTS.321",
"STATUS":"Действующий",
"DBIDENT":"1774032",
"NAME":"KIROV Pobedilovo",
"ALT_NAME":"КИРОВ Победилово",
"DESIGNATOR":"KF",
"":"",
"LATITUDE":"583021N",
"LONGITUDE":"0492039E",
"ICAO_REG":"UX",
"":"",
"FREQUENCY":"110.6",
"ABSOLUTEHEIGHT":"180",
"SIGNPT_TYPE":"Дальномер DME",
"OBJTOTEXT":"0"} },
{"type":"Feature",
"geometry": {"type": "Point","coordinates": [73.373805556,49.687194444] },"properties":{
"id":"RTS.322",
"STATUS":"Действующий",
"DBIDENT":"1774124",
"NAME":"KARAGANDA",
"ALT_NAME":"КАРАГАНДА",
"DESIGNATOR":"KRG",
"":"",
"LATITUDE":"494114N",
"LONGITUDE":"0732226E",
"ICAO_REG":"UA",
"DECLINATION":"8",
"FREQUENCY":"113.4",
"ABSOLUTEHEIGHT":"550",
"SIGNPT_TYPE":"Совмещённый VOR/DME",
"OBJTOTEXT":"0",
"MAGVAR":"8"} },
{"type":"Feature",
"geometry": {"type": "Point","coordinates": [23.928222222,56.504722222] },"properties":{
"id":"RTS.323",
"STATUS":"Действующий",
"DBIDENT":"1775945",
"NAME":"JAUNSVIRLAUKA",
"DESIGNATOR":"JVL",
"":"",
"LATITUDE":"563017N",
"LONGITUDE":"0235542E",
"ICAO_REG":"EV",
"":"",
"FREQUENCY":"110",
"ABSOLUTEHEIGHT":"90",
"SIGNPT_TYPE":"Дальномер DME",
"OBJTOTEXT":"0"} },
{"type":"Feature",
"geometry": {"type": "Point","coordinates": [25.154250000,57.310861111] },"properties":{
"id":"RTS.324",
"STATUS":"Действующий",
"DBIDENT":"1775946",
"NAME":"RAISKUMS",
"DESIGNATOR":"RSK",
"":"",
"LATITUDE":"571839N",
"LONGITUDE":"0250915E",
"ICAO_REG":"EV",
"":"",
"FREQUENCY":"109.65",
"ABSOLUTEHEIGHT":"150",
"SIGNPT_TYPE":"Дальномер DME",
"OBJTOTEXT":"0"} },
{"type":"Feature",
"geometry": {"type": "Point","coordinates": [21.892777778,56.639277778] },"properties":{
"id":"RTS.325",
"STATUS":"Действующий",
"DBIDENT":"1775947",
"NAME":"RUDBARZHI",
"DESIGNATOR":"RDB",
"":"",
"LATITUDE":"563821N",
"LONGITUDE":"0215334E",
"ICAO_REG":"EV",
"":"",
"FREQUENCY":"110.8",
"ABSOLUTEHEIGHT":"150",
"SIGNPT_TYPE":"Дальномер DME",
"OBJTOTEXT":"0"} },
{"type":"Feature",
"geometry": {"type": "Point","coordinates": [65.921944444,38.828055556] },"properties":{
"id":"RTS.326",
"STATUS":"Действующий",
"DBIDENT":"1776007",
"NAME":"KHANABAD",
"DESIGNATOR":"HNB",
"":"",
"LATITUDE":"384941N",
"LONGITUDE":"0655519E",
"ICAO_REG":"UT",
"DECLINATION":"5",
"FREQUENCY":"112.8",
"ABSOLUTEHEIGHT":"400",
"SIGNPT_TYPE":"Совмещённый VOR/DME",
"OBJTOTEXT":"0",
"MAGVAR":"5"} },
{"type":"Feature",
"geometry": {"type": "Point","coordinates": [66.755833333,39.034166667] },"properties":{
"id":"RTS.327",
"STATUS":"Действующий",
"DBIDENT":"1776009",
"NAME":"SHAHRISABZ",
"DESIGNATOR":"V",
"":"",
"LATITUDE":"390203N",
"LONGITUDE":"0664521E",
"ICAO_REG":"UT",
"DECLINATION":"5",
"FREQUENCY":"0.335",
"ABSOLUTEHEIGHT":"0",
"SIGNPT_TYPE":"Маяк NDB",
"OBJTOTEXT":"0",
"MAGVAR":"5"} },
{"type":"Feature",
"geometry": {"type": "Point","coordinates": [45.024722222,56.006944444] },"properties":{
"id":"RTS.328",
"STATUS":"Действующий",
"DBIDENT":"1776385",
"NAME":"LYSKOVO",
"ALT_NAME":"ЛЫСКОВО",
"DESIGNATOR":"HD",
"":"",
"LATITUDE":"560025N",
"LONGITUDE":"0450129E",
"ICAO_REG":"UX",
"DECLINATION":"13.1",
"FREQUENCY":"0.564",
"ABSOLUTEHEIGHT":"0",
"SIGNPT_TYPE":"Маяк NDB",
"OBJTOTEXT":"0",
"MAGVAR":"13"} },
{"type":"Feature",
"geometry": {"type": "Point","coordinates": [33.307777778,55.075295583] },"properties":{
"id":"RTS.329",
"STATUS":"Действующий",
"DBIDENT":"1776386",
"NAME":"SAFONOVO",
"ALT_NAME":"САФОНОВО",
"DESIGNATOR":"SAO",
"":"",
"LATITUDE":"550431N",
"LONGITUDE":"0331828E",
"ICAO_REG":"UX",
"DECLINATION":"9",
"FREQUENCY":"116.3",
"ABSOLUTEHEIGHT":"270",
"SIGNPT_TYPE":"Совмещённый VOR/DME",
"OBJTOTEXT":"0",
"MAGVAR":"9"} },
{"type":"Feature",
"geometry": {"type": "Point","coordinates": [36.608611111,50.636840694] },"properties":{
"id":"RTS.330",
"STATUS":"Действующий",
"DBIDENT":"1776793",
"NAME":"BELGOROD",
"ALT_NAME":"БЕЛГОРОД",
"DESIGNATOR":"BL",
"":"",
"LATITUDE":"503813N",
"LONGITUDE":"0363631E",
"ICAO_REG":"UX",
"DECLINATION":"8",
"FREQUENCY":"110",
"ABSOLUTEHEIGHT":"210",
"SIGNPT_TYPE":"Совмещённый VOR/DME",
"OBJTOTEXT":"0",
"MAGVAR":"8"} },
{"type":"Feature",
"geometry": {"type": "Point","coordinates": [108.028333333,61.276666667] },"properties":{
"id":"RTS.331",
"STATUS":"Действующий",
"DBIDENT":"1778889",
"NAME":"YERBOGACHEN",
"ALT_NAME":"ЕРБОГАЧЕН",
"DESIGNATOR":"AG",
"":"",
"LATITUDE":"611636N",
"LONGITUDE":"1080142E",
"ICAO_REG":"UX",
"DECLINATION":"-8",
"FREQUENCY":"0.735",
"ABSOLUTEHEIGHT":"0",
"SIGNPT_TYPE":"Маяк NDB",
"OBJTOTEXT":"0",
"MAGVAR":"-8"} },
{"type":"Feature",
"geometry": {"type": "Point","coordinates": [109.007500000,53.407500000] },"properties":{
"id":"RTS.332",
"STATUS":"Действующий",
"DBIDENT":"1778913",
"NAME":"UST-BARGUZIN",
"ALT_NAME":"УСТЬ-БАРГУЗИН",
"DESIGNATOR":"PN",
"":"",
"LATITUDE":"532427N",
"LONGITUDE":"1090027E",
"ICAO_REG":"UX",
"DECLINATION":"-8",
"FREQUENCY":"0.425",
"ABSOLUTEHEIGHT":"0",
"SIGNPT_TYPE":"Маяк NDB",
"OBJTOTEXT":"0",
"MAGVAR":"-8"} },
{"type":"Feature",
"geometry": {"type": "Point","coordinates": [109.595555556,55.799166667] },"properties":{
"id":"RTS.333",
"STATUS":"Действующий",
"DBIDENT":"1778923",
"NAME":"NIZHNEANGARSK",
"ALT_NAME":"НИЖНЕАНГАРСК",
"DESIGNATOR":"MP",
"":"",
"LATITUDE":"554757N",
"LONGITUDE":"1093544E",
"ICAO_REG":"UX",
"DECLINATION":"-9",
"FREQUENCY":"0.625",
"ABSOLUTEHEIGHT":"0",
"SIGNPT_TYPE":"Маяк NDB",
"OBJTOTEXT":"0",
"MAGVAR":"-9"} },
{"type":"Feature",
"geometry": {"type": "Point","coordinates": [102.598055556,58.142222222] },"properties":{
"id":"RTS.334",
"STATUS":"Действующий",
"DBIDENT":"1778976",
"NAME":"UST-ILIMSK",
"ALT_NAME":"УСТЬ-ИЛИМСК",
"DESIGNATOR":"NM",
"":"",
"LATITUDE":"580832N",
"LONGITUDE":"1023553E",
"ICAO_REG":"UX",
"DECLINATION":"-4",
"FREQUENCY":"0.431",
"ABSOLUTEHEIGHT":"0",
"SIGNPT_TYPE":"Маяк NDB",
"OBJTOTEXT":"0",
"MAGVAR":"-4"} },
{"type":"Feature",
"geometry": {"type": "Point","coordinates": [105.087222222,54.798333333] },"properties":{
"id":"RTS.335",
"STATUS":"Действующий",
"DBIDENT":"1778983",
"NAME":"ZHIGALOVO",
"ALT_NAME":"ЖИГАЛОВО",
"DESIGNATOR":"MX",
"":"",
"LATITUDE":"544754N",
"LONGITUDE":"1050514E",
"ICAO_REG":"UX",
"DECLINATION":"-6",
"FREQUENCY":"0.445",
"ABSOLUTEHEIGHT":"0",
"SIGNPT_TYPE":"Маяк NDB",
"OBJTOTEXT":"0",
"MAGVAR":"-6"} },
{"type":"Feature",
"geometry": {"type": "Point","coordinates": [30.669750000,46.426305556] },"properties":{
"id":"RTS.336",
"STATUS":"Действующий",
"DBIDENT":"1780928",
"NAME":"ODESSA",
"ALT_NAME":"ОДЕССА",
"DESIGNATOR":"ODA",
"":"",
"LATITUDE":"462535N",
"LONGITUDE":"0304011E",
"ICAO_REG":"UK",
"DECLINATION":"7",
"FREQUENCY":"114.35",
"ABSOLUTEHEIGHT":"0",
"SIGNPT_TYPE":"Совмещённый VOR/DME",
"OBJTOTEXT":"0",
"MAGVAR":"7"} },
{"type":"Feature",
"geometry": {"type": "Point","coordinates": [65.047777778,63.922222222] },"properties":{
"id":"RTS.337",
"STATUS":"Действующий",
"DBIDENT":"1781577",
"NAME":"BERYOZOVO",
"ALT_NAME":"БЕРЕЗОВО",
"DESIGNATOR":"BZW",
"":"",
"LATITUDE":"635520N",
"LONGITUDE":"0650252E",
"ICAO_REG":"UX",
"DECLINATION":"21",
"FREQUENCY":"111.6",
"ABSOLUTEHEIGHT":"30",
"SIGNPT_TYPE":"Совмещённый VOR/DME",
"OBJTOTEXT":"0",
"MAGVAR":"21"} },
{"type":"Feature",
"geometry": {"type": "Point","coordinates": [72.706388889,65.480277778] },"properties":{
"id":"RTS.338",
"STATUS":"Действующий",
"DBIDENT":"1781578",
"NAME":"NADYM",
"ALT_NAME":"НАДЫМ",
"DESIGNATOR":"NDM",
"":"",
"LATITUDE":"652849N",
"LONGITUDE":"0724223E",
"ICAO_REG":"UX",
"DECLINATION":"22",
"FREQUENCY":"110.8",
"ABSOLUTEHEIGHT":"30",
"SIGNPT_TYPE":"Совмещённый VOR/DME",
"OBJTOTEXT":"0",
"MAGVAR":"22"} },
{"type":"Feature",
"geometry": {"type": "Point","coordinates": [51.393611111,55.741388889] },"properties":{
"id":"RTS.339",
"STATUS":"Действующий",
"DBIDENT":"1781674",
"NAME":"MAMADYSH",
"ALT_NAME":"МАМАДЫШ",
"DESIGNATOR":"IMD",
"":"",
"LATITUDE":"554429N",
"LONGITUDE":"0512337E",
"ICAO_REG":"UX",
"":"",
"FREQUENCY":"110.4",
"ABSOLUTEHEIGHT":"210",
"SIGNPT_TYPE":"Дальномер DME",
"OBJTOTEXT":"0"} },
{"type":"Feature",
"geometry": {"type": "Point","coordinates": [49.920277778,54.887500000] },"properties":{
"id":"RTS.340",
"STATUS":"Действующий",
"DBIDENT":"1781676",
"NAME":"BAZARNYYE MATAKI",
"ALT_NAME":"БАЗАРНЫЕ МАТАКИ",
"DESIGNATOR":"RD",
"":"",
"LATITUDE":"545315N",
"LONGITUDE":"0495513E",
"ICAO_REG":"UX",
"":"",
"FREQUENCY":"115.65",
"ABSOLUTEHEIGHT":"150",
"SIGNPT_TYPE":"Дальномер DME",
"OBJTOTEXT":"0"} },
{"type":"Feature",
"geometry": {"type": "Point","coordinates": [78.302777778,55.356944444] },"properties":{
"id":"RTS.341",
"STATUS":"Действующий",
"DBIDENT":"1782127",
"NAME":"BARABINSK",
"ALT_NAME":"БАРАБИНСК",
"DESIGNATOR":"SZ",
"":"",
"LATITUDE":"552125N",
"LONGITUDE":"0781810E",
"ICAO_REG":"UX",
"":"",
"FREQUENCY":"114.3",
"ABSOLUTEHEIGHT":"150",
"SIGNPT_TYPE":"Дальномер DME",
"OBJTOTEXT":"0"} },
{"type":"Feature",
"geometry": {"type": "Point","coordinates": [52.084444444,55.562777778] },"properties":{
"id":"RTS.342",
"STATUS":"Действующий",
"DBIDENT":"1782128",
"NAME":"NIZHNEKAMSK Begishevo",
"ALT_NAME":"НИЖНЕКАМСК Бегишево",
"DESIGNATOR":"BGS",
"":"",
"LATITUDE":"553346N",
"LONGITUDE":"0520504E",
"ICAO_REG":"UX",
"DECLINATION":"14",
"FREQUENCY":"111.6",
"ABSOLUTEHEIGHT":"210",
"SIGNPT_TYPE":"Совмещённый VOR/DME",
"OBJTOTEXT":"0",
"MAGVAR":"14"} },
{"type":"Feature",
"geometry": {"type": "Point","coordinates": [40.090277778,45.851388889] },"properties":{
"id":"RTS.343",
"STATUS":"Действующий",
"DBIDENT":"1782130",
"NAME":"TIKHORETSK",
"ALT_NAME":"ТИХОРЕЦК",
"DESIGNATOR":"TRK",
"":"",
"LATITUDE":"455105N",
"LONGITUDE":"0400525E",
"ICAO_REG":"UX",
"":"",
"FREQUENCY":"113",
"ABSOLUTEHEIGHT":"90",
"SIGNPT_TYPE":"Дальномер DME",
"OBJTOTEXT":"0"} },
{"type":"Feature",
"geometry": {"type": "Point","coordinates": [65.143177778,37.800180556] },"properties":{
"id":"RTS.344",
"STATUS":"Действующий",
"DBIDENT":"1782222",
"NAME":"KERKI",
"ALT_NAME":"KERKI",
"DESIGNATOR":"LBK",
"":"",
"LATITUDE":"374801N",
"LONGITUDE":"0650835E",
"ICAO_REG":"UT",
"DECLINATION":"5",
"FREQUENCY":"109.4",
"ABSOLUTEHEIGHT":"847",
"SIGNPT_TYPE":"Совмещённый VOR/DME",
"OBJTOTEXT":"0",
"MAGVAR":"5"} },
{"type":"Feature",
"geometry": {"type": "Point","coordinates": [65.128330556,37.841950000] },"properties":{
"id":"RTS.345",
"STATUS":"Действующий",
"DBIDENT":"1782223",
"NAME":"KERKI",
"ALT_NAME":"KERKI",
"DESIGNATOR":"FK",
"":"",
"LATITUDE":"375031N",
"LONGITUDE":"0650742E",
"ICAO_REG":"UT",
"DECLINATION":"5",
"FREQUENCY":"0.469",
"ABSOLUTEHEIGHT":"863",
"SIGNPT_TYPE":"Маяк NDB",
"OBJTOTEXT":"0",
"MAGVAR":"5"} },
{"type":"Feature",
"geometry": {"type": "Point","coordinates": [9.995555556,57.103611111] },"properties":{
"id":"RTS.346",
"STATUS":"Действующий",
"DBIDENT":"1782701",
"NAME":"AALBORG",
"DESIGNATOR":"AAL",
"":"",
"LATITUDE":"570613N",
"LONGITUDE":"0095944E",
"ICAO_REG":"EK",
"ABSOLUTEHEIGHT":"20",
"SIGNPT_TYPE":"Совмещённый VOR/TACAN",
"OBJTOTEXT":"0"} },
{"type":"Feature",
"geometry": {"type": "Point","coordinates": [9.993333333,54.905277778] },"properties":{
"id":"RTS.347",
"STATUS":"Действующий",
"DBIDENT":"1782703",
"NAME":"ALSIE",
"DESIGNATOR":"ALS",
"":"",
"LATITUDE":"545419N",
"LONGITUDE":"0095936E",
"ICAO_REG":"EK",
"FREQUENCY":"114.7",
"ABSOLUTEHEIGHT":"0",
"SIGNPT_TYPE":"Всенаправленный маяк VOR",
"OBJTOTEXT":"0"} },
{"type":"Feature",
"geometry": {"type": "Point","coordinates": [12.095833333,55.791111111] },"properties":{
"id":"RTS.348",
"STATUS":"Действующий",
"DBIDENT":"1782709",
"NAME":"BELLA",
"DESIGNATOR":"BEL",
"":"",
"LATITUDE":"554728N",
"LONGITUDE":"0120545E",
"ICAO_REG":"EK",
"":"",
"FREQUENCY":"114.65",
"ABSOLUTEHEIGHT":"40",
"SIGNPT_TYPE":"Дальномер DME",
"OBJTOTEXT":"0"} },
{"type":"Feature",
"geometry": {"type": "Point","coordinates": [12.379166667,55.001388889] },"properties":{
"id":"RTS.349",
"STATUS":"Действующий",
"DBIDENT":"1782710",
"NAME":"CODAN",
"DESIGNATOR":"CDA",
"":"",
"LATITUDE":"550005N",
"LONGITUDE":"0122245E",
"ICAO_REG":"EK",
"DECLINATION":"5",
"FREQUENCY":"114.9",
"ABSOLUTEHEIGHT":"30",
"SIGNPT_TYPE":"Совмещённый VOR/DME",
"OBJTOTEXT":"0",
"MAGVAR":"5"} },
{"type":"Feature",
"geometry": {"type": "Point","coordinates": [8.412777778,55.511388889] },"properties":{
"id":"RTS.350",
"STATUS":"Действующий",
"DBIDENT":"1782711",
"NAME":"ESBJERG",
"DESIGNATOR":"HP",
"":"",
"LATITUDE":"553041N",
"LONGITUDE":"0082446E",
"ICAO_REG":"EK",
"DECLINATION":"4",
"FREQUENCY":"0.376",
"ABSOLUTEHEIGHT":"0",
"SIGNPT_TYPE":"Маяк NDB",
"OBJTOTEXT":"0",
"MAGVAR":"4"} },
{"type":"Feature",
"geometry": {"type": "Point","coordinates": [8.558611111,55.522500000] },"properties":{
"id":"RTS.351",
"STATUS":"Действующий",
"DBIDENT":"1782712",
"NAME":"ESEBO",
"DESIGNATOR":"ESE",
"":"",
"LATITUDE":"553121N",
"LONGITUDE":"0083331E",
"ICAO_REG":"EK",
"":"",
"FREQUENCY":"116.6",
"ABSOLUTEHEIGHT":"50",
"SIGNPT_TYPE":"Дальномер DME",
"OBJTOTEXT":"0"} },
{"type":"Feature",
"geometry": {"type": "Point","coordinates": [12.613611111,55.590555556] },"properties":{
"id":"RTS.352",
"STATUS":"Действующий",
"DBIDENT":"1782714",
"NAME":"KASTRUP",
"DESIGNATOR":"KAS",
"":"",
"LATITUDE":"553526N",
"LONGITUDE":"0123649E",
"ICAO_REG":"EK",
"DECLINATION":"5",
"FREQUENCY":"112.5",
"ABSOLUTEHEIGHT":"10",
"SIGNPT_TYPE":"Совмещённый VOR/DME",
"OBJTOTEXT":"0",
"MAGVAR":"5"} },
{"type":"Feature",
"geometry": {"type": "Point","coordinates": [11.631666667,55.439444444] },"properties":{
"id":"RTS.353",
"STATUS":"Действующий",
"DBIDENT":"1782715",
"NAME":"KORSA",
"DESIGNATOR":"KOR",
"":"",
"LATITUDE":"552622N",
"LONGITUDE":"0113754E",
"ICAO_REG":"EK",
"FREQUENCY":"112.8",
"ABSOLUTEHEIGHT":"40",
"SIGNPT_TYPE":"Совмещённый VOR/DME",
"OBJTOTEXT":"0"} },
{"type":"Feature",
"geometry": {"type": "Point","coordinates": [8.354444444,55.992777778] },"properties":{
"id":"RTS.354",
"STATUS":"Действующий",
"DBIDENT":"1782718",
"NAME":"LEMME",
"DESIGNATOR":"LME",
"":"",
"LATITUDE":"555934N",
"LONGITUDE":"0082116E",
"ICAO_REG":"EK",
"":"",
"FREQUENCY":"115.35",
"ABSOLUTEHEIGHT":"20",
"SIGNPT_TYPE":"Дальномер DME",
"OBJTOTEXT":"0"} },
{"type":"Feature",
"geometry": {"type": "Point","coordinates": [10.653055556,55.581111111] },"properties":{
"id":"RTS.355",
"STATUS":"Действующий",
"DBIDENT":"1782720",
"NAME":"ODIN",
"DESIGNATOR":"ODN",
"":"",
"LATITUDE":"553452N",
"LONGITUDE":"0103911E",
"ICAO_REG":"EK",
"DECLINATION":"5",
"FREQUENCY":"115.5",
"ABSOLUTEHEIGHT":"10",
"SIGNPT_TYPE":"Совмещённый VOR/DME",
"OBJTOTEXT":"0",
"MAGVAR":"5"} },
{"type":"Feature",
"geometry": {"type": "Point","coordinates": [8.187500000,56.478333333] },"properties":{
"id":"RTS.356",
"STATUS":"Действующий",
"DBIDENT":"1782722",
"NAME":"RAMME",
"DESIGNATOR":"RAM",
"":"",
"LATITUDE":"562842N",
"LONGITUDE":"0081115E",
"ICAO_REG":"EK",
"":"",
"FREQUENCY":"111.85",
"ABSOLUTEHEIGHT":"20",
"SIGNPT_TYPE":"Дальномер DME",
"OBJTOTEXT":"0"} },
{"type":"Feature",
"geometry": {"type": "Point","coordinates": [14.758611111,55.065555556] },"properties":{
"id":"RTS.357",
"STATUS":"Действующий",
"DBIDENT":"1782723",
"NAME":"RONNE",
"DESIGNATOR":"ROE",
"":"",
"LATITUDE":"550356N",
"LONGITUDE":"0144531E",
"ICAO_REG":"EK",
"FREQUENCY":"112",
"ABSOLUTEHEIGHT":"20",
"SIGNPT_TYPE":"Всенаправленный маяк VOR",
"OBJTOTEXT":"0"} },
{"type":"Feature",
"geometry": {"type": "Point","coordinates": [9.214166667,55.228888889] },"properties":{
"id":"RTS.358",
"STATUS":"Действующий",
"DBIDENT":"1782725",
"NAME":"SKRYDSTRUP",
"DESIGNATOR":"SKR",
"":"",
"LATITUDE":"551344N",
"LONGITUDE":"0091251E",
"ICAO_REG":"EK",
"ABSOLUTEHEIGHT":"40",
"SIGNPT_TYPE":"Совмещённый VOR/TACAN",
"OBJTOTEXT":"0"} },
{"type":"Feature",
"geometry": {"type": "Point","coordinates": [11.439166667,55.774166667] },"properties":{
"id":"RTS.359",
"STATUS":"Действующий",
"DBIDENT":"1782726",
"NAME":"TRANO",
"DESIGNATOR":"TNO",
"":"",
"LATITUDE":"554627N",
"LONGITUDE":"0112621E",
"ICAO_REG":"EK",
"DECLINATION":"5",
"FREQUENCY":"117.4",
"ABSOLUTEHEIGHT":"0",
"SIGNPT_TYPE":"Совмещённый VOR/DME",
"OBJTOTEXT":"0",
"MAGVAR":"5"} },
{"type":"Feature",
"geometry": {"type": "Point","coordinates": [9.335000000,55.438055556] },"properties":{
"id":"RTS.360",
"STATUS":"Действующий",
"DBIDENT":"1782727",
"NAME":"VAMDRUP",
"DESIGNATOR":"VAM",
"":"",
"LATITUDE":"552617N",
"LONGITUDE":"0092006E",
"ICAO_REG":"EK",
"":"",
"FREQUENCY":"110.05",
"ABSOLUTEHEIGHT":"50",
"SIGNPT_TYPE":"Дальномер DME",
"OBJTOTEXT":"0"} },
{"type":"Feature",
"geometry": {"type": "Point","coordinates": [16.012500000,78.176666667] },"properties":{
"id":"RTS.361",
"STATUS":"Действующий",
"DBIDENT":"1783864",
"NAME":"ADVENT",
"ALT_NAME":"ADVENT",
"DESIGNATOR":"RT",
"":"",
"LATITUDE":"781036N",
"LONGITUDE":"0160045E",
"ICAO_REG":"EN",
"DECLINATION":"13",
"FREQUENCY":"0.326",
"ABSOLUTEHEIGHT":"0",
"SIGNPT_TYPE":"Маяк NDB",
"OBJTOTEXT":"0",
"MAGVAR":"13"} },
{"type":"Feature",
"geometry": {"type": "Point","coordinates": [23.371666667,69.977500000] },"properties":{
"id":"RTS.362",
"STATUS":"Действующий",
"DBIDENT":"1783878",
"NAME":"ALTA",
"ALT_NAME":"ALTA",
"DESIGNATOR":"ATA",
"":"",
"LATITUDE":"695839N",
"LONGITUDE":"0232218E",
"ICAO_REG":"EN",
"DECLINATION":"14",
"FREQUENCY":"117.4",
"ABSOLUTEHEIGHT":"10",
"SIGNPT_TYPE":"Совмещённый VOR/DME",
"OBJTOTEXT":"0",
"MAGVAR":"14"} },
{"type":"Feature",
"geometry": {"type": "Point","coordinates": [16.141111111,69.287777778] },"properties":{
"id":"RTS.363",
"STATUS":"Действующий",
"DBIDENT":"1783879",
"NAME":"ANDOYA",
"ALT_NAME":"ANDOYA",
"DESIGNATOR":"AND",
"":"",
"LATITUDE":"691716N",
"LONGITUDE":"0160828E",
"ICAO_REG":"EN",
"DECLINATION":"10",
"FREQUENCY":"112.2",
"ABSOLUTEHEIGHT":"20",
"SIGNPT_TYPE":"Совмещённый VOR/DME",
"OBJTOTEXT":"0",
"MAGVAR":"10"} },
{"type":"Feature",
"geometry": {"type": "Point","coordinates": [18.466111111,69.064722222] },"properties":{
"id":"RTS.364",
"STATUS":"Действующий",
"DBIDENT":"1783883",
"NAME":"BARDUFOSS",
"ALT_NAME":"BARDUFOSS",
"DESIGNATOR":"BDF",
"":"",
"LATITUDE":"690353N",
"LONGITUDE":"0182758E",
"ICAO_REG":"EN",
"DECLINATION":"11",
"FREQUENCY":"114.2",
"ABSOLUTEHEIGHT":"180",
"SIGNPT_TYPE":"Совмещённый VOR/DME",
"OBJTOTEXT":"0",
"MAGVAR":"11"} },
{"type":"Feature",
"geometry": {"type": "Point","coordinates": [19.086111111,74.501666667] },"properties":{
"id":"RTS.365",
"STATUS":"Действующий",
"DBIDENT":"1783884",
"NAME":"BJORNOYA",
"ALT_NAME":"BJORNOYA",
"DESIGNATOR":"BJO",
"":"",
"LATITUDE":"743006N",
"LONGITUDE":"0190510E",
"ICAO_REG":"EN",
"DECLINATION":"14",
"FREQUENCY":"0.316",
"ABSOLUTEHEIGHT":"0",
"SIGNPT_TYPE":"Маяк NDB",
"OBJTOTEXT":"0",
"MAGVAR":"14"} },
{"type":"Feature",
"geometry": {"type": "Point","coordinates": [14.364722222,67.266666667] },"properties":{
"id":"RTS.366",
"STATUS":"Действующий",
"DBIDENT":"1783886",
"NAME":"BODO",
"ALT_NAME":"BODO",
"DESIGNATOR":"BDO",
"":"",
"LATITUDE":"671600N",
"LONGITUDE":"0142153E",
"ICAO_REG":"EN",
"DECLINATION":"9",
"FREQUENCY":"117.55",
"ABSOLUTEHEIGHT":"30",
"SIGNPT_TYPE":"Совмещённый VOR/DME",
"OBJTOTEXT":"0",
"MAGVAR":"9"} },
{"type":"Feature",
"geometry": {"type": "Point","coordinates": [12.214166667,65.456944444] },"properties":{
"id":"RTS.367",
"STATUS":"Действующий",
"DBIDENT":"1783887",
"NAME":"BRONNOY",
"ALT_NAME":"BRONNOY",
"DESIGNATOR":"BNN",
"":"",
"LATITUDE":"652725N",
"LONGITUDE":"0121251E",
"ICAO_REG":"EN",
"DECLINATION":"7",
"FREQUENCY":"115.3",
"ABSOLUTEHEIGHT":"20",
"SIGNPT_TYPE":"Совмещённый VOR/DME",
"OBJTOTEXT":"0",
"MAGVAR":"7"} },
{"type":"Feature",
"geometry": {"type": "Point","coordinates": [3.223333333,56.542222222] },"properties":{
"id":"RTS.368",
"STATUS":"Действующий",
"DBIDENT":"1783888",
"NAME":"EKOFISK-L",
"ALT_NAME":"EKOFISK-L",
"DESIGNATOR":"EKO",
"":"",
"LATITUDE":"563232N",
"LONGITUDE":"0031324E",
"ICAO_REG":"EN",
"DECLINATION":"2",
"FREQUENCY":"0.375",
"ABSOLUTEHEIGHT":"0",
"SIGNPT_TYPE":"Маяк NDB",
"OBJTOTEXT":"0",
"MAGVAR":"2"} },
{"type":"Feature",
"geometry": {"type": "Point","coordinates": [3.223611111,56.542222222] },"properties":{
"id":"RTS.369",
"STATUS":"Действующий",
"DBIDENT":"1783889",
"NAME":"EKOFISK-L",
"ALT_NAME":"EKOFISK-L",
"DESIGNATOR":"EKO",
"":"",
"LATITUDE":"563232N",
"LONGITUDE":"0031325E",
"ICAO_REG":"EN",
"DECLINATION":"2",
"":"",
"FREQUENCY":"0",
"ABSOLUTEHEIGHT":"80",
"SIGNPT_TYPE":"Дальномер DME",
"OBJTOTEXT":"0",
"MAGVAR":"2"} },
{"type":"Feature",
"geometry": {"type": "Point","coordinates": [16.681666667,68.457222222] },"properties":{
"id":"RTS.370",
"STATUS":"Действующий",
"DBIDENT":"1783891",
"NAME":"EVENES",
"ALT_NAME":"EVENES",
"DESIGNATOR":"EVD",
"":"",
"LATITUDE":"682726N",
"LONGITUDE":"0164054E",
"ICAO_REG":"EN",
"DECLINATION":"10",
"FREQUENCY":"117.35",
"ABSOLUTEHEIGHT":"50",
"SIGNPT_TYPE":"Совмещённый VOR/DME",
"OBJTOTEXT":"0",
"MAGVAR":"10"} },
{"type":"Feature",
"geometry": {"type": "Point","coordinates": [5.211944444,60.311111111] },"properties":{
"id":"RTS.371",
"STATUS":"Действующий",
"DBIDENT":"1783895",
"NAME":"FLESLAND",
"ALT_NAME":"FLESLAND",
"DESIGNATOR":"FLS",
"":"",
"LATITUDE":"601840N",
"LONGITUDE":"0051243E",
"ICAO_REG":"EN",
"DECLINATION":"3",
"FREQUENCY":"115.55",
"ABSOLUTEHEIGHT":"60",
"SIGNPT_TYPE":"Совмещённый VOR/DME",
"OBJTOTEXT":"0",
"MAGVAR":"3"} },
{"type":"Feature",
"geometry": {"type": "Point","coordinates": [5.020000000,61.581388889] },"properties":{
"id":"RTS.372",
"STATUS":"Действующий",
"DBIDENT":"1783898",
"NAME":"FLORO",
"ALT_NAME":"FLORO",
"DESIGNATOR":"FLO",
"":"",
"LATITUDE":"613453N",
"LONGITUDE":"0050112E",
"ICAO_REG":"EN",
"DECLINATION":"3",
"FREQUENCY":"112.3",
"ABSOLUTEHEIGHT":"20",
"SIGNPT_TYPE":"Совмещённый VOR/DME",
"OBJTOTEXT":"0",
"MAGVAR":"3"} },
{"type":"Feature",
"geometry": {"type": "Point","coordinates": [2.273611111,61.214722222] },"properties":{
"id":"RTS.373",
"STATUS":"Действующий",
"DBIDENT":"1783899",
"NAME":"GULLFAKS",
"ALT_NAME":"GULLFAKS",
"DESIGNATOR":"GFC",
"":"",
"LATITUDE":"611253N",
"LONGITUDE":"0021625E",
"ICAO_REG":"EN",
"DECLINATION":"2",
"FREQUENCY":"0.333",
"ABSOLUTEHEIGHT":"0",
"SIGNPT_TYPE":"Маяк NDB",
"OBJTOTEXT":"0",
"MAGVAR":"2"} },
{"type":"Feature",
"geometry": {"type": "Point","coordinates": [2.273611111,61.214722222] },"properties":{
"id":"RTS.374",
"STATUS":"Действующий",
"DBIDENT":"1783900",
"NAME":"GULLFAKS",
"ALT_NAME":"GULLFAKS",
"DESIGNATOR":"GFC",
"":"",
"LATITUDE":"611253N",
"LONGITUDE":"0021625E",
"ICAO_REG":"EN",
"DECLINATION":"2",
"":"",
"FREQUENCY":"0",
"ABSOLUTEHEIGHT":"100",
"SIGNPT_TYPE":"Дальномер DME",
"OBJTOTEXT":"0",
"MAGVAR":"2"} },
{"type":"Feature",
"geometry": {"type": "Point","coordinates": [23.690555556,70.704166667] },"properties":{
"id":"RTS.375",
"STATUS":"Действующий",
"DBIDENT":"1783904",
"NAME":"HAMMERFEST",
"ALT_NAME":"HAMMERFEST",
"DESIGNATOR":"HMF",
"":"",
"LATITUDE":"704215N",
"LONGITUDE":"0234126E",
"ICAO_REG":"EN",
"DECLINATION":"14",
"FREQUENCY":"112.4",
"ABSOLUTEHEIGHT":"380",
"SIGNPT_TYPE":"Совмещённый VOR/DME",
"OBJTOTEXT":"0",
"MAGVAR":"14"} },
{"type":"Feature",
"geometry": {"type": "Point","coordinates": [7.315833333,65.325555556] },"properties":{
"id":"RTS.376",
"STATUS":"Действующий",
"DBIDENT":"1783926",
"NAME":"HEIDRUN",
"ALT_NAME":"HEIDRUN",
"DESIGNATOR":"HEI",
"":"",
"LATITUDE":"651932N",
"LONGITUDE":"0071857E",
"ICAO_REG":"EN",
"DECLINATION":"4",
"FREQUENCY":"0.34",
"ABSOLUTEHEIGHT":"0",
"SIGNPT_TYPE":"Маяк NDB",
"OBJTOTEXT":"0",
"MAGVAR":"4"} },
{"type":"Feature",
"geometry": {"type": "Point","coordinates": [7.315833333,65.325555556] },"properties":{
"id":"RTS.377",
"STATUS":"Действующий",
"DBIDENT":"1783927",
"NAME":"HEIDRUN",
"ALT_NAME":"HEIDRUN",
"DESIGNATOR":"HEI",
"":"",
"LATITUDE":"651932N",
"LONGITUDE":"0071857E",
"ICAO_REG":"EN",
"DECLINATION":"4",
"":"",
"FREQUENCY":"0",
"ABSOLUTEHEIGHT":"80",
"SIGNPT_TYPE":"Дальномер DME",
"OBJTOTEXT":"0",
"MAGVAR":"4"} },
{"type":"Feature",
"geometry": {"type": "Point","coordinates": [13.600277778,78.061111111] },"properties":{
"id":"RTS.378",
"STATUS":"Действующий",
"DBIDENT":"1783929",
"NAME":"ISFJORD",
"ALT_NAME":"ISFJORD",
"DESIGNATOR":"ISD",
"":"",
"LATITUDE":"780340N",
"LONGITUDE":"0133601E",
"ICAO_REG":"EN",
"DECLINATION":"11",
"FREQUENCY":"0.304",
"ABSOLUTEHEIGHT":"0",
"SIGNPT_TYPE":"Маяк NDB",
"OBJTOTEXT":"0",
"MAGVAR":"11"} },
{"type":"Feature",
"geometry": {"type": "Point","coordinates": [5.201666667,59.346388889] },"properties":{
"id":"RTS.379",
"STATUS":"Действующий",
"DBIDENT":"1783930",
"NAME":"KARMOY",
"ALT_NAME":"KARMOY",
"DESIGNATOR":"KRM",
"":"",
"LATITUDE":"592047N",
"LONGITUDE":"0051206E",
"ICAO_REG":"EN",
"DECLINATION":"3",
"FREQUENCY":"115.15",
"ABSOLUTEHEIGHT":"30",
"SIGNPT_TYPE":"Совмещённый VOR/DME",
"OBJTOTEXT":"0",
"MAGVAR":"3"} },
{"type":"Feature",
"geometry": {"type": "Point","coordinates": [29.869166667,69.723888889] },"properties":{
"id":"RTS.380",
"STATUS":"Действующий",
"DBIDENT":"1783931",
"NAME":"KIRKENES",
"ALT_NAME":"КИРКЕНЕС",
"DESIGNATOR":"KIK",
"":"",
"LATITUDE":"694326N",
"LONGITUDE":"0295209E",
"ICAO_REG":"EN",
"DECLINATION":"17",
"FREQUENCY":"112",
"ABSOLUTEHEIGHT":"90",
"SIGNPT_TYPE":"Совмещённый VOR/DME",
"OBJTOTEXT":"0",
"MAGVAR":"17"} },
{"type":"Feature",
"geometry": {"type": "Point","coordinates": [7.810277778,63.118055556] },"properties":{
"id":"RTS.381",
"STATUS":"Действующий",
"DBIDENT":"1783932",
"NAME":"KVERNBERGET",
"ALT_NAME":"KVERNBERGET",
"DESIGNATOR":"KVB",
"":"",
"LATITUDE":"630705N",
"LONGITUDE":"0074837E",
"ICAO_REG":"EN",
"DECLINATION":"4",
"FREQUENCY":"113.8",
"ABSOLUTEHEIGHT":"210",
"SIGNPT_TYPE":"Совмещённый VOR/DME",
"OBJTOTEXT":"0",
"MAGVAR":"4"} },
{"type":"Feature",
"geometry": {"type": "Point","coordinates": [10.642777778,61.099722222] },"properties":{
"id":"RTS.382",
"STATUS":"Действующий",
"DBIDENT":"1783934",
"NAME":"MESNALI",
"ALT_NAME":"MESNALI",
"DESIGNATOR":"MES",
"":"",
"LATITUDE":"610559N",
"LONGITUDE":"0103834E",
"ICAO_REG":"EN",
"DECLINATION":"6",
"FREQUENCY":"114.4",
"ABSOLUTEHEIGHT":"710",
"SIGNPT_TYPE":"Совмещённый VOR/DME",
"OBJTOTEXT":"0",
"MAGVAR":"6"} },
{"type":"Feature",
"geometry": {"type": "Point","coordinates": [2.824444444,60.491111111] },"properties":{
"id":"RTS.383",
"STATUS":"Действующий",
"DBIDENT":"1783936",
"NAME":"OSEBERG A",
"ALT_NAME":"OSEBERG A",
"DESIGNATOR":"OBA",
"":"",
"LATITUDE":"602928N",
"LONGITUDE":"0024928E",
"ICAO_REG":"EN",
"FREQUENCY":"0.353",
"ABSOLUTEHEIGHT":"0",
"SIGNPT_TYPE":"Маяк NDB",
"OBJTOTEXT":"0"} },
{"type":"Feature",
"geometry": {"type": "Point","coordinates": [11.146666667,64.837222222] },"properties":{
"id":"RTS.384",
"STATUS":"Действующий",
"DBIDENT":"1783938",
"NAME":"RORVIK",
"ALT_NAME":"RORVIK",
"DESIGNATOR":"RVK",
"":"",
"LATITUDE":"645014N",
"LONGITUDE":"0110848E",
"ICAO_REG":"EN",
"DECLINATION":"6",
"FREQUENCY":"112.7",
"ABSOLUTEHEIGHT":"20",
"SIGNPT_TYPE":"Совмещённый VOR/DME",
"OBJTOTEXT":"0",
"MAGVAR":"6"} },
{"type":"Feature",
"geometry": {"type": "Point","coordinates": [28.070000000,70.234166667] },"properties":{
"id":"RTS.385",
"STATUS":"Действующий",
"DBIDENT":"1783939",
"NAME":"SEIDA",
"ALT_NAME":"SEIDA",
"DESIGNATOR":"SDA",
"":"",
"LATITUDE":"701403N",
"LONGITUDE":"0280412E",
"ICAO_REG":"EN",
"DECLINATION":"17",
"FREQUENCY":"113.6",
"ABSOLUTEHEIGHT":"290",
"SIGNPT_TYPE":"Совмещённый VOR/DME",
"OBJTOTEXT":"0",
"MAGVAR":"17"} },
{"type":"Feature",
"geometry": {"type": "Point","coordinates": [17.815833333,69.161111111] },"properties":{
"id":"RTS.386",
"STATUS":"Действующий",
"DBIDENT":"1783940",
"NAME":"SENJA",
"ALT_NAME":"SENJA",
"DESIGNATOR":"SJA",
"":"",
"LATITUDE":"690940N",
"LONGITUDE":"0174857E",
"ICAO_REG":"EN",
"DECLINATION":"11",
"FREQUENCY":"0.414",
"ABSOLUTEHEIGHT":"0",
"SIGNPT_TYPE":"Маяк NDB",
"OBJTOTEXT":"0",
"MAGVAR":"11"} },
{"type":"Feature",
"geometry": {"type": "Point","coordinates": [9.630000000,60.015000000] },"properties":{
"id":"RTS.387",
"STATUS":"Действующий",
"DBIDENT":"1783941",
"NAME":"SIGDAL",
"ALT_NAME":"SIGDAL",
"DESIGNATOR":"SIG",
"":"",
"LATITUDE":"600054N",
"LONGITUDE":"0093748E",
"ICAO_REG":"EN",
"DECLINATION":"5",
"FREQUENCY":"117.7",
"ABSOLUTEHEIGHT":"730",
"SIGNPT_TYPE":"Совмещённый VOR/DME",
"OBJTOTEXT":"0",
"MAGVAR":"5"} },
{"type":"Feature",
"geometry": {"type": "Point","coordinates": [15.034722222,68.578333333] },"properties":{
"id":"RTS.388",
"STATUS":"Действующий",
"DBIDENT":"1783942",
"NAME":"SKAGEN",
"ALT_NAME":"SKAGEN",
"DESIGNATOR":"SKG",
"":"",
"LATITUDE":"683442N",
"LONGITUDE":"0150205E",
"ICAO_REG":"EN",
"DECLINATION":"9",
"FREQUENCY":"112.8",
"ABSOLUTEHEIGHT":"10",
"SIGNPT_TYPE":"Совмещённый VOR/DME",
"OBJTOTEXT":"0",
"MAGVAR":"9"} },
{"type":"Feature",
"geometry": {"type": "Point","coordinates": [16.657777778,78.149444444] },"properties":{
"id":"RTS.389",
"STATUS":"Действующий",
"DBIDENT":"1783943",
"NAME":"SKOLTEN",
"ALT_NAME":"SKOLTEN",
"DESIGNATOR":"SKO",
"":"",
"LATITUDE":"780858N",
"LONGITUDE":"0163928E",
"ICAO_REG":"EN",
"":"",
"FREQUENCY":"0",
"ABSOLUTEHEIGHT":"1130",
"SIGNPT_TYPE":"Дальномер DME",
"OBJTOTEXT":"0"} },
{"type":"Feature",
"geometry": {"type": "Point","coordinates": [1.906944444,58.366388889] },"properties":{
"id":"RTS.390",
"STATUS":"Действующий",
"DBIDENT":"1783944",
"NAME":"SLEIPNER A",
"ALT_NAME":"SLEIPNER A",
"DESIGNATOR":"SPA",
"":"",
"LATITUDE":"582159N",
"LONGITUDE":"0015425E",
"ICAO_REG":"EN",
"DECLINATION":"2",
"FREQUENCY":"0.349",
"ABSOLUTEHEIGHT":"0",
"SIGNPT_TYPE":"Маяк NDB",
"OBJTOTEXT":"0",
"MAGVAR":"2"} },
{"type":"Feature",
"geometry": {"type": "Point","coordinates": [1.906944444,58.366388889] },"properties":{
"id":"RTS.391",
"STATUS":"Действующий",
"DBIDENT":"1783945",
"NAME":"SLEIPNER A",
"ALT_NAME":"SLEIPNER A",
"DESIGNATOR":"SPA",
"":"",
"LATITUDE":"582159N",
"LONGITUDE":"0015425E",
"ICAO_REG":"EN",
"":"",
"FREQUENCY":"0",
"ABSOLUTEHEIGHT":"130",
"SIGNPT_TYPE":"Дальномер DME",
"OBJTOTEXT":"0"} },
{"type":"Feature",
"geometry": {"type": "Point","coordinates": [2.143055556,61.450555556] },"properties":{
"id":"RTS.392",
"STATUS":"Действующий",
"DBIDENT":"1783946",
"NAME":"SNORRE",
"ALT_NAME":"SNORRE",
"DESIGNATOR":"SNR",
"":"",
"LATITUDE":"612702N",
"LONGITUDE":"0020835E",
"ICAO_REG":"EN",
"DECLINATION":"2",
"FREQUENCY":"0.375",
"ABSOLUTEHEIGHT":"0",
"SIGNPT_TYPE":"Маяк NDB",
"OBJTOTEXT":"0",
"MAGVAR":"2"} },
{"type":"Feature",
"geometry": {"type": "Point","coordinates": [5.640000000,58.875000000] },"properties":{
"id":"RTS.393",
"STATUS":"Действующий",
"DBIDENT":"1783948",
"NAME":"SOLA",
"ALT_NAME":"SOLA",
"DESIGNATOR":"ZOL",
"":"",
"LATITUDE":"585230N",
"LONGITUDE":"0053824E",
"ICAO_REG":"EN",
"DECLINATION":"3",
"FREQUENCY":"116.85",
"ABSOLUTEHEIGHT":"20",
"SIGNPT_TYPE":"Совмещённый VOR/DME",
"OBJTOTEXT":"0",
"MAGVAR":"3"} },
{"type":"Feature",
"geometry": {"type": "Point","coordinates": [1.830555556,61.206666667] },"properties":{
"id":"RTS.394",
"STATUS":"Действующий",
"DBIDENT":"1783949",
"NAME":"STATFJORD",
"ALT_NAME":"STATFJORD",
"DESIGNATOR":"STB",
"":"",
"LATITUDE":"611224N",
"LONGITUDE":"0014950E",
"ICAO_REG":"EN",
"DECLINATION":"1",
"FREQUENCY":"0.615",
"ABSOLUTEHEIGHT":"0",
"SIGNPT_TYPE":"Маяк NDB",
"OBJTOTEXT":"0",
"MAGVAR":"1"} },
{"type":"Feature",
"geometry": {"type": "Point","coordinates": [12.469444444,65.960277778] },"properties":{
"id":"RTS.395",
"STATUS":"Действующий",
"DBIDENT":"1783950",
"NAME":"STOKKA",
"ALT_NAME":"STOKKA",
"DESIGNATOR":"STO",
"":"",
"LATITUDE":"655737N",
"LONGITUDE":"0122810E",
"ICAO_REG":"EN",
"DECLINATION":"7",
"FREQUENCY":"112",
"ABSOLUTEHEIGHT":"40",
"SIGNPT_TYPE":"Совмещённый VOR/DME",
"OBJTOTEXT":"0",
"MAGVAR":"7"} },
{"type":"Feature",
"geometry": {"type": "Point","coordinates": [5.344166667,59.786944444] },"properties":{
"id":"RTS.396",
"STATUS":"Действующий",
"DBIDENT":"1783951",
"NAME":"STORD",
"ALT_NAME":"STORD",
"DESIGNATOR":"STD",
"":"",
"LATITUDE":"594713N",
"LONGITUDE":"0052039E",
"ICAO_REG":"EN",
"DECLINATION":"3",
"FREQUENCY":"113.4",
"ABSOLUTEHEIGHT":"70",
"SIGNPT_TYPE":"Совмещённый VOR/DME",
"OBJTOTEXT":"0",
"MAGVAR":"3"} },
{"type":"Feature",
"geometry": {"type": "Point","coordinates": [13.768611111,66.290000000] },"properties":{
"id":"RTS.397",
"STATUS":"Действующий",
"DBIDENT":"1783954",
"NAME":"STROMMEN",
"ALT_NAME":"STROMMEN",
"DESIGNATOR":"STM",
"":"",
"LATITUDE":"661724N",
"LONGITUDE":"0134607E",
"ICAO_REG":"EN",
"DECLINATION":"8",
"FREQUENCY":"0.345",
"ABSOLUTEHEIGHT":"0",
"SIGNPT_TYPE":"Маяк NDB",
"OBJTOTEXT":"0",
"MAGVAR":"8"} },
{"type":"Feature",
"geometry": {"type": "Point","coordinates": [7.908055556,58.084444444] },"properties":{
"id":"RTS.398",
"STATUS":"Действующий",
"DBIDENT":"1783955",
"NAME":"SVENSHEIA",
"ALT_NAME":"SVENSHEIA",
"DESIGNATOR":"SVA",
"":"",
"LATITUDE":"580504N",
"LONGITUDE":"0075429E",
"ICAO_REG":"EN",
"DECLINATION":"4",
"FREQUENCY":"112.1",
"ABSOLUTEHEIGHT":"120",
"SIGNPT_TYPE":"Совмещённый VOR/DME",
"OBJTOTEXT":"0",
"MAGVAR":"4"} },
{"type":"Feature",
"geometry": {"type": "Point","coordinates": [10.878611111,62.461388889] },"properties":{
"id":"RTS.399",
"STATUS":"Действующий",
"DBIDENT":"1783957",
"NAME":"TOLGA",
"ALT_NAME":"TOLGA",
"DESIGNATOR":"TGA",
"":"",
"LATITUDE":"622741N",
"LONGITUDE":"0105243E",
"ICAO_REG":"EN",
"FREQUENCY":"117.4",
"ABSOLUTEHEIGHT":"1030",
"SIGNPT_TYPE":"Совмещённый VOR/DME",
"OBJTOTEXT":"0"} },
{"type":"Feature",
"geometry": {"type": "Point","coordinates": [10.259166667,59.168888889] },"properties":{
"id":"RTS.400",
"STATUS":"Действующий",
"DBIDENT":"1783958",
"NAME":"TORP",
"ALT_NAME":"TORP",
"DESIGNATOR":"TOR",
"":"",
"LATITUDE":"591008N",
"LONGITUDE":"0101533E",
"ICAO_REG":"EN",
"DECLINATION":"5",
"FREQUENCY":"113.85",
"ABSOLUTEHEIGHT":"80",
"SIGNPT_TYPE":"Совмещённый VOR/DME",
"OBJTOTEXT":"0",
"MAGVAR":"5"} },
{"type":"Feature",
"geometry": {"type": "Point","coordinates": [3.723611111,60.645000000] },"properties":{
"id":"RTS.401",
"STATUS":"Действующий",
"DBIDENT":"1783960",
"NAME":"TROLL",
"ALT_NAME":"TROLL",
"DESIGNATOR":"TRL",
"":"",
"LATITUDE":"603842N",
"LONGITUDE":"0034325E",
"ICAO_REG":"EN",
"":"",
"FREQUENCY":"0",
"ABSOLUTEHEIGHT":"90",
"SIGNPT_TYPE":"Дальномер DME",
"OBJTOTEXT":"0"} },
{"type":"Feature",
"geometry": {"type": "Point","coordinates": [18.996666667,69.702777778] },"properties":{
"id":"RTS.402",
"STATUS":"Действующий",
"DBIDENT":"1783961",
"NAME":"TROMSO",
"ALT_NAME":"TROMSO",
"DESIGNATOR":"TRO",
"":"",
"LATITUDE":"694210N",
"LONGITUDE":"0185948E",
"ICAO_REG":"EN",
"DECLINATION":"11",
"FREQUENCY":"113.8",
"ABSOLUTEHEIGHT":"170",
"SIGNPT_TYPE":"Совмещённый VOR/DME",
"OBJTOTEXT":"0",
"MAGVAR":"11"} },
{"type":"Feature",
"geometry": {"type": "Point","coordinates": [2.844444444,57.110277778] },"properties":{
"id":"RTS.403",
"STATUS":"Действующий",
"DBIDENT":"1783962",
"NAME":"ULA",
"ALT_NAME":"ULA",
"DESIGNATOR":"ULA",
"":"",
"LATITUDE":"570637N",
"LONGITUDE":"0025040E",
"ICAO_REG":"EN",
"DECLINATION":"2",
"FREQUENCY":"0.38",
"ABSOLUTEHEIGHT":"0",
"SIGNPT_TYPE":"Маяк NDB",
"OBJTOTEXT":"0",
"MAGVAR":"2"} },
{"type":"Feature",
"geometry": {"type": "Point","coordinates": [2.847222222,57.111111111] },"properties":{
"id":"RTS.404",
"STATUS":"Действующий",
"DBIDENT":"1783963",
"NAME":"ULA",
"ALT_NAME":"ULA",
"DESIGNATOR":"UL",
"":"",
"LATITUDE":"570640N",
"LONGITUDE":"0025050E",
"ICAO_REG":"EN",
"":"",
"FREQUENCY":"0",
"ABSOLUTEHEIGHT":"60",
"SIGNPT_TYPE":"Дальномер DME",
"OBJTOTEXT":"0"} },
{"type":"Feature",
"geometry": {"type": "Point","coordinates": [13.307777778,65.879166667] },"properties":{
"id":"RTS.405",
"STATUS":"Действующий",
"DBIDENT":"1783964",
"NAME":"VARDEFJELL",
"ALT_NAME":"VARDEFJELL",
"DESIGNATOR":"VFL",
"":"",
"LATITUDE":"655245N",
"LONGITUDE":"0131828E",
"ICAO_REG":"EN",
"DECLINATION":"8",
"FREQUENCY":"113.3",
"ABSOLUTEHEIGHT":"640",
"SIGNPT_TYPE":"Совмещённый VOR/DME",
"OBJTOTEXT":"0",
"MAGVAR":"8"} },
{"type":"Feature",
"geometry": {"type": "Point","coordinates": [6.034166667,62.551944444] },"properties":{
"id":"RTS.406",
"STATUS":"Действующий",
"DBIDENT":"1783965",
"NAME":"VIGRA",
"ALT_NAME":"VIGRA",
"DESIGNATOR":"VIG",
"":"",
"LATITUDE":"623307N",
"LONGITUDE":"0060203E",
"ICAO_REG":"EN",
"DECLINATION":"3",
"FREQUENCY":"115.8",
"ABSOLUTEHEIGHT":"90",
"SIGNPT_TYPE":"Совмещённый VOR/DME",
"OBJTOTEXT":"0",
"MAGVAR":"3"} },
{"type":"Feature",
"geometry": {"type": "Point","coordinates": [5.128611111,60.548888889] },"properties":{
"id":"RTS.407",
"STATUS":"Действующий",
"DBIDENT":"1783969",
"NAME":"VOLLO",
"ALT_NAME":"VOLLO",
"DESIGNATOR":"VOO",
"":"",
"LATITUDE":"603256N",
"LONGITUDE":"0050743E",
"ICAO_REG":"EN",
"DECLINATION":"3",
"FREQUENCY":"114.85",
"ABSOLUTEHEIGHT":"320",
"SIGNPT_TYPE":"Совмещённый VOR/DME",
"OBJTOTEXT":"0",
"MAGVAR":"3"} },
{"type":"Feature",
"geometry": {"type": "Point","coordinates": [91.385527778,53.744722222] },"properties":{
"id":"RTS.408",
"STATUS":"Действующий",
"DBIDENT":"1785219",
"NAME":"ABAKAN",
"ALT_NAME":"АБАКАН",
"DESIGNATOR":"ABK",
"":"",
"LATITUDE":"534441N",
"LONGITUDE":"0912308E",
"ICAO_REG":"UX",
"":"",
"FREQUENCY":"113.3",
"ABSOLUTEHEIGHT":"270",
"SIGNPT_TYPE":"Дальномер DME",
"OBJTOTEXT":"0"} },
{"type":"Feature",
"geometry": {"type": "Point","coordinates": [53.466666667,56.832777778] },"properties":{
"id":"RTS.409",
"STATUS":"Действующий",
"DBIDENT":"1785946",
"NAME":"IZHEVSK",
"ALT_NAME":"ИЖЕВСК",
"DESIGNATOR":"IL",
"":"",
"LATITUDE":"564958N",
"LONGITUDE":"0532800E",
"ICAO_REG":"UX",
"":"",
"FREQUENCY":"114.2",
"ABSOLUTEHEIGHT":"180",
"SIGNPT_TYPE":"Дальномер DME",
"OBJTOTEXT":"0"} },
{"type":"Feature",
"geometry": {"type": "Point","coordinates": [35.744722222,52.714444444] },"properties":{
"id":"RTS.410",
"STATUS":"Действующий",
"DBIDENT":"1785947",
"NAME":"KROMY",
"ALT_NAME":"КРОМЫ",
"DESIGNATOR":"KY",
"":"",
"LATITUDE":"524252N",
"LONGITUDE":"0354441E",
"ICAO_REG":"UX",
"":"",
"FREQUENCY":"110.2",
"ABSOLUTEHEIGHT":"270",
"SIGNPT_TYPE":"Дальномер DME",
"OBJTOTEXT":"0"} },
{"type":"Feature",
"geometry": {"type": "Point","coordinates": [104.455277778,52.748333333] },"properties":{
"id":"RTS.411",
"STATUS":"Действующий",
"DBIDENT":"1785949",
"NAME":"NIKOLSK",
"ALT_NAME":"НИКОЛЬСК",
"DESIGNATOR":"NKL",
"":"",
"LATITUDE":"524454N",
"LONGITUDE":"1042719E",
"ICAO_REG":"UX",
"":"",
"FREQUENCY":"114.3",
"ABSOLUTEHEIGHT":"540",
"SIGNPT_TYPE":"Дальномер DME",
"OBJTOTEXT":"0"} },
{"type":"Feature",
"geometry": {"type": "Point","coordinates": [105.214722222,52.960833333] },"properties":{
"id":"RTS.412",
"STATUS":"Действующий",
"DBIDENT":"1785951",
"NAME":"OLZONY",
"ALT_NAME":"ОЛЬЗОНЫ",
"DESIGNATOR":"LZN",
"":"",
"LATITUDE":"525739N",
"LONGITUDE":"1051253E",
"ICAO_REG":"UX",
"":"",
"FREQUENCY":"114.6",
"ABSOLUTEHEIGHT":"720",
"SIGNPT_TYPE":"Дальномер DME",
"OBJTOTEXT":"0"} },
{"type":"Feature",
"geometry": {"type": "Point","coordinates": [103.875000000,53.381111111] },"properties":{
"id":"RTS.413",
"STATUS":"Действующий",
"DBIDENT":"1785952",
"NAME":"OSA",
"ALT_NAME":"ОСА",
"DESIGNATOR":"OSA",
"":"",
"LATITUDE":"532252N",
"LONGITUDE":"1035230E",
"ICAO_REG":"UX",
"":"",
"FREQUENCY":"113.7",
"ABSOLUTEHEIGHT":"480",
"SIGNPT_TYPE":"Дальномер DME",
"OBJTOTEXT":"0"} },
{"type":"Feature",
"geometry": {"type": "Point","coordinates": [109.008055556,53.407500000] },"properties":{
"id":"RTS.414",
"STATUS":"Действующий",
"DBIDENT":"1785994",
"NAME":"UST-BARGUZIN",
"ALT_NAME":"УСТЬ-БАРГУЗИН",
"DESIGNATOR":"UBN",
"":"",
"LATITUDE":"532427N",
"LONGITUDE":"1090029E",
"ICAO_REG":"UX",
"DECLINATION":"-8",
"":"",
"FREQUENCY":"114.7",
"ABSOLUTEHEIGHT":"480",
"SIGNPT_TYPE":"Дальномер DME",
"OBJTOTEXT":"0",
"MAGVAR":"-8"} },
{"type":"Feature",
"geometry": {"type": "Point","coordinates": [47.060555556,45.926944444] },"properties":{
"id":"RTS.415",
"STATUS":"Действующий",
"DBIDENT":"1785995",
"NAME":"ZENZELI",
"ALT_NAME":"ЗЕНЗЕЛИ",
"DESIGNATOR":"ZNL",
"":"",
"LATITUDE":"455537N",
"LONGITUDE":"0470338E",
"ICAO_REG":"UX",
"DECLINATION":"9",
"":"",
"FREQUENCY":"113.6",
"ABSOLUTEHEIGHT":"30",
"SIGNPT_TYPE":"Дальномер DME",
"OBJTOTEXT":"0",
"MAGVAR":"9"} },
{"type":"Feature",
"geometry": {"type": "Point","coordinates": [32.351944444,59.822222222] },"properties":{
"id":"RTS.416",
"STATUS":"Действующий",
"DBIDENT":"1786304",
"NAME":"GORKA",
"ALT_NAME":"ГОРКА",
"DESIGNATOR":"GNB",
"":"",
"LATITUDE":"594920N",
"LONGITUDE":"0322107E",
"ICAO_REG":"UX",
"":"",
"FREQUENCY":"114.1",
"ABSOLUTEHEIGHT":"60",
"SIGNPT_TYPE":"Дальномер DME",
"OBJTOTEXT":"0"} },
{"type":"Feature",
"geometry": {"type": "Point","coordinates": [41.698055556,49.654722222] },"properties":{
"id":"RTS.417",
"STATUS":"Действующий",
"DBIDENT":"1788168",
"NAME":"VESHENSKAYA",
"ALT_NAME":"ВЁШЕНСКАЯ",
"DESIGNATOR":"WNK",
"":"",
"LATITUDE":"493917N",
"LONGITUDE":"0414153E",
"ICAO_REG":"UX",
"":"",
"FREQUENCY":"116.7",
"ABSOLUTEHEIGHT":"90",
"SIGNPT_TYPE":"Дальномер DME",
"OBJTOTEXT":"0"} },
{"type":"Feature",
"geometry": {"type": "Point","coordinates": [57.285833333,63.827222222] },"properties":{
"id":"RTS.418",
"STATUS":"Действующий",
"DBIDENT":"1788169",
"NAME":"VUKTYL",
"ALT_NAME":"ВУКТЫЛ",
"DESIGNATOR":"BW",
"":"",
"LATITUDE":"634938N",
"LONGITUDE":"0571709E",
"ICAO_REG":"UX",
"":"",
"FREQUENCY":"111",
"ABSOLUTEHEIGHT":"120",
"SIGNPT_TYPE":"Дальномер DME",
"OBJTOTEXT":"0"} },
{"type":"Feature",
"geometry": {"type": "Point","coordinates": [73.295000000,54.958888889] },"properties":{
"id":"RTS.419",
"STATUS":"Действующий",
"DBIDENT":"1789023",
"NAME":"OMSK Tsentralny",
"ALT_NAME":"ОМСК Центральный",
"DESIGNATOR":"OMS",
"":"",
"LATITUDE":"545732N",
"LONGITUDE":"0731742E",
"ICAO_REG":"UX",
"DECLINATION":"12",
"FREQUENCY":"113.9",
"ABSOLUTEHEIGHT":"100",
"SIGNPT_TYPE":"Совмещённый VOR/DME",
"OBJTOTEXT":"0",
"MAGVAR":"12"} },
{"type":"Feature",
"geometry": {"type": "Point","coordinates": [38.914722222,61.508888889] },"properties":{
"id":"RTS.420",
"STATUS":"Действующий",
"DBIDENT":"1789029",
"NAME":"KARGOPOL",
"ALT_NAME":"КАРГОПОЛЬ",
"DESIGNATOR":"KRG",
"":"",
"LATITUDE":"613032N",
"LONGITUDE":"0385453E",
"ICAO_REG":"UX",
"":"",
"FREQUENCY":"116.75",
"ABSOLUTEHEIGHT":"150",
"SIGNPT_TYPE":"Дальномер DME",
"OBJTOTEXT":"0"} },
{"type":"Feature",
"geometry": {"type": "Point","coordinates": [40.105555556,44.628888889] },"properties":{
"id":"RTS.421",
"STATUS":"Действующий",
"DBIDENT":"1789244",
"NAME":"MAYKOP",
"ALT_NAME":"МАЙКОП",
"DESIGNATOR":"MKP",
"":"",
"LATITUDE":"443744N",
"LONGITUDE":"0400620E",
"ICAO_REG":"UX",
"":"",
"FREQUENCY":"113.9",
"ABSOLUTEHEIGHT":"240",
"SIGNPT_TYPE":"Дальномер DME",
"OBJTOTEXT":"0"} },
{"type":"Feature",
"geometry": {"type": "Point","coordinates": [82.460000000,65.735000000] },"properties":{
"id":"RTS.422",
"STATUS":"Действующий",
"DBIDENT":"1789247",
"NAME":"KRASNOSELKUP",
"ALT_NAME":"КРАСНОСЕЛЬКУП",
"DESIGNATOR":"RNK",
"":"",
"LATITUDE":"654406N",
"LONGITUDE":"0822736E",
"ICAO_REG":"UX",
"":"",
"FREQUENCY":"111.4",
"ABSOLUTEHEIGHT":"30",
"SIGNPT_TYPE":"Дальномер DME",
"OBJTOTEXT":"0"} },
{"type":"Feature",
"geometry": {"type": "Point","coordinates": [79.578333333,57.563888889] },"properties":{
"id":"RTS.423",
"STATUS":"Действующий",
"DBIDENT":"1789248",
"NAME":"KEDROVY",
"ALT_NAME":"КЕДРОВЫЙ",
"DESIGNATOR":"KE",
"":"",
"LATITUDE":"573350N",
"LONGITUDE":"0793442E",
"ICAO_REG":"UX",
"":"",
"FREQUENCY":"112.7",
"ABSOLUTEHEIGHT":"120",
"SIGNPT_TYPE":"Дальномер DME",
"OBJTOTEXT":"0"} },
{"type":"Feature",
"geometry": {"type": "Point","coordinates": [82.924722222,58.352500000] },"properties":{
"id":"RTS.424",
"STATUS":"Действующий",
"DBIDENT":"1789249",
"NAME":"KOLPASHEVO",
"ALT_NAME":"КОЛПАШЕВО",
"DESIGNATOR":"KLP",
"":"",
"LATITUDE":"582109N",
"LONGITUDE":"0825529E",
"ICAO_REG":"UX",
"DECLINATION":"10",
"FREQUENCY":"112.5",
"ABSOLUTEHEIGHT":"90",
"SIGNPT_TYPE":"Совмещённый VOR/DME",
"OBJTOTEXT":"0",
"MAGVAR":"10"} },
{"type":"Feature",
"geometry": {"type": "Point","coordinates": [80.835833333,59.063611111] },"properties":{
"id":"RTS.425",
"STATUS":"Действующий",
"DBIDENT":"1789250",
"NAME":"KARGASOK",
"ALT_NAME":"КАРГАСОК",
"DESIGNATOR":"TJ",
"":"",
"LATITUDE":"590349N",
"LONGITUDE":"0805009E",
"ICAO_REG":"UX",
"":"",
"FREQUENCY":"114.2",
"ABSOLUTEHEIGHT":"90",
"SIGNPT_TYPE":"Дальномер DME",
"OBJTOTEXT":"0"} },
{"type":"Feature",
"geometry": {"type": "Point","coordinates": [35.210277778,36.940555556] },"properties":{
"id":"RTS.426",
"STATUS":"Действующий",
"DBIDENT":"1789428",
"NAME":"ADANA",
"ALT_NAME":"ADANA",
"DESIGNATOR":"ADA",
"":"",
"LATITUDE":"365626N",
"LONGITUDE":"0351237E",
"ICAO_REG":"LT",
"DECLINATION":"6",
"FREQUENCY":"112.7",
"ABSOLUTEHEIGHT":"21",
"SIGNPT_TYPE":"Совмещённый VOR/DME",
"OBJTOTEXT":"0",
"MAGVAR":"6"} },
{"type":"Feature",
"geometry": {"type": "Point","coordinates": [38.466111111,37.726666667] },"properties":{
"id":"RTS.427",
"STATUS":"Действующий",
"DBIDENT":"1789436",
"NAME":"ADIYAMAN",
"ALT_NAME":"ADIYAMAN",
"DESIGNATOR":"KHD",
"":"",
"LATITUDE":"374336N",
"LONGITUDE":"0382758E",
"ICAO_REG":"LT",
"DECLINATION":"6",
"FREQUENCY":"113.6",
"ABSOLUTEHEIGHT":"683",
"SIGNPT_TYPE":"Совмещённый VOR/DME",
"OBJTOTEXT":"0",
"MAGVAR":"6"} },
{"type":"Feature",
"geometry": {"type": "Point","coordinates": [30.546944444,38.804166667] },"properties":{
"id":"RTS.428",
"STATUS":"Действующий",
"DBIDENT":"1789454",
"NAME":"AFYON",
"ALT_NAME":"AFYON",
"DESIGNATOR":"KFK",
"":"",
"LATITUDE":"384815N",
"LONGITUDE":"0303249E",
"ICAO_REG":"LT",
"DECLINATION":"6",
"FREQUENCY":"112.2",
"ABSOLUTEHEIGHT":"1022",
"SIGNPT_TYPE":"Совмещённый VOR/DME",
"OBJTOTEXT":"0",
"MAGVAR":"6"} },
{"type":"Feature",
"geometry": {"type": "Point","coordinates": [43.026944444,39.645833333] },"properties":{
"id":"RTS.429",
"STATUS":"Действующий",
"DBIDENT":"1789464",
"NAME":"AGRI",
"ALT_NAME":"AGRI",
"DESIGNATOR":"ARI",
"":"",
"LATITUDE":"393845N",
"LONGITUDE":"0430137E",
"ICAO_REG":"LT",
"DECLINATION":"6",
"FREQUENCY":"116.7",
"ABSOLUTEHEIGHT":"1669",
"SIGNPT_TYPE":"Совмещённый VOR/DME",
"OBJTOTEXT":"0",
"MAGVAR":"6"} },
{"type":"Feature",
"geometry": {"type": "Point","coordinates": [30.794444444,36.920833333] },"properties":{
"id":"RTS.430",
"STATUS":"Действующий",
"DBIDENT":"1789483",
"NAME":"ANTALYA",
"ALT_NAME":"ANTALYA",
"DESIGNATOR":"AYT",
"":"",
"LATITUDE":"365515N",
"LONGITUDE":"0304740E",
"ICAO_REG":"LT",
"DECLINATION":"6",
"FREQUENCY":"114",
"ABSOLUTEHEIGHT":"59",
"SIGNPT_TYPE":"Совмещённый VOR/DME",
"OBJTOTEXT":"0",
"MAGVAR":"6"} },
{"type":"Feature",
"geometry": {"type": "Point","coordinates": [29.142777778,41.126944444] },"properties":{
"id":"RTS.431",
"STATUS":"Действующий",
"DBIDENT":"1789511",
"NAME":"BEYKOZ",
"ALT_NAME":"BEYKOZ",
"DESIGNATOR":"BKZ",
"":"",
"LATITUDE":"410737N",
"LONGITUDE":"0290834E",
"ICAO_REG":"LT",
"DECLINATION":"6",
"FREQUENCY":"117.3",
"ABSOLUTEHEIGHT":"327",
"SIGNPT_TYPE":"Совмещённый VOR/DME",
"OBJTOTEXT":"0",
"MAGVAR":"6"} },
{"type":"Feature",
"geometry": {"type": "Point","coordinates": [27.365555556,40.284444444] },"properties":{
"id":"RTS.432",
"STATUS":"Действующий",
"DBIDENT":"1789519",
"NAME":"BIGA",
"ALT_NAME":"BIGA",
"DESIGNATOR":"BIG",
"":"",
"LATITUDE":"401704N",
"LONGITUDE":"0272156E",
"ICAO_REG":"LT",
"DECLINATION":"6",
"FREQUENCY":"116.9",
"ABSOLUTEHEIGHT":"127",
"SIGNPT_TYPE":"Совмещённый VOR/DME",
"OBJTOTEXT":"0",
"MAGVAR":"6"} },
{"type":"Feature",
"geometry": {"type": "Point","coordinates": [40.600833333,38.855555556] },"properties":{
"id":"RTS.433",
"STATUS":"Действующий",
"DBIDENT":"1789525",
"NAME":"BINGOL",
"ALT_NAME":"BINGOL",
"DESIGNATOR":"BNG",
"":"",
"LATITUDE":"385120N",
"LONGITUDE":"0403603E",
"ICAO_REG":"LT",
"DECLINATION":"6",
"FREQUENCY":"112.1",
"ABSOLUTEHEIGHT":"1071",
"SIGNPT_TYPE":"Совмещённый VOR/DME",
"OBJTOTEXT":"0",
"MAGVAR":"6"} },
{"type":"Feature",
"geometry": {"type": "Point","coordinates": [29.594166667,40.262500000] },"properties":{
"id":"RTS.434",
"STATUS":"Действующий",
"DBIDENT":"1789526",
"NAME":"BURSA/YENISEHIR",
"ALT_NAME":"BURSA/YENISEHIR",
"DESIGNATOR":"BRY",
"":"",
"LATITUDE":"401545N",
"LONGITUDE":"0293539E",
"ICAO_REG":"LT",
"DECLINATION":"6",
"FREQUENCY":"115.3",
"ABSOLUTEHEIGHT":"235",
"SIGNPT_TYPE":"Совмещённый VOR/DME",
"OBJTOTEXT":"0",
"MAGVAR":"6"} },
{"type":"Feature",
"geometry": {"type": "Point","coordinates": [26.426666667,40.134444444] },"properties":{
"id":"RTS.435",
"STATUS":"Действующий",
"DBIDENT":"1789530",
"NAME":"CANAKKALE",
"ALT_NAME":"CANAKKALE",
"DESIGNATOR":"CNK",
"":"",
"LATITUDE":"400804N",
"LONGITUDE":"0262536E",
"ICAO_REG":"LT",
"DECLINATION":"6",
"FREQUENCY":"111.2",
"ABSOLUTEHEIGHT":"14",
"SIGNPT_TYPE":"Совмещённый VOR/DME",
"OBJTOTEXT":"0",
"MAGVAR":"6"} },
{"type":"Feature",
"geometry": {"type": "Point","coordinates": [29.704166667,37.790000000] },"properties":{
"id":"RTS.436",
"STATUS":"Действующий",
"DBIDENT":"1789537",
"NAME":"CARDAK",
"ALT_NAME":"CARDAK",
"DESIGNATOR":"CRD",
"":"",
"LATITUDE":"374724N",
"LONGITUDE":"0294215E",
"ICAO_REG":"LT",
"DECLINATION":"6",
"FREQUENCY":"112",
"ABSOLUTEHEIGHT":"856",
"SIGNPT_TYPE":"Совмещённый VOR/DME",
"OBJTOTEXT":"0",
"MAGVAR":"6"} },
{"type":"Feature",
"geometry": {"type": "Point","coordinates": [36.548888889,41.265555556] },"properties":{
"id":"RTS.437",
"STATUS":"Действующий",
"DBIDENT":"1789538",
"NAME":"CARSAMBA",
"ALT_NAME":"CARSAMBA",
"DESIGNATOR":"CRM",
"":"",
"LATITUDE":"411556N",
"LONGITUDE":"0363256E",
"ICAO_REG":"LT",
"DECLINATION":"7",
"FREQUENCY":"112.8",
"ABSOLUTEHEIGHT":"10",
"SIGNPT_TYPE":"Совмещённый VOR/DME",
"OBJTOTEXT":"0",
"MAGVAR":"7"} },
{"type":"Feature",
"geometry": {"type": "Point","coordinates": [32.044444444,41.513888889] },"properties":{
"id":"RTS.438",
"STATUS":"Действующий",
"DBIDENT":"1789539",
"NAME":"CAYCUMA",
"ALT_NAME":"CAYCUMA",
"DESIGNATOR":"CAY",
"":"",
"LATITUDE":"413050N",
"LONGITUDE":"0320240E",
"ICAO_REG":"LT",
"DECLINATION":"6",
"FREQUENCY":"109.6",
"ABSOLUTEHEIGHT":"521",
"SIGNPT_TYPE":"Совмещённый VOR/DME",
"OBJTOTEXT":"0",
"MAGVAR":"6"} },
{"type":"Feature",
"geometry": {"type": "Point","coordinates": [27.935000000,41.150833333] },"properties":{
"id":"RTS.439",
"STATUS":"Действующий",
"DBIDENT":"1789540",
"NAME":"CORLU",
"ALT_NAME":"CORLU",
"DESIGNATOR":"CRL",
"":"",
"LATITUDE":"410903N",
"LONGITUDE":"0275606E",
"ICAO_REG":"LT",
"DECLINATION":"6",
"FREQUENCY":"114.8",
"ABSOLUTEHEIGHT":"187",
"SIGNPT_TYPE":"Совмещённый VOR/DME",
"OBJTOTEXT":"0",
"MAGVAR":"6"} },
{"type":"Feature",
"geometry": {"type": "Point","coordinates": [33.105000000,40.241944444] },"properties":{
"id":"RTS.440",
"STATUS":"Действующий",
"DBIDENT":"1789541",
"NAME":"CUBUK",
"ALT_NAME":"CUBUK",
"DESIGNATOR":"BUK",
"":"",
"LATITUDE":"401431N",
"LONGITUDE":"0330618E",
"ICAO_REG":"LT",
"DECLINATION":"6",
"FREQUENCY":"114.3",
"ABSOLUTEHEIGHT":"1253",
"SIGNPT_TYPE":"Совмещённый VOR/DME",
"OBJTOTEXT":"0",
"MAGVAR":"6"} },
{"type":"Feature",
"geometry": {"type": "Point","coordinates": [28.782222222,36.689722222] },"properties":{
"id":"RTS.441",
"STATUS":"Действующий",
"DBIDENT":"1789542",
"NAME":"DALAMAN",
"ALT_NAME":"DALAMAN",
"DESIGNATOR":"DAL",
"":"",
"LATITUDE":"364123N",
"LONGITUDE":"0284656E",
"ICAO_REG":"LT",
"DECLINATION":"5",
"FREQUENCY":"114.7",
"ABSOLUTEHEIGHT":"10",
"SIGNPT_TYPE":"Совмещённый VOR/DME",
"OBJTOTEXT":"0",
"MAGVAR":"5"} },
{"type":"Feature",
"geometry": {"type": "Point","coordinates": [40.208333333,37.873611111] },"properties":{
"id":"RTS.442",
"STATUS":"Действующий",
"DBIDENT":"1789543",
"NAME":"DIYARBAKIR",
"ALT_NAME":"DIYARBAKIR",
"DESIGNATOR":"DYB",
"":"",
"LATITUDE":"375225N",
"LONGITUDE":"0401230E",
"ICAO_REG":"LT",
"DECLINATION":"6",
"FREQUENCY":"109.4",
"ABSOLUTEHEIGHT":"665",
"SIGNPT_TYPE":"Совмещённый VOR/DME",
"OBJTOTEXT":"0",
"MAGVAR":"6"} },
{"type":"Feature",
"geometry": {"type": "Point","coordinates": [39.224166667,38.708333333] },"properties":{
"id":"RTS.443",
"STATUS":"Действующий",
"DBIDENT":"1789549",
"NAME":"ELAZIG",
"ALT_NAME":"ELAZIG",
"DESIGNATOR":"EZS",
"":"",
"LATITUDE":"384230N",
"LONGITUDE":"0391327E",
"ICAO_REG":"LT",
"DECLINATION":"6",
"FREQUENCY":"114.7",
"ABSOLUTEHEIGHT":"1487",
"SIGNPT_TYPE":"Совмещённый VOR/DME",
"OBJTOTEXT":"0",
"MAGVAR":"6"} },
{"type":"Feature",
"geometry": {"type": "Point","coordinates": [39.529166667,39.708333333] },"properties":{
"id":"RTS.444",
"STATUS":"Действующий",
"DBIDENT":"1789567",
"NAME":"ERZINCAN",
"ALT_NAME":"ERZINCAN",
"DESIGNATOR":"ERN",
"":"",
"LATITUDE":"394230N",
"LONGITUDE":"0393145E",
"ICAO_REG":"LT",
"DECLINATION":"6",
"FREQUENCY":"112.7",
"ABSOLUTEHEIGHT":"1153",
"SIGNPT_TYPE":"Совмещённый VOR/DME",
"OBJTOTEXT":"0",
"MAGVAR":"6"} },
{"type":"Feature",
"geometry": {"type": "Point","coordinates": [41.207222222,39.956666667] },"properties":{
"id":"RTS.445",
"STATUS":"Действующий",
"DBIDENT":"1789571",
"NAME":"ERZURUM",
"ALT_NAME":"ERZURUM",
"DESIGNATOR":"ERZ",
"":"",
"LATITUDE":"395724N",
"LONGITUDE":"0411226E",
"ICAO_REG":"LT",
"DECLINATION":"6",
"FREQUENCY":"115.5",
"ABSOLUTEHEIGHT":"1769",
"SIGNPT_TYPE":"Совмещённый VOR/DME",
"OBJTOTEXT":"0",
"MAGVAR":"6"} },
{"type":"Feature",
"geometry": {"type": "Point","coordinates": [30.512500000,39.813333333] },"properties":{
"id":"RTS.446",
"STATUS":"Действующий",
"DBIDENT":"1789574",
"NAME":"ESKISEHIR",
"ALT_NAME":"ESKISEHIR",
"DESIGNATOR":"ESR",
"":"",
"LATITUDE":"394848N",
"LONGITUDE":"0303045E",
"ICAO_REG":"LT",
"DECLINATION":"6",
"FREQUENCY":"108.2",
"ABSOLUTEHEIGHT":"795",
"SIGNPT_TYPE":"Совмещённый VOR/DME",
"OBJTOTEXT":"0",
"MAGVAR":"6"} },
{"type":"Feature",
"geometry": {"type": "Point","coordinates": [38.904722222,37.458055556] },"properties":{
"id":"RTS.447",
"STATUS":"Действующий",
"DBIDENT":"1789585",
"NAME":"GAP",
"ALT_NAME":"GAP",
"DESIGNATOR":"GAP",
"":"",
"LATITUDE":"372729N",
"LONGITUDE":"0385417E",
"ICAO_REG":"LT",
"DECLINATION":"6",
"FREQUENCY":"113.2",
"ABSOLUTEHEIGHT":"841",
"SIGNPT_TYPE":"Совмещённый VOR/DME",
"OBJTOTEXT":"0",
"MAGVAR":"6"} },
{"type":"Feature",
"geometry": {"type": "Point","coordinates": [37.473055556,36.951666667] },"properties":{
"id":"RTS.448",
"STATUS":"Действующий",
"DBIDENT":"1789586",
"NAME":"GAZIANTEP",
"ALT_NAME":"GAZIANTEP",
"DESIGNATOR":"GAZ",
"":"",
"LATITUDE":"365706N",
"LONGITUDE":"0372823E",
"ICAO_REG":"LT",
"DECLINATION":"6",
"FREQUENCY":"116.7",
"ABSOLUTEHEIGHT":"705",
"SIGNPT_TYPE":"Совмещённый VOR/DME",
"OBJTOTEXT":"0",
"MAGVAR":"6"} },
{"type":"Feature",
"geometry": {"type": "Point","coordinates": [48.220555556,30.375277778] },"properties":{
"id":"RTS.449",
"STATUS":"Действующий",
"DBIDENT":"1789588",
"NAME":"ABADAN",
"ALT_NAME":"АБАДАН",
"DESIGNATOR":"ABD",
"":"",
"LATITUDE":"302231N",
"LONGITUDE":"0481314E",
"ICAO_REG":"OI",
"DECLINATION":"4",
"FREQUENCY":"115.1",
"ABSOLUTEHEIGHT":"0",
"SIGNPT_TYPE":"Совмещённый VOR/DME",
"OBJTOTEXT":"0",
"MAGVAR":"4"} },
{"type":"Feature",
"geometry": {"type": "Point","coordinates": [55.022777778,25.878055556] },"properties":{
"id":"RTS.450",
"STATUS":"Действующий",
"DBIDENT":"1789589",
"NAME":"ABUMUSA ISLAND",
"ALT_NAME":"ОСТРОВ АБУМУСА",
"DESIGNATOR":"ABM",
"":"",
"LATITUDE":"255241N",
"LONGITUDE":"0550122E",
"ICAO_REG":"OI",
"DECLINATION":"2",
"FREQUENCY":"0.285",
"ABSOLUTEHEIGHT":"0",
"SIGNPT_TYPE":"Маяк NDB",
"OBJTOTEXT":"0",
"MAGVAR":"2"} },
{"type":"Feature",
"geometry": {"type": "Point","coordinates": [48.764722222,31.337500000] },"properties":{
"id":"RTS.451",
"STATUS":"Действующий",
"DBIDENT":"1789590",
"NAME":"AHWAZ",
"ALT_NAME":"АХВАЗ",
"DESIGNATOR":"AWZ",
"":"",
"LATITUDE":"312015N",
"LONGITUDE":"0484553E",
"ICAO_REG":"OI",
"DECLINATION":"4",
"FREQUENCY":"114",
"ABSOLUTEHEIGHT":"0",
"SIGNPT_TYPE":"Совмещённый VOR/DME",
"OBJTOTEXT":"0",
"MAGVAR":"4"} },
{"type":"Feature",
"geometry": {"type": "Point","coordinates": [49.680277778,30.744722222] },"properties":{
"id":"RTS.452",
"STATUS":"Действующий",
"DBIDENT":"1789591",
"NAME":"AGHAJARI",
"ALT_NAME":"АГАДЖАРИ",
"DESIGNATOR":"AJR",
"":"",
"LATITUDE":"304441N",
"LONGITUDE":"0494049E",
"ICAO_REG":"OI",
"DECLINATION":"4",
"FREQUENCY":"114.9",
"ABSOLUTEHEIGHT":"20",
"SIGNPT_TYPE":"Совмещённый VOR/DME",
"OBJTOTEXT":"0",
"MAGVAR":"4"} },
{"type":"Feature",
"geometry": {"type": "Point","coordinates": [53.729722222,33.537500000] },"properties":{
"id":"RTS.453",
"STATUS":"Действующий",
"DBIDENT":"1789592",
"NAME":"ANARAK",
"ALT_NAME":"АНАРАК",
"DESIGNATOR":"ANK",
"":"",
"LATITUDE":"333215N",
"LONGITUDE":"0534347E",
"ICAO_REG":"OI",
"DECLINATION":"4",
"FREQUENCY":"112.7",
"ABSOLUTEHEIGHT":"0",
"SIGNPT_TYPE":"Совмещённый VOR/DME",
"OBJTOTEXT":"0",
"MAGVAR":"4"} },
{"type":"Feature",
"geometry": {"type": "Point","coordinates": [49.853888889,34.137222222] },"properties":{
"id":"RTS.454",
"STATUS":"Действующий",
"DBIDENT":"1789593",
"NAME":"ARAK",
"ALT_NAME":"АРАК",
"DESIGNATOR":"ARK",
"":"",
"LATITUDE":"340814N",
"LONGITUDE":"0495114E",
"ICAO_REG":"OI",
"DECLINATION":"5",
"FREQUENCY":"114.8",
"ABSOLUTEHEIGHT":"1660",
"SIGNPT_TYPE":"Совмещённый VOR/DME",
"OBJTOTEXT":"0",
"MAGVAR":"5"} },
{"type":"Feature",
"geometry": {"type": "Point","coordinates": [48.434722222,38.315833333] },"properties":{
"id":"RTS.455",
"STATUS":"Действующий",
"DBIDENT":"1789594",
"NAME":"ARDABIL",
"ALT_NAME":"АРДАБИЛ",
"DESIGNATOR":"ARB",
"":"",
"LATITUDE":"381857N",
"LONGITUDE":"0482605E",
"ICAO_REG":"OI",
"DECLINATION":"6",
"FREQUENCY":"115.7",
"ABSOLUTEHEIGHT":"1310",
"SIGNPT_TYPE":"Совмещённый VOR/DME",
"OBJTOTEXT":"0",
"MAGVAR":"6"} },
{"type":"Feature",
"geometry": {"type": "Point","coordinates": [58.458333333,29.077500000] },"properties":{
"id":"RTS.456",
"STATUS":"Действующий",
"DBIDENT":"1789595",
"NAME":"BAM",
"ALT_NAME":"БАМ",
"DESIGNATOR":"BAM",
"":"",
"LATITUDE":"290439N",
"LONGITUDE":"0582730E",
"ICAO_REG":"OI",
"DECLINATION":"3",
"FREQUENCY":"114.9",
"ABSOLUTEHEIGHT":"960",
"SIGNPT_TYPE":"Совмещённый VOR/DME",
"OBJTOTEXT":"0",
"MAGVAR":"3"} },
{"type":"Feature",
"geometry": {"type": "Point","coordinates": [56.366666667,27.196944444] },"properties":{
"id":"RTS.457",
"STATUS":"Действующий",
"DBIDENT":"1789596",
"NAME":"BANDAR ABBAS",
"ALT_NAME":"БАНДАР АББАС",
"DESIGNATOR":"BND",
"":"",
"LATITUDE":"271149N",
"LONGITUDE":"0562200E",
"ICAO_REG":"OI",
"DECLINATION":"3",
"FREQUENCY":"117.2",
"ABSOLUTEHEIGHT":"0",
"SIGNPT_TYPE":"Совмещённый VOR/DME",
"OBJTOTEXT":"0",
"MAGVAR":"3"} },
{"type":"Feature",
"geometry": {"type": "Point","coordinates": [54.851111111,26.536111111] },"properties":{
"id":"RTS.458",
"STATUS":"Действующий",
"DBIDENT":"1789597",
"NAME":"BANDAR LENGEH",
"ALT_NAME":"БАНДАР ЛЕНГЕ",
"DESIGNATOR":"LEN",
"":"",
"LATITUDE":"263210N",
"LONGITUDE":"0545104E",
"ICAO_REG":"OI",
"DECLINATION":"2",
"FREQUENCY":"114.8",
"ABSOLUTEHEIGHT":"20",
"SIGNPT_TYPE":"Совмещённый VOR/DME",
"OBJTOTEXT":"0",
"MAGVAR":"2"} },
{"type":"Feature",
"geometry": {"type": "Point","coordinates": [49.149444444,30.556388889] },"properties":{
"id":"RTS.459",
"STATUS":"Действующий",
"DBIDENT":"1789598",
"NAME":"BANDAR MAHSHAHR",
"ALT_NAME":"БАНДАР МАХШАХР",
"DESIGNATOR":"MAH",
"":"",
"LATITUDE":"303323N",
"LONGITUDE":"0490858E",
"ICAO_REG":"OI",
"DECLINATION":"4",
"FREQUENCY":"115.8",
"ABSOLUTEHEIGHT":"0",
"SIGNPT_TYPE":"Совмещённый VOR/DME",
"OBJTOTEXT":"0",
"MAGVAR":"4"} },
{"type":"Feature",
"geometry": {"type": "Point","coordinates": [59.281111111,32.897777778] },"properties":{
"id":"RTS.460",
"STATUS":"Действующий",
"DBIDENT":"1789599",
"NAME":"BIRJAND",
"ALT_NAME":"БИРДЖАНД",
"DESIGNATOR":"BRN",
"":"",
"LATITUDE":"325352N",
"LONGITUDE":"0591652E",
"ICAO_REG":"OI",
"DECLINATION":"4",
"FREQUENCY":"117.45",
"ABSOLUTEHEIGHT":"0",
"SIGNPT_TYPE":"Совмещённый VOR/DME",
"OBJTOTEXT":"0",
"MAGVAR":"4"} },
{"type":"Feature",
"geometry": {"type": "Point","coordinates": [57.323333333,37.495000000] },"properties":{
"id":"RTS.461",
"STATUS":"Действующий",
"DBIDENT":"1789600",
"NAME":"BOJNORD",
"ALT_NAME":"БОДЖНУРД",
"DESIGNATOR":"BRD",
"":"",
"LATITUDE":"372942N",
"LONGITUDE":"0571924E",
"ICAO_REG":"OI",
"DECLINATION":"5",
"FREQUENCY":"114.8",
"ABSOLUTEHEIGHT":"0",
"SIGNPT_TYPE":"Совмещённый VOR/DME",
"OBJTOTEXT":"0",
"MAGVAR":"5"} },
{"type":"Feature",
"geometry": {"type": "Point","coordinates": [50.826111111,28.951388889] },"properties":{
"id":"RTS.462",
"STATUS":"Действующий",
"DBIDENT":"1789601",
"NAME":"BUSHEHR",
"ALT_NAME":"БУШИР",
"DESIGNATOR":"BUZ",
"":"",
"LATITUDE":"285705N",
"LONGITUDE":"0504934E",
"ICAO_REG":"OI",
"DECLINATION":"3",
"FREQUENCY":"117.45",
"ABSOLUTEHEIGHT":"10",
"SIGNPT_TYPE":"Совмещённый VOR/DME",
"OBJTOTEXT":"0",
"MAGVAR":"3"} },
{"type":"Feature",
"geometry": {"type": "Point","coordinates": [60.414444444,25.445000000] },"properties":{
"id":"RTS.463",
"STATUS":"Действующий",
"DBIDENT":"1789602",
"NAME":"CHAH BAHAR",
"ALT_NAME":"ЧАХ БАХАР",
"DESIGNATOR":"CBH",
"":"",
"LATITUDE":"252642N",
"LONGITUDE":"0602452E",
"ICAO_REG":"OI",
"DECLINATION":"2",
"FREQUENCY":"115.6",
"ABSOLUTEHEIGHT":"0",
"SIGNPT_TYPE":"Совмещённый VOR/DME",
"OBJTOTEXT":"0",
"MAGVAR":"2"} },
{"type":"Feature",
"geometry": {"type": "Point","coordinates": [56.994444444,31.783055556] },"properties":{
"id":"RTS.464",
"STATUS":"Действующий",
"DBIDENT":"1789603",
"NAME":"DARBAND",
"ALT_NAME":"ДАРБАНД",
"DESIGNATOR":"DAR",
"":"",
"LATITUDE":"314659N",
"LONGITUDE":"0565940E",
"ICAO_REG":"OI",
"DECLINATION":"4",
"FREQUENCY":"113.7",
"ABSOLUTEHEIGHT":"0",
"SIGNPT_TYPE":"Совмещённый VOR/DME",
"OBJTOTEXT":"0",
"MAGVAR":"4"} },
{"type":"Feature",
"geometry": {"type": "Point","coordinates": [53.188888889,36.648333333] },"properties":{
"id":"RTS.465",
"STATUS":"Действующий",
"DBIDENT":"1789604",
"NAME":"DASHT-E-NAZ",
"DESIGNATOR":"DNZ",
"":"",
"LATITUDE":"363854N",
"LONGITUDE":"0531120E",
"ICAO_REG":"OI",
"DECLINATION":"5",
"FREQUENCY":"113.1",
"ABSOLUTEHEIGHT":"0",
"SIGNPT_TYPE":"Совмещённый VOR/DME",
"OBJTOTEXT":"0",
"MAGVAR":"5"} },
{"type":"Feature",
"geometry": {"type": "Point","coordinates": [52.720000000,35.254166667] },"properties":{
"id":"RTS.466",
"STATUS":"Действующий",
"DBIDENT":"1789605",
"NAME":"DEHNAMAK",
"ALT_NAME":"ДЕНАМАК",
"DESIGNATOR":"DHN",
"":"",
"LATITUDE":"351515N",
"LONGITUDE":"0524312E",
"ICAO_REG":"OI",
"DECLINATION":"5",
"FREQUENCY":"114.5",
"ABSOLUTEHEIGHT":"0",
"SIGNPT_TYPE":"Совмещённый VOR/DME",
"OBJTOTEXT":"0",
"MAGVAR":"5"} },
{"type":"Feature",
"geometry": {"type": "Point","coordinates": [48.378333333,32.438055556] },"properties":{
"id":"RTS.467",
"STATUS":"Действующий",
"DBIDENT":"1789606",
"NAME":"DEZFUL",
"ALT_NAME":"ДЕЗФУЛ",
"DESIGNATOR":"DZF",
"":"",
"LATITUDE":"322617N",
"LONGITUDE":"0482242E",
"ICAO_REG":"OI",
"DECLINATION":"4",
"FREQUENCY":"0.293",
"ABSOLUTEHEIGHT":"0",
"SIGNPT_TYPE":"Маяк NDB",
"OBJTOTEXT":"0",
"MAGVAR":"4"} },
{"type":"Feature",
"geometry": {"type": "Point","coordinates": [51.560000000,32.932500000] },"properties":{
"id":"RTS.468",
"STATUS":"Действующий",
"DBIDENT":"1789607",
"NAME":"ESFAHAN",
"ALT_NAME":"ИФСАХАН",
"DESIGNATOR":"HSA",
"":"",
"LATITUDE":"325557N",
"LONGITUDE":"0513336E",
"ICAO_REG":"OI",
"":"",
"FREQUENCY":"113.45",
"ABSOLUTEHEIGHT":"0",
"SIGNPT_TYPE":"Дальномер DME",
"OBJTOTEXT":"0"} },
{"type":"Feature",
"geometry": {"type": "Point","coordinates": [55.907777778,26.763055556] },"properties":{
"id":"RTS.469",
"STATUS":"Действующий",
"DBIDENT":"1789608",
"NAME":"GHESHM ISLAND",
"ALT_NAME":"ОСТРОВ КЕШМ",
"DESIGNATOR":"KHM",
"":"",
"LATITUDE":"264547N",
"LONGITUDE":"0555428E",
"ICAO_REG":"OI",
"FREQUENCY":"0.335",
"ABSOLUTEHEIGHT":"0",
"SIGNPT_TYPE":"Маяк NDB",
"OBJTOTEXT":"0"} },
{"type":"Feature",
"geometry": {"type": "Point","coordinates": [54.375833333,36.929166667] },"properties":{
"id":"RTS.470",
"STATUS":"Действующий",
"DBIDENT":"1789609",
"NAME":"GORGAN",
"ALT_NAME":"ГОРГАН",
"DESIGNATOR":"GGN",
"":"",
"LATITUDE":"365545N",
"LONGITUDE":"0542233E",
"ICAO_REG":"OI",
"DECLINATION":"5",
"FREQUENCY":"117.6",
"ABSOLUTEHEIGHT":"-30",
"SIGNPT_TYPE":"Совмещённый VOR/DME",
"OBJTOTEXT":"0",
"MAGVAR":"5"} },
{"type":"Feature",
"geometry": {"type": "Point","coordinates": [48.550277778,34.866944444] },"properties":{
"id":"RTS.471",
"STATUS":"Действующий",
"DBIDENT":"1789610",
"NAME":"HAMADAN",
"ALT_NAME":"ХАМАДАН",
"DESIGNATOR":"HAM",
"":"",
"LATITUDE":"345201N",
"LONGITUDE":"0483301E",
"ICAO_REG":"OI",
"DECLINATION":"5",
"FREQUENCY":"117.9",
"ABSOLUTEHEIGHT":"1740",
"SIGNPT_TYPE":"Совмещённый VOR/DME",
"OBJTOTEXT":"0",
"MAGVAR":"5"} },
{"type":"Feature",
"geometry": {"type": "Point","coordinates": [48.546111111,34.863888889] },"properties":{
"id":"RTS.472",
"STATUS":"Действующий",
"DBIDENT":"1789611",
"NAME":"HAMADAN",
"ALT_NAME":"ХАМАДАН",
"DESIGNATOR":"HAM",
"":"",
"LATITUDE":"345150N",
"LONGITUDE":"0483246E",
"ICAO_REG":"OI",
"DECLINATION":"5",
"FREQUENCY":"0.317",
"ABSOLUTEHEIGHT":"0",
"SIGNPT_TYPE":"Маяк NDB",
"OBJTOTEXT":"0",
"MAGVAR":"5"} },
{"type":"Feature",
"geometry": {"type": "Point","coordinates": [46.415277778,33.578333333] },"properties":{
"id":"RTS.473",
"STATUS":"Действующий",
"DBIDENT":"1789612",
"NAME":"ILAM",
"ALT_NAME":"ИЛАМ",
"DESIGNATOR":"ILM",
"":"",
"LATITUDE":"333442N",
"LONGITUDE":"0462455E",
"ICAO_REG":"OI",
"DECLINATION":"5",
"FREQUENCY":"112.6",
"ABSOLUTEHEIGHT":"1350",
"SIGNPT_TYPE":"Совмещённый VOR/DME",
"OBJTOTEXT":"0",
"MAGVAR":"5"} },
{"type":"Feature",
"geometry": {"type": "Point","coordinates": [51.178611111,35.409722222] },"properties":{
"id":"RTS.474",
"STATUS":"Действующий",
"DBIDENT":"1789613",
"NAME":"IMAM KHOMAINI",
"ALT_NAME":"ИМАМ ХОМАИНИ",
"DESIGNATOR":"IKA",
"":"",
"LATITUDE":"352435N",
"LONGITUDE":"0511043E",
"ICAO_REG":"OI",
"DECLINATION":"5",
"FREQUENCY":"114.3",
"ABSOLUTEHEIGHT":"3271",
"SIGNPT_TYPE":"Совмещённый VOR/DME",
"OBJTOTEXT":"0",
"MAGVAR":"5"} },
{"type":"Feature",
"geometry": {"type": "Point","coordinates": [60.722222222,27.234444444] },"properties":{
"id":"RTS.475",
"STATUS":"Действующий",
"DBIDENT":"1789614",
"NAME":"IRAN SHAHR",
"ALT_NAME":"ИРАН ШАХР",
"DESIGNATOR":"ISR",
"":"",
"LATITUDE":"271404N",
"LONGITUDE":"0604320E",
"ICAO_REG":"OI",
"DECLINATION":"2",
"FREQUENCY":"117",
"ABSOLUTEHEIGHT":"0",
"SIGNPT_TYPE":"Совмещённый VOR/DME",
"OBJTOTEXT":"0",
"MAGVAR":"2"} },
{"type":"Feature",
"geometry": {"type": "Point","coordinates": [55.456666667,37.388055556] },"properties":{
"id":"RTS.476",
"STATUS":"Действующий",
"DBIDENT":"1789616",
"NAME":"KALALEH",
"ALT_NAME":"КЕЛАЛЕ",
"DESIGNATOR":"KLH",
"":"",
"LATITUDE":"372317N",
"LONGITUDE":"0552724E",
"ICAO_REG":"OI",
"DECLINATION":"5",
"FREQUENCY":"0.325",
"ABSOLUTEHEIGHT":"0",
"SIGNPT_TYPE":"Маяк NDB",
"OBJTOTEXT":"0",
"MAGVAR":"5"} },
{"type":"Feature",
"geometry": {"type": "Point","coordinates": [47.169166667,34.339722222] },"properties":{
"id":"RTS.477",
"STATUS":"Действующий",
"DBIDENT":"1789617",
"NAME":"KERMANSHAH",
"ALT_NAME":"КЕРМАНШАХ",
"DESIGNATOR":"KMS",
"":"",
"LATITUDE":"342023N",
"LONGITUDE":"0471009E",
"ICAO_REG":"OI",
"DECLINATION":"5",
"FREQUENCY":"114.6",
"ABSOLUTEHEIGHT":"1310",
"SIGNPT_TYPE":"Совмещённый VOR/DME",
"OBJTOTEXT":"0",
"MAGVAR":"5"} },
{"type":"Feature",
"geometry": {"type": "Point","coordinates": [50.316944444,29.263888889] },"properties":{
"id":"RTS.478",
"STATUS":"Действующий",
"DBIDENT":"1789618",
"NAME":"KHARK ISLAND",
"ALT_NAME":"ОСТРОВ ХАРК",
"DESIGNATOR":"KHG",
"":"",
"LATITUDE":"291550N",
"LONGITUDE":"0501901E",
"ICAO_REG":"OI",
"DECLINATION":"3",
"FREQUENCY":"113.4",
"ABSOLUTEHEIGHT":"0",
"SIGNPT_TYPE":"Совмещённый VOR/DME",
"OBJTOTEXT":"0",
"MAGVAR":"3"} },
{"type":"Feature",
"geometry": {"type": "Point","coordinates": [48.291944444,33.434166667] },"properties":{
"id":"RTS.479",
"STATUS":"Действующий",
"DBIDENT":"1789619",
"NAME":"KHORAM ABAD",
"ALT_NAME":"ХОРРЕМАБАД",
"DESIGNATOR":"KRD",
"":"",
"LATITUDE":"332603N",
"LONGITUDE":"0481731E",
"ICAO_REG":"OI",
"DECLINATION":"4",
"FREQUENCY":"113.75",
"ABSOLUTEHEIGHT":"1160",
"SIGNPT_TYPE":"Совмещённый VOR/DME",
"OBJTOTEXT":"0",
"MAGVAR":"4"} },
{"type":"Feature",
"geometry": {"type": "Point","coordinates": [44.966388889,38.433611111] },"properties":{
"id":"RTS.480",
"STATUS":"Действующий",
"DBIDENT":"1789620",
"NAME":"KHOY",
"ALT_NAME":"ХОЙ",
"DESIGNATOR":"KHY",
"":"",
"LATITUDE":"382601N",
"LONGITUDE":"0445759E",
"ICAO_REG":"OI",
"DECLINATION":"6",
"FREQUENCY":"114.9",
"ABSOLUTEHEIGHT":"1170",
"SIGNPT_TYPE":"Совмещённый VOR/DME",
"OBJTOTEXT":"0",
"MAGVAR":"6"} },
{"type":"Feature",
"geometry": {"type": "Point","coordinates": [53.953888889,26.528888889] },"properties":{
"id":"RTS.481",
"STATUS":"Действующий",
"DBIDENT":"1789621",
"NAME":"KISH ISLAND",
"ALT_NAME":"ОСТРОВ КИШ",
"DESIGNATOR":"KIS",
"":"",
"LATITUDE":"263144N",
"LONGITUDE":"0535714E",
"ICAO_REG":"OI",
"DECLINATION":"3",
"FREQUENCY":"117.4",
"ABSOLUTEHEIGHT":"20",
"SIGNPT_TYPE":"Совмещённый VOR/DME",
"OBJTOTEXT":"0",
"MAGVAR":"3"} },
{"type":"Feature",
"geometry": {"type": "Point","coordinates": [53.183888889,27.372777778] },"properties":{
"id":"RTS.482",
"STATUS":"Действующий",
"DBIDENT":"1789622",
"NAME":"LAMERD",
"ALT_NAME":"ЛАМЕРД",
"DESIGNATOR":"LAM",
"":"",
"LATITUDE":"272222N",
"LONGITUDE":"0531102E",
"ICAO_REG":"OI",
"DECLINATION":"3",
"FREQUENCY":"117",
"ABSOLUTEHEIGHT":"410",
"SIGNPT_TYPE":"Совмещённый VOR/DME",
"OBJTOTEXT":"0",
"MAGVAR":"3"} },
{"type":"Feature",
"geometry": {"type": "Point","coordinates": [54.415277778,27.675277778] },"properties":{
"id":"RTS.483",
"STATUS":"Действующий",
"DBIDENT":"1789623",
"NAME":"LAR",
"ALT_NAME":"ЛАР",
"DESIGNATOR":"LAR",
"":"",
"LATITUDE":"274031N",
"LONGITUDE":"0542455E",
"ICAO_REG":"OI",
"DECLINATION":"3",
"FREQUENCY":"117.9",
"ABSOLUTEHEIGHT":"800",
"SIGNPT_TYPE":"Совмещённый VOR/DME",
"OBJTOTEXT":"0",
"MAGVAR":"3"} },
{"type":"Feature",
"geometry": {"type": "Point","coordinates": [53.355833333,26.811944444] },"properties":{
"id":"RTS.484",
"STATUS":"Действующий",
"DBIDENT":"1789624",
"NAME":"LAVAN ISLAND",
"ALT_NAME":"ОСТРОВ ЛАВАН",
"DESIGNATOR":"LVA",
"":"",
"LATITUDE":"264843N",
"LONGITUDE":"0532121E",
"ICAO_REG":"OI",
"DECLINATION":"3",
"FREQUENCY":"116.85",
"ABSOLUTEHEIGHT":"0",
"SIGNPT_TYPE":"Совмещённый VOR/DME",
"OBJTOTEXT":"0",
"MAGVAR":"3"} },
{"type":"Feature",
"geometry": {"type": "Point","coordinates": [59.650555556,36.231111111] },"properties":{
"id":"RTS.485",
"STATUS":"Действующий",
"DBIDENT":"1789625",
"NAME":"MASHHAD",
"ALT_NAME":"МЕШХЕД",
"DESIGNATOR":"MSD",
"":"",
"LATITUDE":"361352N",
"LONGITUDE":"0593902E",
"ICAO_REG":"OI",
"DECLINATION":"5",
"FREQUENCY":"114",
"ABSOLUTEHEIGHT":"990",
"SIGNPT_TYPE":"Совмещённый VOR/DME",
"OBJTOTEXT":"0",
"MAGVAR":"5"} },
{"type":"Feature",
"geometry": {"type": "Point","coordinates": [51.464166667,36.662777778] },"properties":{
"id":"RTS.486",
"STATUS":"Действующий",
"DBIDENT":"1789626",
"NAME":"NOSHAHR",
"ALT_NAME":"НОУШЕХР",
"DESIGNATOR":"NSR",
"":"",
"LATITUDE":"363946N",
"LONGITUDE":"0512751E",
"ICAO_REG":"OI",
"DECLINATION":"5",
"FREQUENCY":"116.1",
"ABSOLUTEHEIGHT":"0",
"SIGNPT_TYPE":"Совмещённый VOR/DME",
"OBJTOTEXT":"0",
"MAGVAR":"5"} },
{"type":"Feature",
"geometry": {"type": "Point","coordinates": [47.967500000,39.578611111] },"properties":{
"id":"RTS.487",
"STATUS":"Действующий",
"DBIDENT":"1789627",
"NAME":"PARSABAD-E-MOGHAN",
"ALT_NAME":"ПАРСАБАД-Е-МОГАН",
"DESIGNATOR":"PAD",
"":"",
"LATITUDE":"393443N",
"LONGITUDE":"0475803E",
"ICAO_REG":"OI",
"FREQUENCY":"0.45",
"ABSOLUTEHEIGHT":"60",
"SIGNPT_TYPE":"Маяк NDB",
"OBJTOTEXT":"0"} },
{"type":"Feature",
"geometry": {"type": "Point","coordinates": [47.890000000,39.603055556] },"properties":{
"id":"RTS.488",
"STATUS":"Действующий",
"DBIDENT":"1789629",
"NAME":"PARSABADE MOGHAN",
"ALT_NAME":"ПАРСАБАД-МОГАН",
"DESIGNATOR":"PAD",
"":"",
"LATITUDE":"393611N",
"LONGITUDE":"0475324E",
"ICAO_REG":"OI",
"DECLINATION":"6",
"FREQUENCY":"112.2",
"ABSOLUTEHEIGHT":"0",
"SIGNPT_TYPE":"Совмещённый VOR/DME",
"OBJTOTEXT":"0",
"MAGVAR":"6"} },
{"type":"Feature",
"geometry": {"type": "Point","coordinates": [52.764444444,27.360277778] },"properties":{
"id":"RTS.489",
"STATUS":"Действующий",
"DBIDENT":"1789630",
"NAME":"PERSIAN GULF",
"ALT_NAME":"ПЕРСИДСКИЙ ЗАЛИВ",
"DESIGNATOR":"PRG",
"":"",
"LATITUDE":"272137N",
"LONGITUDE":"0524552E",
"ICAO_REG":"OI",
"DECLINATION":"3",
"FREQUENCY":"112.1",
"ABSOLUTEHEIGHT":"10",
"SIGNPT_TYPE":"Совмещённый VOR/DME",
"OBJTOTEXT":"0",
"MAGVAR":"3"} },
{"type":"Feature",
"geometry": {"type": "Point","coordinates": [56.055555556,30.302777778] },"properties":{
"id":"RTS.490",
"STATUS":"Действующий",
"DBIDENT":"1789631",
"NAME":"RAFSANJAN",
"ALT_NAME":"РАФСАНДЖАН",
"DESIGNATOR":"RAF",
"":"",
"LATITUDE":"301810N",
"LONGITUDE":"0560320E",
"ICAO_REG":"OI",
"DECLINATION":"3",
"FREQUENCY":"0.26",
"ABSOLUTEHEIGHT":"0",
"SIGNPT_TYPE":"Маяк NDB",
"OBJTOTEXT":"0",
"MAGVAR":"3"} },
{"type":"Feature",
"geometry": {"type": "Point","coordinates": [50.680555556,36.903611111] },"properties":{
"id":"RTS.491",
"STATUS":"Действующий",
"DBIDENT":"1789632",
"NAME":"RAMSAR",
"ALT_NAME":"РАМСАР",
"DESIGNATOR":"RSR",
"":"",
"LATITUDE":"365413N",
"LONGITUDE":"0504050E",
"ICAO_REG":"OI",
"DECLINATION":"5",
"FREQUENCY":"0.332",
"ABSOLUTEHEIGHT":"-10",
"SIGNPT_TYPE":"Маяк NDB",
"OBJTOTEXT":"0",
"MAGVAR":"5"} },
{"type":"Feature",
"geometry": {"type": "Point","coordinates": [49.615833333,37.326388889] },"properties":{
"id":"RTS.492",
"STATUS":"Действующий",
"DBIDENT":"1789633",
"NAME":"RASHT",
"ALT_NAME":"РЕШТ",
"DESIGNATOR":"RST",
"":"",
"LATITUDE":"371935N",
"LONGITUDE":"0493657E",
"ICAO_REG":"OI",
"DECLINATION":"6",
"FREQUENCY":"112.6",
"ABSOLUTEHEIGHT":"-10",
"SIGNPT_TYPE":"Совмещённый VOR/DME",
"OBJTOTEXT":"0",
"MAGVAR":"6"} },
{"type":"Feature",
"geometry": {"type": "Point","coordinates": [50.905277778,35.445555556] },"properties":{
"id":"RTS.493",
"STATUS":"Действующий",
"DBIDENT":"1789634",
"NAME":"RUDESHUR",
"ALT_NAME":"РУДЕШУР",
"DESIGNATOR":"RUS",
"":"",
"LATITUDE":"352644N",
"LONGITUDE":"0505419E",
"ICAO_REG":"OI",
"DECLINATION":"5",
"FREQUENCY":"116.95",
"ABSOLUTEHEIGHT":"1120",
"SIGNPT_TYPE":"Совмещённый VOR/DME",
"OBJTOTEXT":"0",
"MAGVAR":"5"} },
{"type":"Feature",
"geometry": {"type": "Point","coordinates": [57.570833333,36.169722222] },"properties":{
"id":"RTS.494",
"STATUS":"Действующий",
"DBIDENT":"1789635",
"NAME":"SABZEVAR",
"ALT_NAME":"СЕБЗЕВАР",
"DESIGNATOR":"SBZ",
"":"",
"LATITUDE":"361011N",
"LONGITUDE":"0573415E",
"ICAO_REG":"OI",
"DECLINATION":"5",
"FREQUENCY":"117",
"ABSOLUTEHEIGHT":"0",
"SIGNPT_TYPE":"Совмещённый VOR/DME",
"OBJTOTEXT":"0",
"MAGVAR":"5"} },
{"type":"Feature",
"geometry": {"type": "Point","coordinates": [47.008055556,35.238888889] },"properties":{
"id":"RTS.495",
"STATUS":"Действующий",
"DBIDENT":"1789636",
"NAME":"SANANDAJ",
"ALT_NAME":"САНАНДАДЖ",
"DESIGNATOR":"SNJ",
"":"",
"LATITUDE":"351420N",
"LONGITUDE":"0470029E",
"ICAO_REG":"OI",
"DECLINATION":"5",
"FREQUENCY":"116.5",
"ABSOLUTEHEIGHT":"0",
"SIGNPT_TYPE":"Совмещённый VOR/DME",
"OBJTOTEXT":"0",
"MAGVAR":"5"} },
{"type":"Feature",
"geometry": {"type": "Point","coordinates": [62.325277778,27.415000000] },"properties":{
"id":"RTS.496",
"STATUS":"Действующий",
"DBIDENT":"1789637",
"NAME":"SARAVAN",
"ALT_NAME":"САРАВАН",
"DESIGNATOR":"SRN",
"":"",
"LATITUDE":"272454N",
"LONGITUDE":"0621931E",
"ICAO_REG":"OI",
"DECLINATION":"2",
"FREQUENCY":"0.3",
"ABSOLUTEHEIGHT":"0",
"SIGNPT_TYPE":"Маяк NDB",
"OBJTOTEXT":"0",
"MAGVAR":"2"} },
{"type":"Feature",
"geometry": {"type": "Point","coordinates": [50.371388889,35.018611111] },"properties":{
"id":"RTS.497",
"STATUS":"Действующий",
"DBIDENT":"1789638",
"NAME":"SAVEH",
"ALT_NAME":"САВЕ",
"DESIGNATOR":"SAV",
"":"",
"LATITUDE":"350107N",
"LONGITUDE":"0502217E",
"ICAO_REG":"OI",
"DECLINATION":"5",
"FREQUENCY":"0.408",
"ABSOLUTEHEIGHT":"0",
"SIGNPT_TYPE":"Маяк NDB",
"OBJTOTEXT":"0",
"MAGVAR":"5"} },
{"type":"Feature",
"geometry": {"type": "Point","coordinates": [52.588888889,29.540277778] },"properties":{
"id":"RTS.498",
"STATUS":"Действующий",
"DBIDENT":"1789639",
"NAME":"SHIRAZ",
"ALT_NAME":"ШИРАЗ",
"DESIGNATOR":"SYZ",
"":"",
"LATITUDE":"293225N",
"LONGITUDE":"0523520E",
"ICAO_REG":"OI",
"DECLINATION":"3",
"FREQUENCY":"117.8",
"ABSOLUTEHEIGHT":"1490",
"SIGNPT_TYPE":"Совмещённый VOR/DME",
"OBJTOTEXT":"0",
"MAGVAR":"3"} },
{"type":"Feature",
"geometry": {"type": "Point","coordinates": [55.088888889,36.422777778] },"properties":{
"id":"RTS.499",
"STATUS":"Действующий",
"DBIDENT":"1789640",
"NAME":"SHAHROUD",
"ALT_NAME":"ШАХРУД",
"DESIGNATOR":"SHR",
"":"",
"LATITUDE":"362522N",
"LONGITUDE":"0550520E",
"ICAO_REG":"OI",
"DECLINATION":"5",
"FREQUENCY":"115.1",
"ABSOLUTEHEIGHT":"0",
"SIGNPT_TYPE":"Совмещённый VOR/DME",
"OBJTOTEXT":"0",
"MAGVAR":"5"} },
{"type":"Feature",
"geometry": {"type": "Point","coordinates": [55.660277778,29.556388889] },"properties":{
"id":"RTS.500",
"STATUS":"Действующий",
"DBIDENT":"1789641",
"NAME":"SIRJAN",
"ALT_NAME":"СИРДЖАН",
"DESIGNATOR":"SRJ",
"":"",
"LATITUDE":"293323N",
"LONGITUDE":"0553937E",
"ICAO_REG":"OI",
"FREQUENCY":"114.6",
"ABSOLUTEHEIGHT":"1770",
"SIGNPT_TYPE":"Совмещённый VOR/DME",
"OBJTOTEXT":"0"} },
{"type":"Feature",
"geometry": {"type": "Point","coordinates": [54.535000000,25.914722222] },"properties":{
"id":"RTS.501",
"STATUS":"Действующий",
"DBIDENT":"1789642",
"NAME":"SIRRI ISLAND",
"ALT_NAME":"ОСТРОВ СИРРИ",
"DESIGNATOR":"SIR",
"":"",
"LATITUDE":"255453N",
"LONGITUDE":"0543206E",
"ICAO_REG":"OI",
"DECLINATION":"2",
"FREQUENCY":"113.75",
"ABSOLUTEHEIGHT":"10",
"SIGNPT_TYPE":"Совмещённый VOR/DME",
"OBJTOTEXT":"0",
"MAGVAR":"2"} },
{"type":"Feature",
"geometry": {"type": "Point","coordinates": [56.891944444,33.672500000] },"properties":{
"id":"RTS.502",
"STATUS":"Действующий",
"DBIDENT":"1789643",
"NAME":"TABAS",
"ALT_NAME":"ТАБАС",
"DESIGNATOR":"TBS",
"":"",
"LATITUDE":"334021N",
"LONGITUDE":"0565331E",
"ICAO_REG":"OI",
"DECLINATION":"4",
"FREQUENCY":"113",
"ABSOLUTEHEIGHT":"0",
"SIGNPT_TYPE":"Совмещённый VOR/DME",
"OBJTOTEXT":"0",
"MAGVAR":"4"} },
{"type":"Feature",
"geometry": {"type": "Point","coordinates": [46.212777778,38.148333333] },"properties":{
"id":"RTS.503",
"STATUS":"Действующий",
"DBIDENT":"1789644",
"NAME":"TABRIZ",
"ALT_NAME":"ТАБРИЗ",
"DESIGNATOR":"TBZ",
"":"",
"LATITUDE":"380854N",
"LONGITUDE":"0461246E",
"ICAO_REG":"OI",
"DECLINATION":"6",
"FREQUENCY":"117.7",
"ABSOLUTEHEIGHT":"0",
"SIGNPT_TYPE":"Совмещённый VOR/DME",
"OBJTOTEXT":"0",
"MAGVAR":"6"} },
{"type":"Feature",
"geometry": {"type": "Point","coordinates": [56.942222222,30.282777778] },"properties":{
"id":"RTS.504",
"STATUS":"Действующий",
"DBIDENT":"1789645",
"NAME":"KERMAN",
"ALT_NAME":"КЕРМАН",
"DESIGNATOR":"KER",
"":"",
"LATITUDE":"301658N",
"LONGITUDE":"0565632E",
"ICAO_REG":"OI",
"DECLINATION":"3",
"FREQUENCY":"112",
"ABSOLUTEHEIGHT":"0",
"SIGNPT_TYPE":"Совмещённый VOR/DME",
"OBJTOTEXT":"0",
"MAGVAR":"3"} },
{"type":"Feature",
"geometry": {"type": "Point","coordinates": [51.283888889,35.696944444] },"properties":{
"id":"RTS.505",
"STATUS":"Действующий",
"DBIDENT":"1789646",
"NAME":"TEHRAN",
"ALT_NAME":"ТЕГЕРАН",
"DESIGNATOR":"TRN",
"":"",
"LATITUDE":"354149N",
"LONGITUDE":"0511702E",
"ICAO_REG":"OI",
"DECLINATION":"5",
"FREQUENCY":"115.3",
"ABSOLUTEHEIGHT":"1220",
"SIGNPT_TYPE":"Совмещённый VOR/DME",
"OBJTOTEXT":"0",
"MAGVAR":"5"} },
{"type":"Feature",
"geometry": {"type": "Point","coordinates": [45.084444444,37.687222222] },"properties":{
"id":"RTS.506",
"STATUS":"Действующий",
"DBIDENT":"1789647",
"NAME":"UROMIYEH",
"ALT_NAME":"УРМИЯ",
"DESIGNATOR":"UMH",
"":"",
"LATITUDE":"374114N",
"LONGITUDE":"0450504E",
"ICAO_REG":"OI",
"DECLINATION":"6",
"FREQUENCY":"113.5",
"ABSOLUTEHEIGHT":"1300",
"SIGNPT_TYPE":"Совмещённый VOR/DME",
"OBJTOTEXT":"0",
"MAGVAR":"6"} },
{"type":"Feature",
"geometry": {"type": "Point","coordinates": [51.637222222,35.342777778] },"properties":{
"id":"RTS.507",
"STATUS":"Действующий",
"DBIDENT":"1789648",
"NAME":"VARAMIN",
"ALT_NAME":"ВАРАМИН",
"DESIGNATOR":"VR",
"":"",
"LATITUDE":"352034N",
"LONGITUDE":"0513814E",
"ICAO_REG":"OI",
"DECLINATION":"5",
"FREQUENCY":"0.373",
"ABSOLUTEHEIGHT":"0",
"SIGNPT_TYPE":"Маяк NDB",
"OBJTOTEXT":"0",
"MAGVAR":"5"} },
{"type":"Feature",
"geometry": {"type": "Point","coordinates": [51.556666667,30.693333333] },"properties":{
"id":"RTS.508",
"STATUS":"Действующий",
"DBIDENT":"1789649",
"NAME":"YASOUJ",
"ALT_NAME":"ЯСУДЖ",
"DESIGNATOR":"YSJ",
"":"",
"LATITUDE":"304136N",
"LONGITUDE":"0513324E",
"ICAO_REG":"OI",
"DECLINATION":"4",
"FREQUENCY":"116.55",
"ABSOLUTEHEIGHT":"0",
"SIGNPT_TYPE":"Совмещённый VOR/DME",
"OBJTOTEXT":"0",
"MAGVAR":"4"} },
{"type":"Feature",
"geometry": {"type": "Point","coordinates": [54.282777778,31.897777778] },"properties":{
"id":"RTS.509",
"STATUS":"Действующий",
"DBIDENT":"1789650",
"NAME":"YAZD",
"ALT_NAME":"ЯЗД",
"DESIGNATOR":"YZD",
"":"",
"LATITUDE":"315352N",
"LONGITUDE":"0541658E",
"ICAO_REG":"OI",
"DECLINATION":"4",
"FREQUENCY":"117.7",
"ABSOLUTEHEIGHT":"1230",
"SIGNPT_TYPE":"Совмещённый VOR/DME",
"OBJTOTEXT":"0",
"MAGVAR":"4"} },
{"type":"Feature",
"geometry": {"type": "Point","coordinates": [61.541944444,31.095555556] },"properties":{
"id":"RTS.510",
"STATUS":"Действующий",
"DBIDENT":"1789651",
"NAME":"ZABOL",
"ALT_NAME":"ЗАБОЛ",
"DESIGNATOR":"ZAL",
"":"",
"LATITUDE":"310544N",
"LONGITUDE":"0613231E",
"ICAO_REG":"OI",
"DECLINATION":"3",
"FREQUENCY":"113.1",
"ABSOLUTEHEIGHT":"0",
"SIGNPT_TYPE":"Совмещённый VOR/DME",
"OBJTOTEXT":"0",
"MAGVAR":"3"} },
{"type":"Feature",
"geometry": {"type": "Point","coordinates": [60.901388889,29.486666667] },"properties":{
"id":"RTS.511",
"STATUS":"Действующий",
"DBIDENT":"1789652",
"NAME":"ZAHEDAN",
"ALT_NAME":"ЗАХЕДАН",
"DESIGNATOR":"ZDN",
"":"",
"LATITUDE":"292912N",
"LONGITUDE":"0605405E",
"ICAO_REG":"OI",
"DECLINATION":"3",
"FREQUENCY":"116",
"ABSOLUTEHEIGHT":"1370",
"SIGNPT_TYPE":"Совмещённый VOR/DME",
"OBJTOTEXT":"0",
"MAGVAR":"3"} },
{"type":"Feature",
"geometry": {"type": "Point","coordinates": [48.353055556,36.779444444] },"properties":{
"id":"RTS.512",
"STATUS":"Действующий",
"DBIDENT":"1789653",
"NAME":"ZANJAN",
"ALT_NAME":"ЗАНДЖАН",
"DESIGNATOR":"ZAJ",
"":"",
"LATITUDE":"364646N",
"LONGITUDE":"0482111E",
"ICAO_REG":"OI",
"DECLINATION":"5",
"FREQUENCY":"114.4",
"ABSOLUTEHEIGHT":"1630",
"SIGNPT_TYPE":"Совмещённый VOR/DME",
"OBJTOTEXT":"0",
"MAGVAR":"5"} },
{"type":"Feature",
"geometry": {"type": "Point","coordinates": [36.028611111,39.153888889] },"properties":{
"id":"RTS.513",
"STATUS":"Действующий",
"DBIDENT":"1789761",
"NAME":"GEMEREK",
"ALT_NAME":"GEMEREK",
"DESIGNATOR":"GEM",
"":"",
"LATITUDE":"390914N",
"LONGITUDE":"0360143E",
"ICAO_REG":"LT",
"DECLINATION":"6",
"FREQUENCY":"115.1",
"ABSOLUTEHEIGHT":"1527",
"SIGNPT_TYPE":"Совмещённый VOR/DME",
"OBJTOTEXT":"0",
"MAGVAR":"6"} },
{"type":"Feature",
"geometry": {"type": "Point","coordinates": [25.923611111,40.179722222] },"properties":{
"id":"RTS.514",
"STATUS":"Действующий",
"DBIDENT":"1789763",
"NAME":"GOKCEADA",
"ALT_NAME":"GOKCEADA",
"DESIGNATOR":"GKA",
"":"",
"LATITUDE":"401047N",
"LONGITUDE":"0255525E",
"ICAO_REG":"LT",
"DECLINATION":"6",
"FREQUENCY":"109",
"ABSOLUTEHEIGHT":"430",
"SIGNPT_TYPE":"Совмещённый VOR/DME",
"OBJTOTEXT":"0",
"MAGVAR":"6"} },
{"type":"Feature",
"geometry": {"type": "Point","coordinates": [36.290277778,36.363055556] },"properties":{
"id":"RTS.515",
"STATUS":"Действующий",
"DBIDENT":"1789765",
"NAME":"HATAY",
"ALT_NAME":"HATAY",
"DESIGNATOR":"HTY",
"":"",
"LATITUDE":"362147N",
"LONGITUDE":"0361725E",
"ICAO_REG":"LT",
"DECLINATION":"6",
"FREQUENCY":"112.05",
"ABSOLUTEHEIGHT":"88",
"SIGNPT_TYPE":"Совмещённый VOR/DME",
"OBJTOTEXT":"0",
"MAGVAR":"6"} },
{"type":"Feature",
"geometry": {"type": "Point","coordinates": [32.509444444,39.436666667] },"properties":{
"id":"RTS.516",
"STATUS":"Действующий",
"DBIDENT":"1789770",
"NAME":"HAYMANA",
"ALT_NAME":"HAYMANA",
"DESIGNATOR":"HAY",
"":"",
"LATITUDE":"392612N",
"LONGITUDE":"0323034E",
"ICAO_REG":"LT",
"DECLINATION":"6",
"FREQUENCY":"0.35",
"ABSOLUTEHEIGHT":"1303",
"SIGNPT_TYPE":"Маяк NDB",
"OBJTOTEXT":"0",
"MAGVAR":"6"} },
{"type":"Feature",
"geometry": {"type": "Point","coordinates": [43.886388889,39.972500000] },"properties":{
"id":"RTS.517",
"STATUS":"Действующий",
"DBIDENT":"1789785",
"NAME":"IGDIR",
"ALT_NAME":"IGDIR",
"DESIGNATOR":"GDR",
"":"",
"LATITUDE":"395821N",
"LONGITUDE":"0435311E",
"ICAO_REG":"LT",
"DECLINATION":"6",
"FREQUENCY":"117.7",
"ABSOLUTEHEIGHT":"939",
"SIGNPT_TYPE":"Совмещённый VOR/DME",
"OBJTOTEXT":"0",
"MAGVAR":"6"} },
{"type":"Feature",
"geometry": {"type": "Point","coordinates": [33.706388889,41.951388889] },"properties":{
"id":"RTS.518",
"STATUS":"Действующий",
"DBIDENT":"1789786",
"NAME":"INEBOLU",
"ALT_NAME":"INEBOLU",
"DESIGNATOR":"INB",
"":"",
"LATITUDE":"415705N",
"LONGITUDE":"0334223E",
"ICAO_REG":"LT",
"DECLINATION":"7",
"FREQUENCY":"113.3",
"ABSOLUTEHEIGHT":"646",
"SIGNPT_TYPE":"Совмещённый VOR/DME",
"OBJTOTEXT":"0",
"MAGVAR":"7"} },
{"type":"Feature",
"geometry": {"type": "Point","coordinates": [30.344722222,37.842222222] },"properties":{
"id":"RTS.519",
"STATUS":"Действующий",
"DBIDENT":"1789787",
"NAME":"ISPARTA",
"ALT_NAME":"ISPARTA",
"DESIGNATOR":"IPT",
"":"",
"LATITUDE":"375032N",
"LONGITUDE":"0302041E",
"ICAO_REG":"LT",
"DECLINATION":"6",
"FREQUENCY":"117.5",
"ABSOLUTEHEIGHT":"866",
"SIGNPT_TYPE":"Совмещённый VOR/DME",
"OBJTOTEXT":"0",
"MAGVAR":"6"} },
{"type":"Feature",
"geometry": {"type": "Point","coordinates": [28.810833333,40.961388889] },"properties":{
"id":"RTS.520",
"STATUS":"Действующий",
"DBIDENT":"1789788",
"NAME":"ISTANBUL",
"ALT_NAME":"ISTANBUL",
"DESIGNATOR":"IST",
"":"",
"LATITUDE":"405741N",
"LONGITUDE":"0284839E",
"ICAO_REG":"LT",
"ABSOLUTEHEIGHT":"0",
"SIGNPT_TYPE":"Совмещённый VOR/TACAN",
"OBJTOTEXT":"0"} },
{"type":"Feature",
"geometry": {"type": "Point","coordinates": [27.007222222,38.317500000] },"properties":{
"id":"RTS.521",
"STATUS":"Действующий",
"DBIDENT":"1789792",
"NAME":"IZMIR",
"ALT_NAME":"IZMIR",
"DESIGNATOR":"IMR",
"":"",
"LATITUDE":"381903N",
"LONGITUDE":"0270026E",
"ICAO_REG":"LT",
"DECLINATION":"6",
"FREQUENCY":"113.7",
"ABSOLUTEHEIGHT":"1007",
"SIGNPT_TYPE":"Совмещённый VOR/DME",
"OBJTOTEXT":"0",
"MAGVAR":"6"} },
{"type":"Feature",
"geometry": {"type": "Point","coordinates": [36.953055556,37.540000000] },"properties":{
"id":"RTS.522",
"STATUS":"Действующий",
"DBIDENT":"1789800",
"NAME":"KAHRAMANMARAS",
"ALT_NAME":"KAHRAMANMARAS",
"DESIGNATOR":"KHM",
"":"",
"LATITUDE":"373224N",
"LONGITUDE":"0365711E",
"ICAO_REG":"LT",
"DECLINATION":"6",
"FREQUENCY":"113.9",
"ABSOLUTEHEIGHT":"514",
"SIGNPT_TYPE":"Совмещённый VOR/DME",
"OBJTOTEXT":"0",
"MAGVAR":"6"} },
{"type":"Feature",
"geometry": {"type": "Point","coordinates": [43.103888889,40.556666667] },"properties":{
"id":"RTS.523",
"STATUS":"Действующий",
"DBIDENT":"1789807",
"NAME":"KARS",
"ALT_NAME":"KARS",
"DESIGNATOR":"KAR",
"":"",
"LATITUDE":"403324N",
"LONGITUDE":"0430614E",
"ICAO_REG":"LT",
"DECLINATION":"7",
"FREQUENCY":"113.8",
"ABSOLUTEHEIGHT":"1800",
"SIGNPT_TYPE":"Совмещённый VOR/DME",
"OBJTOTEXT":"0",
"MAGVAR":"7"} },
{"type":"Feature",
"geometry": {"type": "Point","coordinates": [33.800000000,41.350277778] },"properties":{
"id":"RTS.524",
"STATUS":"Действующий",
"DBIDENT":"1789814",
"NAME":"KASTAMONU",
"ALT_NAME":"KASTAMONU",
"DESIGNATOR":"KST",
"":"",
"LATITUDE":"412101N",
"LONGITUDE":"0334800E",
"ICAO_REG":"LT",
"DECLINATION":"7",
"FREQUENCY":"115.2",
"ABSOLUTEHEIGHT":"1032",
"SIGNPT_TYPE":"Совмещённый VOR/DME",
"OBJTOTEXT":"0",
"MAGVAR":"7"} },
{"type":"Feature",
"geometry": {"type": "Point","coordinates": [35.521944444,38.775555556] },"properties":{
"id":"RTS.525",
"STATUS":"Действующий",
"DBIDENT":"1789817",
"NAME":"KAYSERI",
"ALT_NAME":"KAYSERI",
"DESIGNATOR":"KSR",
"":"",
"LATITUDE":"384632N",
"LONGITUDE":"0353119E",
"ICAO_REG":"LT",
"DECLINATION":"6",
"FREQUENCY":"116.3",
"ABSOLUTEHEIGHT":"1065",
"SIGNPT_TYPE":"Совмещённый VOR/DME",
"OBJTOTEXT":"0",
"MAGVAR":"6"} },
{"type":"Feature",
"geometry": {"type": "Point","coordinates": [28.602777778,38.578055556] },"properties":{
"id":"RTS.526",
"STATUS":"Действующий",
"DBIDENT":"1789834",
"NAME":"KULA",
"ALT_NAME":"KULA",
"DESIGNATOR":"DEN",
"":"",
"LATITUDE":"383441N",
"LONGITUDE":"0283610E",
"ICAO_REG":"LT",
"DECLINATION":"6",
"FREQUENCY":"112.05",
"ABSOLUTEHEIGHT":"954",
"SIGNPT_TYPE":"Совмещённый VOR/DME",
"OBJTOTEXT":"0",
"MAGVAR":"6"} },
{"type":"Feature",
"geometry": {"type": "Point","coordinates": [38.112222222,38.462500000] },"properties":{
"id":"RTS.527",
"STATUS":"Действующий",
"DBIDENT":"1789835",
"NAME":"MALATYA",
"ALT_NAME":"MALATYA",
"DESIGNATOR":"ERH",
"":"",
"LATITUDE":"382745N",
"LONGITUDE":"0380644E",
"ICAO_REG":"LT",
"DECLINATION":"6",
"FREQUENCY":"112",
"ABSOLUTEHEIGHT":"832",
"SIGNPT_TYPE":"Совмещённый VOR/DME",
"OBJTOTEXT":"0",
"MAGVAR":"6"} },
{"type":"Feature",
"geometry": {"type": "Point","coordinates": [40.638333333,37.227777778] },"properties":{
"id":"RTS.528",
"STATUS":"Действующий",
"DBIDENT":"1789836",
"NAME":"MARDIN",
"ALT_NAME":"MARDIN",
"DESIGNATOR":"MRD",
"":"",
"LATITUDE":"371340N",
"LONGITUDE":"0403818E",
"ICAO_REG":"LT",
"DECLINATION":"6",
"FREQUENCY":"0.403",
"ABSOLUTEHEIGHT":"529",
"SIGNPT_TYPE":"Маяк NDB",
"OBJTOTEXT":"0",
"MAGVAR":"6"} },
{"type":"Feature",
"geometry": {"type": "Point","coordinates": [27.637777778,37.257777778] },"properties":{
"id":"RTS.529",
"STATUS":"Действующий",
"DBIDENT":"1789837",
"NAME":"MILAS-BODRUM",
"ALT_NAME":"MILAS-BODRUM",
"DESIGNATOR":"BDR",
"":"",
"LATITUDE":"371528N",
"LONGITUDE":"0273816E",
"ICAO_REG":"LT",
"DECLINATION":"5",
"FREQUENCY":"116.7",
"ABSOLUTEHEIGHT":"9",
"SIGNPT_TYPE":"Совмещённый VOR/DME",
"OBJTOTEXT":"0",
"MAGVAR":"5"} },
{"type":"Feature",
"geometry": {"type": "Point","coordinates": [41.661111111,38.750000000] },"properties":{
"id":"RTS.530",
"STATUS":"Действующий",
"DBIDENT":"1789838",
"NAME":"MUS",
"ALT_NAME":"MUS",
"DESIGNATOR":"MUS",
"":"",
"LATITUDE":"384500N",
"LONGITUDE":"0413940E",
"ICAO_REG":"LT",
"DECLINATION":"6",
"FREQUENCY":"111.2",
"ABSOLUTEHEIGHT":"1276",
"SIGNPT_TYPE":"Совмещённый VOR/DME",
"OBJTOTEXT":"0",
"MAGVAR":"6"} },
{"type":"Feature",
"geometry": {"type": "Point","coordinates": [33.291944444,36.863055556] },"properties":{
"id":"RTS.531",
"STATUS":"Действующий",
"DBIDENT":"1789919",
"NAME":"MUT",
"ALT_NAME":"MUT",
"DESIGNATOR":"MUT",
"":"",
"LATITUDE":"365147N",
"LONGITUDE":"0331731E",
"ICAO_REG":"LT",
"DECLINATION":"6",
"FREQUENCY":"112.3",
"ABSOLUTEHEIGHT":"1768",
"SIGNPT_TYPE":"Совмещённый VOR/DME",
"OBJTOTEXT":"0",
"MAGVAR":"6"} },
{"type":"Feature",
"geometry": {"type": "Point","coordinates": [40.858611111,41.180277778] },"properties":{
"id":"RTS.532",
"STATUS":"Действующий",
"DBIDENT":"1789920",
"NAME":"RIZE-ARTVIN",
"ALT_NAME":"RIZE-ARTVIN",
"DESIGNATOR":"ART",
"":"",
"LATITUDE":"411049N",
"LONGITUDE":"0405131E",
"ICAO_REG":"LT",
"DECLINATION":"7",
"FREQUENCY":"110.45",
"ABSOLUTEHEIGHT":"15",
"SIGNPT_TYPE":"Совмещённый VOR/DME",
"OBJTOTEXT":"0",
"MAGVAR":"7"} },
{"type":"Feature",
"geometry": {"type": "Point","coordinates": [41.881944444,37.910555556] },"properties":{
"id":"RTS.533",
"STATUS":"Действующий",
"DBIDENT":"1789921",
"NAME":"SIIRT",
"ALT_NAME":"SIIRT",
"DESIGNATOR":"SRT",
"":"",
"LATITUDE":"375438N",
"LONGITUDE":"0415255E",
"ICAO_REG":"LT",
"DECLINATION":"6",
"FREQUENCY":"114.3",
"ABSOLUTEHEIGHT":"962",
"SIGNPT_TYPE":"Совмещённый VOR/DME",
"OBJTOTEXT":"0",
"MAGVAR":"6"} },
{"type":"Feature",
"geometry": {"type": "Point","coordinates": [35.076111111,42.023055556] },"properties":{
"id":"RTS.534",
"STATUS":"Действующий",
"DBIDENT":"1789945",
"NAME":"SINOP",
"ALT_NAME":"SINOP",
"DESIGNATOR":"SIN",
"":"",
"LATITUDE":"420123N",
"LONGITUDE":"0350434E",
"ICAO_REG":"LT",
"FREQUENCY":"114",
"ABSOLUTEHEIGHT":"14",
"SIGNPT_TYPE":"Совмещённый VOR/DME",
"OBJTOTEXT":"0"} },
{"type":"Feature",
"geometry": {"type": "Point","coordinates": [36.893333333,39.789444444] },"properties":{
"id":"RTS.535",
"STATUS":"Действующий",
"DBIDENT":"1789946",
"NAME":"SIVAS",
"ALT_NAME":"SIVAS",
"DESIGNATOR":"SIV",
"":"",
"LATITUDE":"394722N",
"LONGITUDE":"0365336E",
"ICAO_REG":"LT",
"DECLINATION":"6",
"FREQUENCY":"114.2",
"ABSOLUTEHEIGHT":"1615",
"SIGNPT_TYPE":"Совмещённый VOR/DME",
"OBJTOTEXT":"0",
"MAGVAR":"6"} },
{"type":"Feature",
"geometry": {"type": "Point","coordinates": [42.061388889,37.365000000] },"properties":{
"id":"RTS.536",
"STATUS":"Действующий",
"DBIDENT":"1789947",
"NAME":"SIRNAK",
"ALT_NAME":"SIRNAK",
"DESIGNATOR":"RNA",
"":"",
"LATITUDE":"372154N",
"LONGITUDE":"0420341E",
"ICAO_REG":"LT",
"FREQUENCY":"112.3",
"ABSOLUTEHEIGHT":"629",
"SIGNPT_TYPE":"Совмещённый VOR/DME",
"OBJTOTEXT":"0"} },
{"type":"Feature",
"geometry": {"type": "Point","coordinates": [27.426111111,40.951111111] },"properties":{
"id":"RTS.537",
"STATUS":"Действующий",
"DBIDENT":"1789948",
"NAME":"TEKIRDAG",
"ALT_NAME":"TEKIRDAG",
"DESIGNATOR":"EKI",
"":"",
"LATITUDE":"405704N",
"LONGITUDE":"0272534E",
"ICAO_REG":"LT",
"DECLINATION":"6",
"FREQUENCY":"116.3",
"ABSOLUTEHEIGHT":"323",
"SIGNPT_TYPE":"Совмещённый VOR/DME",
"OBJTOTEXT":"0",
"MAGVAR":"6"} },
{"type":"Feature",
"geometry": {"type": "Point","coordinates": [36.369444444,40.318611111] },"properties":{
"id":"RTS.538",
"STATUS":"Действующий",
"DBIDENT":"1789949",
"NAME":"TOKAT",
"ALT_NAME":"TOKAT",
"DESIGNATOR":"TKT",
"":"",
"LATITUDE":"401907N",
"LONGITUDE":"0362210E",
"ICAO_REG":"LT",
"DECLINATION":"6",
"FREQUENCY":"115",
"ABSOLUTEHEIGHT":"575",
"SIGNPT_TYPE":"Совмещённый VOR/DME",
"OBJTOTEXT":"0",
"MAGVAR":"6"} },
{"type":"Feature",
"geometry": {"type": "Point","coordinates": [39.795555556,40.995277778] },"properties":{
"id":"RTS.539",
"STATUS":"Действующий",
"DBIDENT":"1789950",
"NAME":"TRABZON",
"ALT_NAME":"TRABZON",
"DESIGNATOR":"TBN",
"":"",
"LATITUDE":"405943N",
"LONGITUDE":"0394744E",
"ICAO_REG":"LT",
"DECLINATION":"7",
"FREQUENCY":"114.9",
"ABSOLUTEHEIGHT":"17",
"SIGNPT_TYPE":"Совмещённый VOR/DME",
"OBJTOTEXT":"0",
"MAGVAR":"7"} },
{"type":"Feature",
"geometry": {"type": "Point","coordinates": [34.542222222,38.766666667] },"properties":{
"id":"RTS.540",
"STATUS":"Действующий",
"DBIDENT":"1789951",
"NAME":"TUZKOY",
"ALT_NAME":"TUZKOY",
"DESIGNATOR":"TZK",
"":"",
"LATITUDE":"384600N",
"LONGITUDE":"0343232E",
"ICAO_REG":"LT",
"DECLINATION":"6",
"FREQUENCY":"115.3",
"ABSOLUTEHEIGHT":"950",
"SIGNPT_TYPE":"Совмещённый VOR/DME",
"OBJTOTEXT":"0",
"MAGVAR":"6"} },
{"type":"Feature",
"geometry": {"type": "Point","coordinates": [38.886944444,39.937222222] },"properties":{
"id":"RTS.541",
"STATUS":"Действующий",
"DBIDENT":"1789952",
"NAME":"VABEL",
"ALT_NAME":"VABEL",
"DESIGNATOR":"EZN",
"":"",
"LATITUDE":"395614N",
"LONGITUDE":"0385313E",
"ICAO_REG":"LT",
"DECLINATION":"6",
"FREQUENCY":"112.05",
"ABSOLUTEHEIGHT":"2252",
"SIGNPT_TYPE":"Совмещённый VOR/DME",
"OBJTOTEXT":"0",
"MAGVAR":"6"} },
{"type":"Feature",
"geometry": {"type": "Point","coordinates": [43.325277778,38.466111111] },"properties":{
"id":"RTS.542",
"STATUS":"Действующий",
"DBIDENT":"1789953",
"NAME":"VAN",
"ALT_NAME":"VAN",
"DESIGNATOR":"VAN",
"":"",
"LATITUDE":"382758N",
"LONGITUDE":"0431931E",
"ICAO_REG":"LT",
"DECLINATION":"6",
"FREQUENCY":"115.2",
"ABSOLUTEHEIGHT":"1659",
"SIGNPT_TYPE":"Совмещённый VOR/DME",
"OBJTOTEXT":"0",
"MAGVAR":"6"} },
{"type":"Feature",
"geometry": {"type": "Point","coordinates": [29.207500000,40.475000000] },"properties":{
"id":"RTS.543",
"STATUS":"Действующий",
"DBIDENT":"1789954",
"NAME":"YALOVA",
"ALT_NAME":"YALOVA",
"DESIGNATOR":"YAA",
"":"",
"LATITUDE":"402830N",
"LONGITUDE":"0291227E",
"ICAO_REG":"LT",
"DECLINATION":"6",
"FREQUENCY":"117.7",
"ABSOLUTEHEIGHT":"879",
"SIGNPT_TYPE":"Совмещённый VOR/DME",
"OBJTOTEXT":"0",
"MAGVAR":"6"} },
{"type":"Feature",
"geometry": {"type": "Point","coordinates": [30.134722222,39.106666667] },"properties":{
"id":"RTS.544",
"STATUS":"Действующий",
"DBIDENT":"1789955",
"NAME":"ZAFER",
"ALT_NAME":"ZAFER",
"DESIGNATOR":"KTH",
"":"",
"LATITUDE":"390624N",
"LONGITUDE":"0300805E",
"ICAO_REG":"LT",
"DECLINATION":"6",
"FREQUENCY":"112.3",
"ABSOLUTEHEIGHT":"1018",
"SIGNPT_TYPE":"Совмещённый VOR/DME",
"OBJTOTEXT":"0",
"MAGVAR":"6"} },
{"type":"Feature",
"geometry": {"type": "Point","coordinates": [44.225555556,33.292222222] },"properties":{
"id":"RTS.545",
"STATUS":"Действующий",
"DBIDENT":"1792450",
"NAME":"BAGHDAD",
"ALT_NAME":"BAGHDAD",
"DESIGNATOR":"BGD",
"":"",
"LATITUDE":"331732N",
"LONGITUDE":"0441332E",
"ICAO_REG":"OR",
"DECLINATION":"5",
"FREQUENCY":"112.9",
"ABSOLUTEHEIGHT":"30",
"SIGNPT_TYPE":"Совмещённый VOR/DME",
"OBJTOTEXT":"0",
"MAGVAR":"5"} },
{"type":"Feature",
"geometry": {"type": "Point","coordinates": [47.686666667,30.525555556] },"properties":{
"id":"RTS.546",
"STATUS":"Действующий",
"DBIDENT":"1792460",
"NAME":"BASRAH",
"ALT_NAME":"BASRAH",
"DESIGNATOR":"BSR",
"":"",
"LATITUDE":"303132N",
"LONGITUDE":"0474112E",
"ICAO_REG":"OR",
"DECLINATION":"4",
"FREQUENCY":"112.3",
"ABSOLUTEHEIGHT":"30",
"SIGNPT_TYPE":"Совмещённый VOR/DME",
"OBJTOTEXT":"0",
"MAGVAR":"4"} },
{"type":"Feature",
"geometry": {"type": "Point","coordinates": [27.896388889,37.814722222] },"properties":{
"id":"RTS.547",
"STATUS":"Действующий",
"DBIDENT":"1794701",
"NAME":"CILDIR",
"ALT_NAME":"CILDIR",
"DESIGNATOR":"CLD",
"":"",
"LATITUDE":"374853N",
"LONGITUDE":"0275347E",
"ICAO_REG":"LT",
"DECLINATION":"6",
"FREQUENCY":"113.85",
"ABSOLUTEHEIGHT":"37",
"SIGNPT_TYPE":"Совмещённый VOR/DME",
"OBJTOTEXT":"0",
"MAGVAR":"6"} },
{"type":"Feature",
"geometry": {"type": "Point","coordinates": [44.242500000,37.549166667] },"properties":{
"id":"RTS.548",
"STATUS":"Действующий",
"DBIDENT":"1794739",
"NAME":"YUKSEKOVA",
"ALT_NAME":"YUKSEKOVA",
"DESIGNATOR":"YKV",
"":"",
"LATITUDE":"373257N",
"LONGITUDE":"0441433E",
"ICAO_REG":"LT",
"DECLINATION":"6",
"FREQUENCY":"112.1",
"ABSOLUTEHEIGHT":"1865",
"SIGNPT_TYPE":"Совмещённый VOR/DME",
"OBJTOTEXT":"0",
"MAGVAR":"6"} },
{"type":"Feature",
"geometry": {"type": "Point","coordinates": [32.297500000,36.304444444] },"properties":{
"id":"RTS.549",
"STATUS":"Действующий",
"DBIDENT":"1794821",
"NAME":"GAZIPASA",
"ALT_NAME":"GAZIPASA",
"DESIGNATOR":"GZP",
"":"",
"LATITUDE":"361816N",
"LONGITUDE":"0321751E",
"ICAO_REG":"LT",
"DECLINATION":"6",
"FREQUENCY":"0.316",
"ABSOLUTEHEIGHT":"0",
"SIGNPT_TYPE":"Маяк NDB",
"OBJTOTEXT":"0",
"MAGVAR":"6"} },
{"type":"Feature",
"geometry": {"type": "Point","coordinates": [27.004166667,39.551388889] },"properties":{
"id":"RTS.550",
"STATUS":"Действующий",
"DBIDENT":"1794861",
"NAME":"EDREMIT",
"ALT_NAME":"EDREMIT",
"DESIGNATOR":"EDR",
"":"",
"LATITUDE":"393305N",
"LONGITUDE":"0270015E",
"ICAO_REG":"LT",
"DECLINATION":"6",
"FREQUENCY":"109.4",
"ABSOLUTEHEIGHT":"16",
"SIGNPT_TYPE":"Совмещённый VOR/DME",
"OBJTOTEXT":"0",
"MAGVAR":"6"} },
{"type":"Feature",
"geometry": {"type": "Point","coordinates": [33.012500000,40.146666667] },"properties":{
"id":"RTS.551",
"STATUS":"Действующий",
"DBIDENT":"1794871",
"NAME":"ESENBOGA",
"ALT_NAME":"ESENBOGA",
"DESIGNATOR":"ESB",
"":"",
"LATITUDE":"400848N",
"LONGITUDE":"0330045E",
"ICAO_REG":"LT",
"DECLINATION":"6",
"FREQUENCY":"112.1",
"ABSOLUTEHEIGHT":"960",
"SIGNPT_TYPE":"Совмещённый VOR/DME",
"OBJTOTEXT":"0",
"MAGVAR":"6"} },
{"type":"Feature",
"geometry": {"type": "Point","coordinates": [38.086111111,40.964444444] },"properties":{
"id":"RTS.552",
"STATUS":"Действующий",
"DBIDENT":"1795997",
"NAME":"ORDU-GIRESUN",
"ALT_NAME":"ORDU-GIRESUN",
"DESIGNATOR":"ORI",
"":"",
"LATITUDE":"405752N",
"LONGITUDE":"0380510E",
"ICAO_REG":"LT",
"DECLINATION":"7",
"FREQUENCY":"0.35",
"ABSOLUTEHEIGHT":"0",
"SIGNPT_TYPE":"Маяк NDB",
"OBJTOTEXT":"0",
"MAGVAR":"7"} },
{"type":"Feature",
"geometry": {"type": "Point","coordinates": [111.556388889,52.521388889] },"properties":{
"id":"RTS.553",
"STATUS":"Действующий",
"DBIDENT":"1797610",
"NAME":"SOSNOVO-OZERSKOYE",
"ALT_NAME":"СОСНОВО-ОЗЕРСКОЕ",
"DESIGNATOR":"SOZ",
"":"",
"LATITUDE":"523117N",
"LONGITUDE":"1113323E",
"ICAO_REG":"UX",
"":"",
"FREQUENCY":"114.1",
"ABSOLUTEHEIGHT":"990",
"SIGNPT_TYPE":"Дальномер DME",
"OBJTOTEXT":"0"} },
{"type":"Feature",
"geometry": {"type": "Point","coordinates": [114.921944444,56.358333333] },"properties":{
"id":"RTS.554",
"STATUS":"Действующий",
"DBIDENT":"1797611",
"NAME":"TAKSIMO",
"ALT_NAME":"ТАКСИМО",
"DESIGNATOR":"TKS",
"":"",
"LATITUDE":"562130N",
"LONGITUDE":"1145519E",
"ICAO_REG":"UX",
"":"",
"FREQUENCY":"114.45",
"ABSOLUTEHEIGHT":"510",
"SIGNPT_TYPE":"Дальномер DME",
"OBJTOTEXT":"0"} },
{"type":"Feature",
"geometry": {"type": "Point","coordinates": [102.790555556,46.257777778] },"properties":{
"id":"RTS.555",
"STATUS":"Действующий",
"DBIDENT":"1818178",
"NAME":"ARVAIKHEER",
"DESIGNATOR":"AHR",
"":"",
"LATITUDE":"461528N",
"LONGITUDE":"1024726E",
"ICAO_REG":"ZM",
"":"",
"FREQUENCY":"115.6",
"ABSOLUTEHEIGHT":"1830",
"SIGNPT_TYPE":"Дальномер DME",
"OBJTOTEXT":"0"} },
{"type":"Feature",
"geometry": {"type": "Point","coordinates": [108.930000000,32.753333333] },"properties":{
"id":"RTS.556",
"STATUS":"Действующий",
"DBIDENT":"1818179",
"NAME":"ANKANGFUQIANGDONG",
"":"",
"LATITUDE":"324512N",
"LONGITUDE":"1085548E",
"ICAO_REG":"ZL",
"DECLINATION":"-3.7",
"FREQUENCY":"0",
"ABSOLUTEHEIGHT":"0",
"SIGNPT_TYPE":"Совмещённый VOR/DME",
"OBJTOTEXT":"0",
"MAGVAR":"-4"} },
{"type":"Feature",
"geometry": {"type": "Point","coordinates": [80.285000000,41.261666667] },"properties":{
"id":"RTS.557",
"STATUS":"Действующий",
"DBIDENT":"1818180",
"NAME":"AKSU",
"":"",
"LATITUDE":"411542N",
"LONGITUDE":"0801706E",
"ICAO_REG":"ZW",
"DECLINATION":"4",
"FREQUENCY":"0",
"ABSOLUTEHEIGHT":"0",
"SIGNPT_TYPE":"Совмещённый VOR/DME",
"OBJTOTEXT":"0",
"MAGVAR":"4"} },
{"type":"Feature",
"geometry": {"type": "Point","coordinates": [121.221666667,30.256666667] },"properties":{
"id":"RTS.558",
"STATUS":"Действующий",
"DBIDENT":"1818182",
"NAME":"ANDONG",
"":"",
"LATITUDE":"301524N",
"LONGITUDE":"1211318E",
"ICAO_REG":"ZS",
"DECLINATION":"-5",
"FREQUENCY":"0",
"ABSOLUTEHEIGHT":"0",
"SIGNPT_TYPE":"Совмещённый VOR/DME",
"OBJTOTEXT":"0",
"MAGVAR":"-5"} },
{"type":"Feature",
"geometry": {"type": "Point","coordinates": [113.285833333,46.670000000] },"properties":{
"id":"RTS.559",
"STATUS":"Действующий",
"DBIDENT":"1818188",
"NAME":"BARUUN-URT",
"DESIGNATOR":"BAR",
"":"",
"LATITUDE":"464012N",
"LONGITUDE":"1131709E",
"ICAO_REG":"ZM",
"":"",
"FREQUENCY":"116.7",
"ABSOLUTEHEIGHT":"1020",
"SIGNPT_TYPE":"Дальномер DME",
"OBJTOTEXT":"0"} },
{"type":"Feature",
"geometry": {"type": "Point","coordinates": [109.998333333,40.556666667] },"properties":{
"id":"RTS.560",
"STATUS":"Действующий",
"DBIDENT":"1818189",
"NAME":"BAOTOU",
"":"",
"LATITUDE":"403324N",
"LONGITUDE":"1095954E",
"ICAO_REG":"ZB",
"DECLINATION":"-4",
"FREQUENCY":"0",
"ABSOLUTEHEIGHT":"0",
"SIGNPT_TYPE":"Совмещённый VOR/DME",
"OBJTOTEXT":"0",
"MAGVAR":"-4"} },
{"type":"Feature",
"geometry": {"type": "Point","coordinates": [104.200000000,30.511666667] },"properties":{
"id":"RTS.561",
"STATUS":"Действующий",
"DBIDENT":"1818194",
"NAME":"BAIHESI",
"":"",
"LATITUDE":"303042N",
"LONGITUDE":"1041200E",
"ICAO_REG":"ZP",
"DECLINATION":"-2",
"FREQUENCY":"0",
"ABSOLUTEHEIGHT":"0",
"SIGNPT_TYPE":"Совмещённый VOR/DME",
"OBJTOTEXT":"0",
"MAGVAR":"-2"} },
{"type":"Feature",
"geometry": {"type": "Point","coordinates": [109.431666667,21.586666667] },"properties":{
"id":"RTS.562",
"STATUS":"Действующий",
"DBIDENT":"1818195",
"NAME":"NANKANG",
"":"",
"LATITUDE":"213512N",
"LONGITUDE":"1092554E",
"ICAO_REG":"ZG",
"DECLINATION":"-2",
"FREQUENCY":"0",
"ABSOLUTEHEIGHT":"0",
"SIGNPT_TYPE":"Совмещённый VOR/DME",
"OBJTOTEXT":"0",
"MAGVAR":"-2"} },
{"type":"Feature",
"geometry": {"type": "Point","coordinates": [113.493333333,40.055000000] },"properties":{
"id":"RTS.563",
"STATUS":"Действующий",
"DBIDENT":"1818197",
"NAME":"BEIJIAZAO",
"":"",
"LATITUDE":"400318N",
"LONGITUDE":"1132936E",
"ICAO_REG":"ZB",
"DECLINATION":"-5",
"FREQUENCY":"0",
"ABSOLUTEHEIGHT":"0",
"SIGNPT_TYPE":"Совмещённый VOR/DME",
"OBJTOTEXT":"0",
"MAGVAR":"-5"} },
{"type":"Feature",
"geometry": {"type": "Point","coordinates": [100.755000000,21.980000000] },"properties":{
"id":"RTS.564",
"STATUS":"Действующий",
"DBIDENT":"1818203",
"NAME":"XISHUANGBANNA",
"":"",
"LATITUDE":"215848N",
"LONGITUDE":"1004518E",
"ICAO_REG":"ZP",
"DECLINATION":"-1",
"FREQUENCY":"0",
"ABSOLUTEHEIGHT":"0",
"SIGNPT_TYPE":"Совмещённый VOR/DME",
"OBJTOTEXT":"0",
"MAGVAR":"-1"} },
{"type":"Feature",
"geometry": {"type": "Point","coordinates": [106.645000000,23.891666667] },"properties":{
"id":"RTS.565",
"STATUS":"Действующий",
"DBIDENT":"1818205",
"NAME":"BOSE",
"":"",
"LATITUDE":"235330N",
"LONGITUDE":"1063842E",
"ICAO_REG":"ZG",
"DECLINATION":"-1.7",
"FREQUENCY":"0",
"ABSOLUTEHEIGHT":"0",
"SIGNPT_TYPE":"Совмещённый VOR/DME",
"OBJTOTEXT":"0",
"MAGVAR":"-2"} },
{"type":"Feature",
"geometry": {"type": "Point","coordinates": [118.349250000,24.426583333] },"properties":{
"id":"RTS.566",
"STATUS":"Действующий",
"DBIDENT":"1818206",
"NAME":"KINMEN",
"":"",
"LATITUDE":"242536N",
"LONGITUDE":"1182057E",
"ICAO_REG":"RC",
"FREQUENCY":"0",
"ABSOLUTEHEIGHT":"0",
"SIGNPT_TYPE":"Дальномер DME",
"OBJTOTEXT":"0"} },
{"type":"Feature",
"geometry": {"type": "Point","coordinates": [116.576666667,38.105000000] },"properties":{
"id":"RTS.567",
"STATUS":"Действующий",
"DBIDENT":"1818207",
"NAME":"POTOU",
"":"",
"LATITUDE":"380618N",
"LONGITUDE":"1163436E",
"ICAO_REG":"ZB",
"DECLINATION":"-6",
"FREQUENCY":"0",
"ABSOLUTEHEIGHT":"0",
"SIGNPT_TYPE":"Совмещённый VOR/DME",
"OBJTOTEXT":"0",
"MAGVAR":"-6"} },
{"type":"Feature",
"geometry": {"type": "Point","coordinates": [103.484166667,48.854166667] },"properties":{
"id":"RTS.568",
"STATUS":"Действующий",
"DBIDENT":"1818208",
"NAME":"BULGAN",
"DESIGNATOR":"BUL",
"":"",
"LATITUDE":"485115N",
"LONGITUDE":"1032903E",
"ICAO_REG":"ZM",
"":"",
"FREQUENCY":"115.9",
"ABSOLUTEHEIGHT":"1320",
"SIGNPT_TYPE":"Дальномер DME",
"OBJTOTEXT":"0"} },
{"type":"Feature",
"geometry": {"type": "Point","coordinates": [109.396944444,46.232500000] },"properties":{
"id":"RTS.569",
"STATUS":"Действующий",
"DBIDENT":"1818209",
"NAME":"BOR-UNDUR",
"":"",
"LATITUDE":"461357N",
"LONGITUDE":"1092349E",
"ICAO_REG":"ZM",
"FREQUENCY":"0",
"ABSOLUTEHEIGHT":"0",
"SIGNPT_TYPE":"Дальномер DME",
"OBJTOTEXT":"0"} },
{"type":"Feature",
"geometry": {"type": "Point","coordinates": [104.380000000,31.250000000] },"properties":{
"id":"RTS.570",
"STATUS":"Действующий",
"DBIDENT":"1818213",
"NAME":"DEXIN",
"":"",
"LATITUDE":"311500N",
"LONGITUDE":"1042248E",
"ICAO_REG":"ZP",
"DECLINATION":"-2",
"FREQUENCY":"0",
"ABSOLUTEHEIGHT":"0",
"SIGNPT_TYPE":"Совмещённый VOR/DME",
"OBJTOTEXT":"0",
"MAGVAR":"-2"} },
{"type":"Feature",
"geometry": {"type": "Point","coordinates": [100.720000000,26.665000000] },"properties":{
"id":"RTS.571",
"STATUS":"Действующий",
"DBIDENT":"1818214",
"NAME":"CHENGHAI",
"":"",
"LATITUDE":"263954N",
"LONGITUDE":"1004312E",
"ICAO_REG":"ZP",
"DECLINATION":"-1",
"FREQUENCY":"0",
"ABSOLUTEHEIGHT":"0",
"SIGNPT_TYPE":"Совмещённый VOR/DME",
"OBJTOTEXT":"0",
"MAGVAR":"-1"} },
{"type":"Feature",
"geometry": {"type": "Point","coordinates": [113.416666667,23.151666667] },"properties":{
"id":"RTS.572",
"STATUS":"Действующий",
"DBIDENT":"1818215",
"NAME":"CENCUN",
"":"",
"LATITUDE":"230906N",
"LONGITUDE":"1132500E",
"ICAO_REG":"ZG",
"DECLINATION":"-2",
"FREQUENCY":"0",
"ABSOLUTEHEIGHT":"0",
"SIGNPT_TYPE":"Совмещённый VOR/DME",
"OBJTOTEXT":"0",
"MAGVAR":"-2"} },
{"type":"Feature",
"geometry": {"type": "Point","coordinates": [113.843333333,34.518333333] },"properties":{
"id":"RTS.573",
"STATUS":"Действующий",
"DBIDENT":"1818216",
"NAME":"XINZHENG",
"":"",
"LATITUDE":"343106N",
"LONGITUDE":"1135036E",
"ICAO_REG":"ZH",
"DECLINATION":"-4",
"FREQUENCY":"0",
"ABSOLUTEHEIGHT":"0",
"SIGNPT_TYPE":"Совмещённый VOR/DME",
"OBJTOTEXT":"0",
"MAGVAR":"-4"} },
{"type":"Feature",
"geometry": {"type": "Point","coordinates": [121.193333333,31.210000000] },"properties":{
"id":"RTS.574",
"STATUS":"Действующий",
"DBIDENT":"1818217",
"NAME":"CHONGGU",
"":"",
"LATITUDE":"311236N",
"LONGITUDE":"1211136E",
"ICAO_REG":"ZS",
"DECLINATION":"-6",
"FREQUENCY":"0",
"ABSOLUTEHEIGHT":"0",
"SIGNPT_TYPE":"Совмещённый VOR/DME",
"OBJTOTEXT":"0",
"MAGVAR":"-6"} },
{"type":"Feature",
"geometry": {"type": "Point","coordinates": [114.030055556,22.219541667] },"properties":{
"id":"RTS.575",
"STATUS":"Действующий",
"DBIDENT":"1818218",
"NAME":"CHEUNG CHAU",
"":"",
"LATITUDE":"221310N",
"LONGITUDE":"1140148E",
"ICAO_REG":"VH",
"DECLINATION":"-3",
"FREQUENCY":"0",
"ABSOLUTEHEIGHT":"0",
"SIGNPT_TYPE":"Совмещённый VOR/DME",
"OBJTOTEXT":"0",
"MAGVAR":"-3"} },
{"type":"Feature",
"geometry": {"type": "Point","coordinates": [118.811666667,42.190000000] },"properties":{
"id":"RTS.576",
"STATUS":"Действующий",
"DBIDENT":"1818219",
"NAME":"CHIFENG",
"":"",
"LATITUDE":"421124N",
"LONGITUDE":"1184842E",
"ICAO_REG":"ZY",
"DECLINATION":"-8",
"FREQUENCY":"0",
"ABSOLUTEHEIGHT":"0",
"SIGNPT_TYPE":"Совмещённый VOR/DME",
"OBJTOTEXT":"0",
"MAGVAR":"-8"} },
{"type":"Feature",
"geometry": {"type": "Point","coordinates": [120.433333333,41.536666667] },"properties":{
"id":"RTS.577",
"STATUS":"Действующий",
"DBIDENT":"1818220",
"NAME":"CHAOYANG",
"":"",
"LATITUDE":"413212N",
"LONGITUDE":"1202600E",
"ICAO_REG":"ZY",
"DECLINATION":"-8",
"FREQUENCY":"0",
"ABSOLUTEHEIGHT":"0",
"SIGNPT_TYPE":"Совмещённый VOR/DME",
"OBJTOTEXT":"0",
"MAGVAR":"-8"} },
{"type":"Feature",
"geometry": {"type": "Point","coordinates": [122.616666667,39.266666667] },"properties":{
"id":"RTS.578",
"STATUS":"Действующий",
"DBIDENT":"1818221",
"NAME":"CHANGHAI",
"":"",
"LATITUDE":"391600N",
"LONGITUDE":"1223700E",
"ICAO_REG":"ZY",
"DECLINATION":"-8",
"FREQUENCY":"0",
"ABSOLUTEHEIGHT":"0",
"SIGNPT_TYPE":"Совмещённый VOR/DME",
"OBJTOTEXT":"0",
"MAGVAR":"-8"} },
{"type":"Feature",
"geometry": {"type": "Point","coordinates": [98.350000000,39.855000000] },"properties":{
"id":"RTS.579",
"STATUS":"Действующий",
"DBIDENT":"1818222",
"NAME":"JIAYUGUAN",
"":"",
"LATITUDE":"395118N",
"LONGITUDE":"0982100E",
"ICAO_REG":"ZL",
"DECLINATION":"-1",
"FREQUENCY":"0",
"ABSOLUTEHEIGHT":"0",
"SIGNPT_TYPE":"Совмещённый VOR/DME",
"OBJTOTEXT":"0",
"MAGVAR":"-1"} },
{"type":"Feature",
"geometry": {"type": "Point","coordinates": [106.653333333,29.746666667] },"properties":{
"id":"RTS.580",
"STATUS":"Действующий",
"DBIDENT":"1818223",
"NAME":"JIANGBEI",
"":"",
"LATITUDE":"294448N",
"LONGITUDE":"1063912E",
"ICAO_REG":"ZP",
"DECLINATION":"-2",
"FREQUENCY":"0",
"ABSOLUTEHEIGHT":"0",
"SIGNPT_TYPE":"Совмещённый VOR/DME",
"OBJTOTEXT":"0",
"MAGVAR":"-2"} },
{"type":"Feature",
"geometry": {"type": "Point","coordinates": [113.586666667,23.588333333] },"properties":{
"id":"RTS.581",
"STATUS":"Действующий",
"DBIDENT":"1818224",
"NAME":"CONGHUA",
"":"",
"LATITUDE":"233518N",
"LONGITUDE":"1133512E",
"ICAO_REG":"ZG",
"DECLINATION":"-2",
"FREQUENCY":"0",
"ABSOLUTEHEIGHT":"0",
"SIGNPT_TYPE":"Совмещённый VOR/DME",
"OBJTOTEXT":"0",
"MAGVAR":"-2"} },
{"type":"Feature",
"geometry": {"type": "Point","coordinates": [116.483333333,23.530000000] },"properties":{
"id":"RTS.582",
"STATUS":"Действующий",
"DBIDENT":"1818225",
"NAME":"CHAOSHAN",
"":"",
"LATITUDE":"233148N",
"LONGITUDE":"1162900E",
"ICAO_REG":"ZG",
"DECLINATION":"-3",
"FREQUENCY":"0",
"ABSOLUTEHEIGHT":"0",
"SIGNPT_TYPE":"Совмещённый VOR/DME",
"OBJTOTEXT":"0",
"MAGVAR":"-3"} },
{"type":"Feature",
"geometry": {"type": "Point","coordinates": [103.943333333,30.573333333] },"properties":{
"id":"RTS.583",
"STATUS":"Действующий",
"DBIDENT":"1818226",
"NAME":"SHUANGLIU",
"":"",
"LATITUDE":"303424N",
"LONGITUDE":"1035636E",
"ICAO_REG":"ZP",
"DECLINATION":"-1.7",
"FREQUENCY":"0",
"ABSOLUTEHEIGHT":"0",
"SIGNPT_TYPE":"Совмещённый VOR/DME",
"OBJTOTEXT":"0",
"MAGVAR":"-2"} },
{"type":"Feature",
"geometry": {"type": "Point","coordinates": [103.686666667,30.645000000] },"properties":{
"id":"RTS.584",
"STATUS":"Действующий",
"DBIDENT":"1818227",
"NAME":"CHONGZHOU",
"":"",
"LATITUDE":"303842N",
"LONGITUDE":"1034112E",
"ICAO_REG":"ZP",
"DECLINATION":"-2",
"FREQUENCY":"0",
"ABSOLUTEHEIGHT":"0",
"SIGNPT_TYPE":"Совмещённый VOR/DME",
"OBJTOTEXT":"0",
"MAGVAR":"-2"} },
{"type":"Feature",
"geometry": {"type": "Point","coordinates": [119.776666667,31.923333333] },"properties":{
"id":"RTS.585",
"STATUS":"Действующий",
"DBIDENT":"1818228",
"NAME":"CHANGZHOU",
"":"",
"LATITUDE":"315524N",
"LONGITUDE":"1194636E",
"ICAO_REG":"ZS",
"DECLINATION":"-4",
"FREQUENCY":"0",
"ABSOLUTEHEIGHT":"0",
"SIGNPT_TYPE":"Совмещённый VOR/DME",
"OBJTOTEXT":"0",
"MAGVAR":"-4"} },
{"type":"Feature",
"geometry": {"type": "Point","coordinates": [100.323333333,25.643333333] },"properties":{
"id":"RTS.586",
"STATUS":"Действующий",
"DBIDENT":"1818229",
"NAME":"DALI",
"":"",
"LATITUDE":"253836N",
"LONGITUDE":"1001924E",
"ICAO_REG":"ZP",
"DECLINATION":"-1",
"FREQUENCY":"0",
"ABSOLUTEHEIGHT":"0",
"SIGNPT_TYPE":"Совмещённый VOR/DME",
"OBJTOTEXT":"0",
"MAGVAR":"-1"} },
{"type":"Feature",
"geometry": {"type": "Point","coordinates": [105.992500000,49.492777778] },"properties":{
"id":"RTS.587",
"STATUS":"Действующий",
"DBIDENT":"1818230",
"NAME":"DARKHAN",
"DESIGNATOR":"DAR",
"":"",
"LATITUDE":"492934N",
"LONGITUDE":"1055933E",
"ICAO_REG":"ZM",
"":"",
"FREQUENCY":"115.7",
"ABSOLUTEHEIGHT":"960",
"SIGNPT_TYPE":"Дальномер DME",
"OBJTOTEXT":"0"} },
{"type":"Feature",
"geometry": {"type": "Point","coordinates": [110.441666667,19.161666667] },"properties":{
"id":"RTS.588",
"STATUS":"Действующий",
"DBIDENT":"1818231",
"NAME":"BOAO",
"":"",
"LATITUDE":"190942N",
"LONGITUDE":"1102630E",
"ICAO_REG":"ZJ",
"DECLINATION":"-2",
"FREQUENCY":"0",
"ABSOLUTEHEIGHT":"0",
"SIGNPT_TYPE":"Совмещённый VOR/DME",
"OBJTOTEXT":"0",
"MAGVAR":"-2"} },
{"type":"Feature",
"geometry": {"type": "Point","coordinates": [121.570000000,38.961666667] },"properties":{
"id":"RTS.589",
"STATUS":"Действующий",
"DBIDENT":"1818232",
"NAME":"DALIAN",
"":"",
"LATITUDE":"385742N",
"LONGITUDE":"1213412E",
"ICAO_REG":"ZY",
"DECLINATION":"-7",
"FREQUENCY":"0",
"ABSOLUTEHEIGHT":"0",
"SIGNPT_TYPE":"Совмещённый VOR/DME",
"OBJTOTEXT":"0",
"MAGVAR":"-7"} },
{"type":"Feature",
"geometry": {"type": "Point","coordinates": [114.158333333,30.440000000] },"properties":{
"id":"RTS.590",
"STATUS":"Действующий",
"DBIDENT":"1818233",
"NAME":"CAIDIAN",
"":"",
"LATITUDE":"302624N",
"LONGITUDE":"1140930E",
"ICAO_REG":"ZH",
"DECLINATION":"-4",
"FREQUENCY":"0",
"ABSOLUTEHEIGHT":"0",
"SIGNPT_TYPE":"Совмещённый VOR/DME",
"OBJTOTEXT":"0",
"MAGVAR":"-4"} },
{"type":"Feature",
"geometry": {"type": "Point","coordinates": [97.141666667,30.521666667] },"properties":{
"id":"RTS.591",
"STATUS":"Действующий",
"DBIDENT":"1818234",
"NAME":"BANGDA",
"":"",
"LATITUDE":"303118N",
"LONGITUDE":"0970830E",
"ICAO_REG":"ZP",
"DECLINATION":"-0.7",
"FREQUENCY":"0",
"ABSOLUTEHEIGHT":"0",
"SIGNPT_TYPE":"Совмещённый VOR/DME",
"OBJTOTEXT":"0",
"MAGVAR":"-1"} },
{"type":"Feature",
"geometry": {"type": "Point","coordinates": [124.283333333,40.256666667] },"properties":{
"id":"RTS.592",
"STATUS":"Действующий",
"DBIDENT":"1818235",
"NAME":"DANDONG",
"":"",
"LATITUDE":"401524N",
"LONGITUDE":"1241700E",
"ICAO_REG":"ZY",
"DECLINATION":"-8",
"FREQUENCY":"0",
"ABSOLUTEHEIGHT":"0",
"SIGNPT_TYPE":"Совмещённый VOR/DME",
"OBJTOTEXT":"0",
"MAGVAR":"-8"} },
{"type":"Feature",
"geometry": {"type": "Point","coordinates": [113.971666667,30.698333333] },"properties":{
"id":"RTS.593",
"STATUS":"Действующий",
"DBIDENT":"1818237",
"NAME":"HEBAOHU",
"":"",
"LATITUDE":"304154N",
"LONGITUDE":"1135818E",
"ICAO_REG":"ZH",
"DECLINATION":"-4",
"FREQUENCY":"0",
"ABSOLUTEHEIGHT":"0",
"SIGNPT_TYPE":"Совмещённый VOR/DME",
"OBJTOTEXT":"0",
"MAGVAR":"-4"} },
{"type":"Feature",
"geometry": {"type": "Point","coordinates": [118.046666667,41.128333333] },"properties":{
"id":"RTS.594",
"STATUS":"Действующий",
"DBIDENT":"1818238",
"NAME":"CHENGDE",
"":"",
"LATITUDE":"410742N",
"LONGITUDE":"1180248E",
"ICAO_REG":"ZB",
"DECLINATION":"-7",
"FREQUENCY":"0",
"ABSOLUTEHEIGHT":"0",
"SIGNPT_TYPE":"Совмещённый VOR/DME",
"OBJTOTEXT":"0",
"MAGVAR":"-7"} },
{"type":"Feature",
"geometry": {"type": "Point","coordinates": [122.115000000,41.645000000] },"properties":{
"id":"RTS.595",
"STATUS":"Действующий",
"DBIDENT":"1818239",
"NAME":"DAHUSHAN",
"":"",
"LATITUDE":"413842N",
"LONGITUDE":"1220654E",
"ICAO_REG":"ZY",
"DECLINATION":"-8",
"FREQUENCY":"0",
"ABSOLUTEHEIGHT":"0",
"SIGNPT_TYPE":"Совмещённый VOR/DME",
"OBJTOTEXT":"0",
"MAGVAR":"-8"} },
{"type":"Feature",
"geometry": {"type": "Point","coordinates": [114.470000000,30.870000000] },"properties":{
"id":"RTS.596",
"STATUS":"Действующий",
"DBIDENT":"1818240",
"NAME":"HUANGPI",
"":"",
"LATITUDE":"305212N",
"LONGITUDE":"1142812E",
"ICAO_REG":"ZH",
"DECLINATION":"-4",
"FREQUENCY":"0",
"ABSOLUTEHEIGHT":"0",
"SIGNPT_TYPE":"Совмещённый VOR/DME",
"OBJTOTEXT":"0",
"MAGVAR":"-4"} },
{"type":"Feature",
"geometry": {"type": "Point","coordinates": [103.441666667,36.770000000] },"properties":{
"id":"RTS.597",
"STATUS":"Действующий",
"DBIDENT":"1818241",
"NAME":"WANGJIACHUAN",
"":"",
"LATITUDE":"364612N",
"LONGITUDE":"1032630E",
"ICAO_REG":"ZL",
"DECLINATION":"-2",
"FREQUENCY":"0",
"ABSOLUTEHEIGHT":"0",
"SIGNPT_TYPE":"Совмещённый VOR/DME",
"OBJTOTEXT":"0",
"MAGVAR":"-2"} },
{"type":"Feature",
"geometry": {"type": "Point","coordinates": [85.443333333,38.216666667] },"properties":{
"id":"RTS.598",
"STATUS":"Действующий",
"DBIDENT":"1818242",
"NAME":"YUDU",
"":"",
"LATITUDE":"381300N",
"LONGITUDE":"0852636E",
"ICAO_REG":"ZW",
"DECLINATION":"2",
"FREQUENCY":"0",
"ABSOLUTEHEIGHT":"0",
"SIGNPT_TYPE":"Совмещённый VOR/DME",
"OBJTOTEXT":"0",
"MAGVAR":"2"} },
{"type":"Feature",
"geometry": {"type": "Point","coordinates": [103.605000000,25.531666667] },"properties":{
"id":"RTS.599",
"STATUS":"Действующий",
"DBIDENT":"1818243",
"NAME":"MALONG",
"":"",
"LATITUDE":"253154N",
"LONGITUDE":"1033618E",
"ICAO_REG":"ZP",
"DECLINATION":"-1",
"FREQUENCY":"0",
"ABSOLUTEHEIGHT":"0",
"SIGNPT_TYPE":"Совмещённый VOR/DME",
"OBJTOTEXT":"0",
"MAGVAR":"-1"} },
{"type":"Feature",
"geometry": {"type": "Point","coordinates": [112.448333333,30.263333333] },"properties":{
"id":"RTS.600",
"STATUS":"Действующий",
"DBIDENT":"1818244",
"NAME":"JINGZHOU",
"":"",
"LATITUDE":"301548N",
"LONGITUDE":"1122654E",
"ICAO_REG":"ZH",
"DECLINATION":"-4",
"FREQUENCY":"0",
"ABSOLUTEHEIGHT":"0",
"SIGNPT_TYPE":"Совмещённый VOR/DME",
"OBJTOTEXT":"0",
"MAGVAR":"-4"} },
{"type":"Feature",
"geometry": {"type": "Point","coordinates": [106.996666667,40.315000000] },"properties":{
"id":"RTS.601",
"STATUS":"Действующий",
"DBIDENT":"1818245",
"NAME":"DENGKOU",
"":"",
"LATITUDE":"401854N",
"LONGITUDE":"1065948E",
"ICAO_REG":"ZB",
"DECLINATION":"-4",
"FREQUENCY":"0",
"ABSOLUTEHEIGHT":"0",
"SIGNPT_TYPE":"Совмещённый VOR/DME",
"OBJTOTEXT":"0",
"MAGVAR":"-4"} },
{"type":"Feature",
"geometry": {"type": "Point","coordinates": [104.428611111,43.598333333] },"properties":{
"id":"RTS.602",
"STATUS":"Действующий",
"DBIDENT":"1818246",
"NAME":"DALANZADGAD",
"DESIGNATOR":"DLZ",
"":"",
"LATITUDE":"433554N",
"LONGITUDE":"1042543E",
"ICAO_REG":"ZM",
"":"",
"FREQUENCY":"115.3",
"ABSOLUTEHEIGHT":"1470",
"SIGNPT_TYPE":"Дальномер DME",
"OBJTOTEXT":"0"} },
{"type":"Feature",
"geometry": {"type": "Point","coordinates": [103.618333333,36.541666667] },"properties":{
"id":"RTS.603",
"STATUS":"Действующий",
"DBIDENT":"1818247",
"NAME":"LANZHOU",
"":"",
"LATITUDE":"363230N",
"LONGITUDE":"1033706E",
"ICAO_REG":"ZL",
"DECLINATION":"-2",
"FREQUENCY":"0",
"ABSOLUTEHEIGHT":"0",
"SIGNPT_TYPE":"Совмещённый VOR/DME",
"OBJTOTEXT":"0",
"MAGVAR":"-2"} },
{"type":"Feature",
"geometry": {"type": "Point","coordinates": [94.845000000,40.163333333] },"properties":{
"id":"RTS.604",
"STATUS":"Действующий",
"DBIDENT":"1818248",
"NAME":"DUNHUANG",
"":"",
"LATITUDE":"400948N",
"LONGITUDE":"0945042E",
"ICAO_REG":"ZL",
"DECLINATION":"0.7",
"FREQUENCY":"0",
"ABSOLUTEHEIGHT":"0",
"SIGNPT_TYPE":"Совмещённый VOR/DME",
"OBJTOTEXT":"0",
"MAGVAR":"1"} },
{"type":"Feature",
"geometry": {"type": "Point","coordinates": [117.998333333,34.278333333] },"properties":{
"id":"RTS.605",
"STATUS":"Действующий",
"DBIDENT":"1818249",
"NAME":"PIXIAN",
"":"",
"LATITUDE":"341642N",
"LONGITUDE":"1175954E",
"ICAO_REG":"ZS",
"DECLINATION":"-5",
"FREQUENCY":"0",
"ABSOLUTEHEIGHT":"0",
"SIGNPT_TYPE":"Совмещённый VOR/DME",
"OBJTOTEXT":"0",
"MAGVAR":"-5"} },
{"type":"Feature",
"geometry": {"type": "Point","coordinates": [77.071666667,38.221666667] },"properties":{
"id":"RTS.606",
"STATUS":"Действующий",
"DBIDENT":"1818250",
"NAME":"YARKANT",
"ALT_NAME":"ЯРКАНТ",
"DESIGNATOR":"DSC",
"":"",
"LATITUDE":"381318N",
"LONGITUDE":"0770418E",
"ICAO_REG":"ZW",
"DECLINATION":"3",
"FREQUENCY":"112.5",
"ABSOLUTEHEIGHT":"1317",
"SIGNPT_TYPE":"Совмещённый VOR/DME",
"OBJTOTEXT":"0",
"MAGVAR":"3"} },
{"type":"Feature",
"geometry": {"type": "Point","coordinates": [120.501666667,30.148333333] },"properties":{
"id":"RTS.607",
"STATUS":"Действующий",
"DBIDENT":"1818251",
"NAME":"DANGSHAN",
"":"",
"LATITUDE":"300854N",
"LONGITUDE":"1203006E",
"ICAO_REG":"ZS",
"DECLINATION":"-4",
"FREQUENCY":"0",
"ABSOLUTEHEIGHT":"0",
"SIGNPT_TYPE":"Совмещённый VOR/DME",
"OBJTOTEXT":"0",
"MAGVAR":"-4"} },
{"type":"Feature",
"geometry": {"type": "Point","coordinates": [120.630000000,27.750000000] },"properties":{
"id":"RTS.608",
"STATUS":"Действующий",
"DBIDENT":"1818253",
"NAME":"DONGSHAN",
"":"",
"LATITUDE":"274500N",
"LONGITUDE":"1203748E",
"ICAO_REG":"ZS",
"DECLINATION":"-4",
"FREQUENCY":"0",
"ABSOLUTEHEIGHT":"0",
"SIGNPT_TYPE":"Совмещённый VOR/DME",
"OBJTOTEXT":"0",
"MAGVAR":"-4"} },
{"type":"Feature",
"geometry": {"type": "Point","coordinates": [110.935000000,32.571666667] },"properties":{
"id":"RTS.609",
"STATUS":"Действующий",
"DBIDENT":"1818254",
"NAME":"WUDANGSHAN",
"":"",
"LATITUDE":"323418N",
"LONGITUDE":"1105606E",
"ICAO_REG":"ZH",
"DECLINATION":"-4",
"FREQUENCY":"0",
"ABSOLUTEHEIGHT":"0",
"SIGNPT_TYPE":"Совмещённый VOR/DME",
"OBJTOTEXT":"0",
"MAGVAR":"-4"} },
{"type":"Feature",
"geometry": {"type": "Point","coordinates": [113.125000000,27.983333333] },"properties":{
"id":"RTS.610",
"STATUS":"Действующий",
"DBIDENT":"1818256",
"NAME":"TIAOMA",
"":"",
"LATITUDE":"275900N",
"LONGITUDE":"1130730E",
"ICAO_REG":"ZG",
"DECLINATION":"-3.5",
"FREQUENCY":"0",
"ABSOLUTEHEIGHT":"0",
"SIGNPT_TYPE":"Совмещённый VOR/DME",
"OBJTOTEXT":"0",
"MAGVAR":"-4"} },
{"type":"Feature",
"geometry": {"type": "Point","coordinates": [114.078333333,34.323333333] },"properties":{
"id":"RTS.611",
"STATUS":"Действующий",
"DBIDENT":"1818257",
"NAME":"WEISHI",
"":"",
"LATITUDE":"341924N",
"LONGITUDE":"1140442E",
"ICAO_REG":"ZH",
"DECLINATION":"-4",
"FREQUENCY":"0",
"ABSOLUTEHEIGHT":"0",
"SIGNPT_TYPE":"Совмещённый VOR/DME",
"OBJTOTEXT":"0",
"MAGVAR":"-4"} },
{"type":"Feature",
"geometry": {"type": "Point","coordinates": [106.343333333,37.921666667] },"properties":{
"id":"RTS.612",
"STATUS":"Действующий",
"DBIDENT":"1818258",
"NAME":"WU ZHONG",
"":"",
"LATITUDE":"375518N",
"LONGITUDE":"1062036E",
"ICAO_REG":"ZL",
"DECLINATION":"-3",
"FREQUENCY":"0",
"ABSOLUTEHEIGHT":"0",
"SIGNPT_TYPE":"Совмещённый VOR/DME",
"OBJTOTEXT":"0",
"MAGVAR":"-3"} },
{"type":"Feature",
"geometry": {"type": "Point","coordinates": [116.393333333,39.475000000] },"properties":{
"id":"RTS.613",
"STATUS":"Действующий",
"DBIDENT":"1818259",
"NAME":"DAXING",
"":"",
"LATITUDE":"392830N",
"LONGITUDE":"1162336E",
"ICAO_REG":"ZB",
"DECLINATION":"-6",
"FREQUENCY":"0",
"ABSOLUTEHEIGHT":"0",
"SIGNPT_TYPE":"Совмещённый VOR/DME",
"OBJTOTEXT":"0",
"MAGVAR":"-6"} },
{"type":"Feature",
"geometry": {"type": "Point","coordinates": [110.405000000,29.093333333] },"properties":{
"id":"RTS.614",
"STATUS":"Действующий",
"DBIDENT":"1818260",
"NAME":"ZHANGJIAJIE",
"":"",
"LATITUDE":"290536N",
"LONGITUDE":"1102418E",
"ICAO_REG":"ZG",
"DECLINATION":"-3",
"FREQUENCY":"0",
"ABSOLUTEHEIGHT":"0",
"SIGNPT_TYPE":"Совмещённый VOR/DME",
"OBJTOTEXT":"0",
"MAGVAR":"-3"} },
{"type":"Feature",
"geometry": {"type": "Point","coordinates": [109.481666667,30.333333333] },"properties":{
"id":"RTS.615",
"STATUS":"Действующий",
"DBIDENT":"1818261",
"NAME":"ENSHI",
"":"",
"LATITUDE":"302000N",
"LONGITUDE":"1092854E",
"ICAO_REG":"ZH",
"DECLINATION":"-3",
"FREQUENCY":"0",
"ABSOLUTEHEIGHT":"0",
"SIGNPT_TYPE":"Совмещённый VOR/DME",
"OBJTOTEXT":"0",
"MAGVAR":"-3"} },
{"type":"Feature",
"geometry": {"type": "Point","coordinates": [118.786666667,37.528333333] },"properties":{
"id":"RTS.616",
"STATUS":"Действующий",
"DBIDENT":"1818262",
"NAME":"DONGYING",
"":"",
"LATITUDE":"373142N",
"LONGITUDE":"1184712E",
"ICAO_REG":"ZS",
"DECLINATION":"-6.4",
"FREQUENCY":"0",
"ABSOLUTEHEIGHT":"0",
"SIGNPT_TYPE":"Совмещённый VOR/DME",
"OBJTOTEXT":"0",
"MAGVAR":"-6"} },
{"type":"Feature",
"geometry": {"type": "Point","coordinates": [103.798333333,36.235000000] },"properties":{
"id":"RTS.617",
"STATUS":"Действующий",
"DBIDENT":"1818263",
"NAME":"ZHONGHE",
"":"",
"LATITUDE":"361406N",
"LONGITUDE":"1034754E",
"ICAO_REG":"ZL",
"DECLINATION":"-2",
"FREQUENCY":"0",
"ABSOLUTEHEIGHT":"0",
"SIGNPT_TYPE":"Совмещённый VOR/DME",
"OBJTOTEXT":"0",
"MAGVAR":"-2"} },
{"type":"Feature",
"geometry": {"type": "Point","coordinates": [113.550000000,34.726666667] },"properties":{
"id":"RTS.618",
"STATUS":"Действующий",
"DBIDENT":"1818264",
"NAME":"ZHONGYUAN",
"":"",
"LATITUDE":"344336N",
"LONGITUDE":"1133300E",
"ICAO_REG":"ZH",
"DECLINATION":"-4",
"FREQUENCY":"0",
"ABSOLUTEHEIGHT":"0",
"SIGNPT_TYPE":"Совмещённый VOR/DME",
"OBJTOTEXT":"0",
"MAGVAR":"-4"} },
{"type":"Feature",
"geometry": {"type": "Point","coordinates": [109.601666667,30.291666667] },"properties":{
"id":"RTS.619",
"STATUS":"Действующий",
"DBIDENT":"1818267",
"NAME":"ENSHI",
"":"",
"LATITUDE":"301730N",
"LONGITUDE":"1093606E",
"ICAO_REG":"ZH",
"DECLINATION":"-2",
"FREQUENCY":"0",
"ABSOLUTEHEIGHT":"0",
"SIGNPT_TYPE":"Совмещённый VOR/DME",
"OBJTOTEXT":"0",
"MAGVAR":"-2"} },
{"type":"Feature",
"geometry": {"type": "Point","coordinates": [87.983333333,44.173333333] },"properties":{
"id":"RTS.620",
"STATUS":"Действующий",
"DBIDENT":"1818269",
"NAME":"FUKANG",
"":"",
"LATITUDE":"441024N",
"LONGITUDE":"0875900E",
"ICAO_REG":"ZW",
"DECLINATION":"3",
"FREQUENCY":"0",
"ABSOLUTEHEIGHT":"0",
"SIGNPT_TYPE":"Совмещённый VOR/DME",
"OBJTOTEXT":"0",
"MAGVAR":"3"} },
{"type":"Feature",
"geometry": {"type": "Point","coordinates": [107.378333333,29.700000000] },"properties":{
"id":"RTS.621",
"STATUS":"Действующий",
"DBIDENT":"1818270",
"NAME":"FULING",
"":"",
"LATITUDE":"294200N",
"LONGITUDE":"1072242E",
"ICAO_REG":"ZP",
"DECLINATION":"-2",
"FREQUENCY":"0",
"ABSOLUTEHEIGHT":"0",
"SIGNPT_TYPE":"Совмещённый VOR/DME",
"OBJTOTEXT":"0",
"MAGVAR":"-2"} },
{"type":"Feature",
"geometry": {"type": "Point","coordinates": [108.628333333,34.553333333] },"properties":{
"id":"RTS.622",
"STATUS":"Действующий",
"DBIDENT":"1818271",
"NAME":"FENGHUO",
"":"",
"LATITUDE":"343312N",
"LONGITUDE":"1083742E",
"ICAO_REG":"ZL",
"DECLINATION":"-3",
"FREQUENCY":"0",
"ABSOLUTEHEIGHT":"0",
"SIGNPT_TYPE":"Совмещённый VOR/DME",
"OBJTOTEXT":"0",
"MAGVAR":"-3"} },
{"type":"Feature",
"geometry": {"type": "Point","coordinates": [119.663333333,25.943333333] },"properties":{
"id":"RTS.623",
"STATUS":"Действующий",
"DBIDENT":"1818272",
"NAME":"FUZHOU",
"":"",
"LATITUDE":"255636N",
"LONGITUDE":"1193948E",
"ICAO_REG":"ZS",
"DECLINATION":"-3",
"FREQUENCY":"0",
"ABSOLUTEHEIGHT":"0",
"SIGNPT_TYPE":"Совмещённый VOR/DME",
"OBJTOTEXT":"0",
"MAGVAR":"-3"} },
{"type":"Feature",
"geometry": {"type": "Point","coordinates": [119.385000000,25.740000000] },"properties":{
"id":"RTS.624",
"STATUS":"Действующий",
"DBIDENT":"1818273",
"NAME":"FUQING",
"":"",
"LATITUDE":"254424N",
"LONGITUDE":"1192306E",
"ICAO_REG":"ZS",
"DECLINATION":"-3.3",
"FREQUENCY":"0",
"ABSOLUTEHEIGHT":"0",
"SIGNPT_TYPE":"Совмещённый VOR/DME",
"OBJTOTEXT":"0",
"MAGVAR":"-3"} },
{"type":"Feature",
"geometry": {"type": "Point","coordinates": [115.730000000,32.883333333] },"properties":{
"id":"RTS.625",
"STATUS":"Действующий",
"DBIDENT":"1818274",
"NAME":"FUYANG",
"":"",
"LATITUDE":"325300N",
"LONGITUDE":"1154348E",
"ICAO_REG":"ZH",
"DECLINATION":"-4.5",
"FREQUENCY":"0",
"ABSOLUTEHEIGHT":"0",
"SIGNPT_TYPE":"Совмещённый VOR/DME",
"OBJTOTEXT":"0",
"MAGVAR":"-5"} },
{"type":"Feature",
"geometry": {"type": "Point","coordinates": [124.803333333,44.911666667] },"properties":{
"id":"RTS.626",
"STATUS":"Действующий",
"DBIDENT":"1818275",
"NAME":"FUYU",
"":"",
"LATITUDE":"445442N",
"LONGITUDE":"1244812E",
"ICAO_REG":"ZY",
"DECLINATION":"-10",
"FREQUENCY":"0",
"ABSOLUTEHEIGHT":"0",
"SIGNPT_TYPE":"Совмещённый VOR/DME",
"OBJTOTEXT":"0",
"MAGVAR":"-10"} },
{"type":"Feature",
"geometry": {"type": "Point","coordinates": [47.207591667,39.586616667] },"properties":{
"id":"RTS.627",
"STATUS":"Действующий",
"DBIDENT":"1818276",
"NAME":"FUZULI",
"ALT_NAME":"ФИЗУЛИ",
"DESIGNATOR":"FZL",
"":"",
"LATITUDE":"393512N",
"LONGITUDE":"0471227E",
"ICAO_REG":"UB",
"DECLINATION":"6",
"FREQUENCY":"112.8",
"ABSOLUTEHEIGHT":"370",
"SIGNPT_TYPE":"Совмещённый VOR/DME",
"OBJTOTEXT":"0",
"MAGVAR":"6"} },
{"type":"Feature",
"geometry": {"type": "Point","coordinates": [106.188333333,30.810000000] },"properties":{
"id":"RTS.628",
"STATUS":"Действующий",
"DBIDENT":"1818277",
"NAME":"NANCHONG",
"":"",
"LATITUDE":"304836N",
"LONGITUDE":"1061118E",
"ICAO_REG":"ZP",
"DECLINATION":"-2",
"FREQUENCY":"0",
"ABSOLUTEHEIGHT":"0",
"SIGNPT_TYPE":"Совмещённый VOR/DME",
"OBJTOTEXT":"0",
"MAGVAR":"-2"} },
{"type":"Feature",
"geometry": {"type": "Point","coordinates": [119.165000000,34.391666667] },"properties":{
"id":"RTS.629",
"STATUS":"Действующий",
"DBIDENT":"1818278",
"NAME":"LIANYUNGANG",
"":"",
"LATITUDE":"342330N",
"LONGITUDE":"1190954E",
"ICAO_REG":"ZS",
"DECLINATION":"-6.5",
"FREQUENCY":"0",
"ABSOLUTEHEIGHT":"0",
"SIGNPT_TYPE":"Совмещённый VOR/DME",
"OBJTOTEXT":"0",
"MAGVAR":"-7"} },
{"type":"Feature",
"geometry": {"type": "Point","coordinates": [125.675541667,39.218477778] },"properties":{
"id":"RTS.630",
"STATUS":"Действующий",
"DBIDENT":"1818279",
"NAME":"PYONGYANG",
"":"",
"LATITUDE":"391307N",
"LONGITUDE":"1254032E",
"ICAO_REG":"ZK",
"DECLINATION":"-8",
"FREQUENCY":"0",
"ABSOLUTEHEIGHT":"0",
"SIGNPT_TYPE":"Совмещённый VOR/DME",
"OBJTOTEXT":"0",
"MAGVAR":"-8"} },
{"type":"Feature",
"geometry": {"type": "Point","coordinates": [107.963333333,25.455000000] },"properties":{
"id":"RTS.631",
"STATUS":"Действующий",
"DBIDENT":"1818281",
"NAME":"LIBO",
"":"",
"LATITUDE":"252718N",
"LONGITUDE":"1075748E",
"ICAO_REG":"ZG",
"DECLINATION":"-2",
"FREQUENCY":"0",
"ABSOLUTEHEIGHT":"0",
"SIGNPT_TYPE":"Совмещённый VOR/DME",
"OBJTOTEXT":"0",
"MAGVAR":"-2"} },
{"type":"Feature",
"geometry": {"type": "Point","coordinates": [114.033333333,22.708333333] },"properties":{
"id":"RTS.632",
"STATUS":"Действующий",
"DBIDENT":"1818282",
"NAME":"GUANLAN",
"":"",
"LATITUDE":"224230N",
"LONGITUDE":"1140200E",
"ICAO_REG":"ZG",
"DECLINATION":"-2.4",
"FREQUENCY":"0",
"ABSOLUTEHEIGHT":"0",
"SIGNPT_TYPE":"Совмещённый VOR/DME",
"OBJTOTEXT":"0",
"MAGVAR":"-2"} },
{"type":"Feature",
"geometry": {"type": "Point","coordinates": [99.408333333,23.528333333] },"properties":{
"id":"RTS.633",
"STATUS":"Действующий",
"DBIDENT":"1818283",
"NAME":"GENGMA",
"":"",
"LATITUDE":"233142N",
"LONGITUDE":"0992430E",
"ICAO_REG":"ZP",
"DECLINATION":"-1",
"FREQUENCY":"0",
"ABSOLUTEHEIGHT":"0",
"SIGNPT_TYPE":"Совмещённый VOR/DME",
"OBJTOTEXT":"0",
"MAGVAR":"-1"} },
{"type":"Feature",
"geometry": {"type": "Point","coordinates": [106.215000000,36.080000000] },"properties":{
"id":"RTS.634",
"STATUS":"Действующий",
"DBIDENT":"1818286",
"NAME":"GUYUAN",
"":"",
"LATITUDE":"360448N",
"LONGITUDE":"1061254E",
"ICAO_REG":"ZL",
"DECLINATION":"-3",
"FREQUENCY":"0",
"ABSOLUTEHEIGHT":"0",
"SIGNPT_TYPE":"Совмещённый VOR/DME",
"OBJTOTEXT":"0",
"MAGVAR":"-3"} },
{"type":"Feature",
"geometry": {"type": "Point","coordinates": [112.486666667,23.070000000] },"properties":{
"id":"RTS.635",
"STATUS":"Действующий",
"DBIDENT":"1818288",
"NAME":"GAOYAO",
"":"",
"LATITUDE":"230412N",
"LONGITUDE":"1122912E",
"ICAO_REG":"ZG",
"DECLINATION":"-2",
"FREQUENCY":"0",
"ABSOLUTEHEIGHT":"0",
"SIGNPT_TYPE":"Совмещённый VOR/DME",
"OBJTOTEXT":"0",
"MAGVAR":"-2"} },
{"type":"Feature",
"geometry": {"type": "Point","coordinates": [105.690000000,32.386666667] },"properties":{
"id":"RTS.636",
"STATUS":"Действующий",
"DBIDENT":"1818289",
"NAME":"GUANGYUAN",
"":"",
"LATITUDE":"322312N",
"LONGITUDE":"1054124E",
"ICAO_REG":"ZP",
"DECLINATION":"-3",
"FREQUENCY":"0",
"ABSOLUTEHEIGHT":"0",
"SIGNPT_TYPE":"Совмещённый VOR/DME",
"OBJTOTEXT":"0",
"MAGVAR":"-3"} },
{"type":"Feature",
"geometry": {"type": "Point","coordinates": [107.241666667,27.780000000] },"properties":{
"id":"RTS.637",
"STATUS":"Действующий",
"DBIDENT":"1818290",
"NAME":"ZUNYI",
"":"",
"LATITUDE":"274648N",
"LONGITUDE":"1071430E",
"ICAO_REG":"ZP",
"DECLINATION":"-1",
"FREQUENCY":"0",
"ABSOLUTEHEIGHT":"0",
"SIGNPT_TYPE":"Совмещённый VOR/DME",
"OBJTOTEXT":"0",
"MAGVAR":"-1"} },
{"type":"Feature",
"geometry": {"type": "Point","coordinates": [93.668333333,42.843333333] },"properties":{
"id":"RTS.638",
"STATUS":"Действующий",
"DBIDENT":"1818292",
"NAME":"TAOJIAGONG",
"":"",
"LATITUDE":"425036N",
"LONGITUDE":"0934006E",
"ICAO_REG":"ZW",
"DECLINATION":"1",
"FREQUENCY":"0",
"ABSOLUTEHEIGHT":"0",
"SIGNPT_TYPE":"Совмещённый VOR/DME",
"OBJTOTEXT":"0",
"MAGVAR":"1"} },
{"type":"Feature",
"geometry": {"type": "Point","coordinates": [114.963333333,40.728333333] },"properties":{
"id":"RTS.639",
"STATUS":"Действующий",
"DBIDENT":"1818293",
"NAME":"ZHANGJIAKOU",
"":"",
"LATITUDE":"404342N",
"LONGITUDE":"1145748E",
"ICAO_REG":"ZB",
"DECLINATION":"-6",
"FREQUENCY":"0",
"ABSOLUTEHEIGHT":"0",
"SIGNPT_TYPE":"Совмещённый VOR/DME",
"OBJTOTEXT":"0",
"MAGVAR":"-6"} },
{"type":"Feature",
"geometry": {"type": "Point","coordinates": [120.545000000,37.655000000] },"properties":{
"id":"RTS.640",
"STATUS":"Действующий",
"DBIDENT":"1818294",
"NAME":"HUANGCHENG",
"":"",
"LATITUDE":"373918N",
"LONGITUDE":"1203242E",
"ICAO_REG":"ZS",
"DECLINATION":"-7",
"FREQUENCY":"0",
"ABSOLUTEHEIGHT":"0",
"SIGNPT_TYPE":"Совмещённый VOR/DME",
"OBJTOTEXT":"0",
"MAGVAR":"-7"} },
{"type":"Feature",
"geometry": {"type": "Point","coordinates": [109.861666667,39.490000000] },"properties":{
"id":"RTS.641",
"STATUS":"Действующий",
"DBIDENT":"1818295",
"NAME":"ORDOS",
"":"",
"LATITUDE":"392924N",
"LONGITUDE":"1095142E",
"ICAO_REG":"ZB",
"DECLINATION":"-4",
"FREQUENCY":"0",
"ABSOLUTEHEIGHT":"0",
"SIGNPT_TYPE":"Совмещённый VOR/DME",
"OBJTOTEXT":"0",
"MAGVAR":"-4"} },
{"type":"Feature",
"geometry": {"type": "Point","coordinates": [127.310000000,50.168333333] },"properties":{
"id":"RTS.642",
"STATUS":"Действующий",
"DBIDENT":"1818296",
"NAME":"HEIHE",
"":"",
"LATITUDE":"501006N",
"LONGITUDE":"1271836E",
"ICAO_REG":"ZY",
"DECLINATION":"-12",
"FREQUENCY":"0",
"ABSOLUTEHEIGHT":"0",
"SIGNPT_TYPE":"Совмещённый VOR/DME",
"OBJTOTEXT":"0",
"MAGVAR":"-12"} },
{"type":"Feature",
"geometry": {"type": "Point","coordinates": [111.900000000,40.725000000] },"properties":{
"id":"RTS.643",
"STATUS":"Действующий",
"DBIDENT":"1818297",
"NAME":"HOHHOT/BAITA",
"":"",
"LATITUDE":"404330N",
"LONGITUDE":"1115400E",
"ICAO_REG":"ZB",
"DECLINATION":"-6.6",
"FREQUENCY":"0",
"ABSOLUTEHEIGHT":"0",
"SIGNPT_TYPE":"Совмещённый VOR/DME",
"OBJTOTEXT":"0",
"MAGVAR":"-7"} },
{"type":"Feature",
"geometry": {"type": "Point","coordinates": [116.767058333,32.080902778] },"properties":{
"id":"RTS.644",
"STATUS":"Действующий",
"DBIDENT":"1818298",
"NAME":"CHAAN",
"":"",
"LATITUDE":"320451N",
"LONGITUDE":"1164601E",
"ICAO_REG":"ZS",
"DECLINATION":"-5",
"FREQUENCY":"0",
"ABSOLUTEHEIGHT":"0",
"SIGNPT_TYPE":"Совмещённый VOR/DME",
"OBJTOTEXT":"0",
"MAGVAR":"-5"} },
{"type":"Feature",
"geometry": {"type": "Point","coordinates": [117.301666667,31.775000000] },"properties":{
"id":"RTS.645",
"STATUS":"Действующий",
"DBIDENT":"1818299",
"NAME":"LUOGANG",
"":"",
"LATITUDE":"314630N",
"LONGITUDE":"1171806E",
"ICAO_REG":"ZS",
"DECLINATION":"-4",
"FREQUENCY":"0",
"ABSOLUTEHEIGHT":"0",
"SIGNPT_TYPE":"Совмещённый VOR/DME",
"OBJTOTEXT":"0",
"MAGVAR":"-4"} },
{"type":"Feature",
"geometry": {"type": "Point","coordinates": [120.461666667,30.240000000] },"properties":{
"id":"RTS.646",
"STATUS":"Действующий",
"DBIDENT":"1818300",
"NAME":"HANGZHOU",
"":"",
"LATITUDE":"301424N",
"LONGITUDE":"1202742E",
"ICAO_REG":"ZS",
"DECLINATION":"-4",
"FREQUENCY":"0",
"ABSOLUTEHEIGHT":"0",
"SIGNPT_TYPE":"Совмещённый VOR/DME",
"OBJTOTEXT":"0",
"MAGVAR":"-4"} },
{"type":"Feature",
"geometry": {"type": "Point","coordinates": [103.695000000,30.301666667] },"properties":{
"id":"RTS.647",
"STATUS":"Действующий",
"DBIDENT":"1818301",
"NAME":"HUILONG",
"":"",
"LATITUDE":"301806N",
"LONGITUDE":"1034142E",
"ICAO_REG":"ZP",
"DECLINATION":"-2",
"FREQUENCY":"0",
"ABSOLUTEHEIGHT":"0",
"SIGNPT_TYPE":"Совмещённый VOR/DME",
"OBJTOTEXT":"0",
"MAGVAR":"-2"} },
{"type":"Feature",
"geometry": {"type": "Point","coordinates": [119.821666667,49.203333333] },"properties":{
"id":"RTS.648",
"STATUS":"Действующий",
"DBIDENT":"1818302",
"NAME":"HAILAR",
"":"",
"LATITUDE":"491212N",
"LONGITUDE":"1194918E",
"ICAO_REG":"ZY",
"DECLINATION":"-10.7",
"FREQUENCY":"0",
"ABSOLUTEHEIGHT":"0",
"SIGNPT_TYPE":"Совмещённый VOR/DME",
"OBJTOTEXT":"0",
"MAGVAR":"-11"} },
{"type":"Feature",
"geometry": {"type": "Point","coordinates": [93.636666667,42.835000000] },"properties":{
"id":"RTS.649",
"STATUS":"Действующий",
"DBIDENT":"1818303",
"NAME":"HAMI",
"":"",
"LATITUDE":"425006N",
"LONGITUDE":"0933812E",
"ICAO_REG":"ZW",
"DECLINATION":"1",
"FREQUENCY":"0",
"ABSOLUTEHEIGHT":"0",
"SIGNPT_TYPE":"Совмещённый VOR/DME",
"OBJTOTEXT":"0",
"MAGVAR":"1"} },
{"type":"Feature",
"geometry": {"type": "Point","coordinates": [114.430000000,31.325000000] },"properties":{
"id":"RTS.650",
"STATUS":"Действующий",
"DBIDENT":"1818305",
"NAME":"HEKOU",
"":"",
"LATITUDE":"311930N",
"LONGITUDE":"1142548E",
"ICAO_REG":"ZH",
"DECLINATION":"-4",
"FREQUENCY":"0",
"ABSOLUTEHEIGHT":"0",
"SIGNPT_TYPE":"Совмещённый VOR/DME",
"OBJTOTEXT":"0",
"MAGVAR":"-4"} },
{"type":"Feature",
"geometry": {"type": "Point","coordinates": [115.966666667,43.915000000] },"properties":{
"id":"RTS.651",
"STATUS":"Действующий",
"DBIDENT":"1818306",
"NAME":"XILINHOT",
"":"",
"LATITUDE":"435454N",
"LONGITUDE":"1155800E",
"ICAO_REG":"ZB",
"DECLINATION":"-7.2",
"FREQUENCY":"0",
"ABSOLUTEHEIGHT":"0",
"SIGNPT_TYPE":"Совмещённый VOR/DME",
"OBJTOTEXT":"0",
"MAGVAR":"-7"} },
{"type":"Feature",
"geometry": {"type": "Point","coordinates": [126.260000000,45.626666667] },"properties":{
"id":"RTS.652",
"STATUS":"Действующий",
"DBIDENT":"1818307",
"NAME":"HARBIN",
"":"",
"LATITUDE":"453736N",
"LONGITUDE":"1261536E",
"ICAO_REG":"ZY",
"DECLINATION":"-10",
"FREQUENCY":"0",
"ABSOLUTEHEIGHT":"0",
"SIGNPT_TYPE":"Совмещённый VOR/DME",
"OBJTOTEXT":"0",
"MAGVAR":"-10"} },
{"type":"Feature",
"geometry": {"type": "Point","coordinates": [121.846666667,31.368333333] },"properties":{
"id":"RTS.653",
"STATUS":"Действующий",
"DBIDENT":"1818308",
"NAME":"HENGSHA",
"":"",
"LATITUDE":"312206N",
"LONGITUDE":"1215048E",
"ICAO_REG":"ZS",
"DECLINATION":"-5",
"FREQUENCY":"0",
"ABSOLUTEHEIGHT":"0",
"SIGNPT_TYPE":"Совмещённый VOR/DME",
"OBJTOTEXT":"0",
"MAGVAR":"-5"} },
{"type":"Feature",
"geometry": {"type": "Point","coordinates": [122.363333333,29.931666667] },"properties":{
"id":"RTS.654",
"STATUS":"Действующий",
"DBIDENT":"1818309",
"NAME":"ZHOUSHAN",
"":"",
"LATITUDE":"295554N",
"LONGITUDE":"1222148E",
"ICAO_REG":"ZS",
"DECLINATION":"-5",
"FREQUENCY":"0",
"ABSOLUTEHEIGHT":"0",
"SIGNPT_TYPE":"Совмещённый VOR/DME",
"OBJTOTEXT":"0",
"MAGVAR":"-5"} },
{"type":"Feature",
"geometry": {"type": "Point","coordinates": [79.868333333,37.036666667] },"properties":{
"id":"RTS.655",
"STATUS":"Действующий",
"DBIDENT":"1818311",
"NAME":"HOTAN",
"":"",
"LATITUDE":"370212N",
"LONGITUDE":"0795206E",
"ICAO_REG":"ZW",
"DECLINATION":"2",
"FREQUENCY":"0",
"ABSOLUTEHEIGHT":"0",
"SIGNPT_TYPE":"Совмещённый VOR/DME",
"OBJTOTEXT":"0",
"MAGVAR":"2"} },
{"type":"Feature",
"geometry": {"type": "Point","coordinates": [119.110000000,33.773333333] },"properties":{
"id":"RTS.656",
"STATUS":"Действующий",
"DBIDENT":"1818312",
"NAME":"HUAIAN",
"":"",
"LATITUDE":"334624N",
"LONGITUDE":"1190636E",
"ICAO_REG":"ZS",
"DECLINATION":"-5",
"FREQUENCY":"0",
"ABSOLUTEHEIGHT":"0",
"SIGNPT_TYPE":"Совмещённый VOR/DME",
"OBJTOTEXT":"0",
"MAGVAR":"-5"} },
{"type":"Feature",
"geometry": {"type": "Point","coordinates": [116.748333333,40.330000000] },"properties":{
"id":"RTS.657",
"STATUS":"Действующий",
"DBIDENT":"1818313",
"NAME":"HUAIROU",
"":"",
"LATITUDE":"401948N",
"LONGITUDE":"1164454E",
"ICAO_REG":"ZB",
"DECLINATION":"-7",
"FREQUENCY":"0",
"ABSOLUTEHEIGHT":"0",
"SIGNPT_TYPE":"Совмещённый VOR/DME",
"OBJTOTEXT":"0",
"MAGVAR":"-7"} },
{"type":"Feature",
"geometry": {"type": "Point","coordinates": [109.440000000,18.305000000] },"properties":{
"id":"RTS.658",
"STATUS":"Действующий",
"DBIDENT":"1818314",
"NAME":"FENGHUANG",
"":"",
"LATITUDE":"181818N",
"LONGITUDE":"1092624E",
"ICAO_REG":"ZJ",
"DECLINATION":"-1",
"FREQUENCY":"0",
"ABSOLUTEHEIGHT":"0",
"SIGNPT_TYPE":"Совмещённый VOR/DME",
"OBJTOTEXT":"0",
"MAGVAR":"-1"} },
{"type":"Feature",
"geometry": {"type": "Point","coordinates": [109.450000000,28.580000000] },"properties":{
"id":"RTS.659",
"STATUS":"Действующий",
"DBIDENT":"1818315",
"NAME":"HUAYUAN",
"":"",
"LATITUDE":"283448N",
"LONGITUDE":"1092700E",
"ICAO_REG":"ZG",
"DECLINATION":"-3",
"FREQUENCY":"0",
"ABSOLUTEHEIGHT":"0",
"SIGNPT_TYPE":"Совмещённый VOR/DME",
"OBJTOTEXT":"0",
"MAGVAR":"-3"} },
{"type":"Feature",
"geometry": {"type": "Point","coordinates": [94.829250000,40.162338889] },"properties":{
"id":"RTS.660",
"STATUS":"Действующий",
"DBIDENT":"1818317",
"NAME":"DUNHUANG/MOGAO",
"":"",
"LATITUDE":"400944N",
"LONGITUDE":"0944945E",
"ICAO_REG":"ZL",
"FREQUENCY":"0",
"ABSOLUTEHEIGHT":"0",
"SIGNPT_TYPE":"Дальномер DME",
"OBJTOTEXT":"0"} },
{"type":"Feature",
"geometry": {"type": "Point","coordinates": [109.485225000,30.313900000] },"properties":{
"id":"RTS.661",
"STATUS":"Действующий",
"DBIDENT":"1818318",
"NAME":"ENSHI / XUJIAPING",
"":"",
"LATITUDE":"301850N",
"LONGITUDE":"1092907E",
"ICAO_REG":"ZH",
"FREQUENCY":"0",
"ABSOLUTEHEIGHT":"0",
"SIGNPT_TYPE":"Дальномер DME",
"OBJTOTEXT":"0"} },
{"type":"Feature",
"geometry": {"type": "Point","coordinates": [94.796033333,40.161644444] },"properties":{
"id":"RTS.662",
"STATUS":"Действующий",
"DBIDENT":"1818322",
"NAME":"DUNHUANG/MOGAO",
"":"",
"LATITUDE":"400942N",
"LONGITUDE":"0944746E",
"ICAO_REG":"ZL",
"FREQUENCY":"0",
"ABSOLUTEHEIGHT":"0",
"SIGNPT_TYPE":"Дальномер DME",
"OBJTOTEXT":"0"} },
{"type":"Feature",
"geometry": {"type": "Point","coordinates": [119.954805556,26.155138889] },"properties":{
"id":"RTS.663",
"STATUS":"Действующий",
"DBIDENT":"1818324",
"NAME":"MATSU/NANGAN",
"":"",
"LATITUDE":"260918N",
"LONGITUDE":"1195717E",
"ICAO_REG":"RC",
"FREQUENCY":"0",
"ABSOLUTEHEIGHT":"0",
"SIGNPT_TYPE":"Дальномер DME",
"OBJTOTEXT":"0"} },
{"type":"Feature",
"geometry": {"type": "Point","coordinates": [116.411666667,23.598333333] },"properties":{
"id":"RTS.664",
"STATUS":"Действующий",
"DBIDENT":"1818325",
"NAME":"NIULING",
"":"",
"LATITUDE":"233554N",
"LONGITUDE":"1162442E",
"ICAO_REG":"ZG",
"DECLINATION":"-3",
"FREQUENCY":"0",
"ABSOLUTEHEIGHT":"0",
"SIGNPT_TYPE":"Совмещённый VOR/DME",
"OBJTOTEXT":"0",
"MAGVAR":"-3"} },
{"type":"Feature",
"geometry": {"type": "Point","coordinates": [120.253333333,36.290000000] },"properties":{
"id":"RTS.665",
"STATUS":"Действующий",
"DBIDENT":"1818326",
"NAME":"SHANGMA",
"":"",
"LATITUDE":"361724N",
"LONGITUDE":"1201512E",
"ICAO_REG":"ZS",
"DECLINATION":"-7.2",
"FREQUENCY":"0",
"ABSOLUTEHEIGHT":"0",
"SIGNPT_TYPE":"Совмещённый VOR/DME",
"OBJTOTEXT":"0",
"MAGVAR":"-7"} },
{"type":"Feature",
"geometry": {"type": "Point","coordinates": [120.066666667,36.378333333] },"properties":{
"id":"RTS.666",
"STATUS":"Действующий",
"DBIDENT":"1818327",
"NAME":"JIAODONG",
"":"",
"LATITUDE":"362242N",
"LONGITUDE":"1200400E",
"ICAO_REG":"ZS",
"DECLINATION":"-7.2",
"FREQUENCY":"0",
"ABSOLUTEHEIGHT":"0",
"SIGNPT_TYPE":"Совмещённый VOR/DME",
"OBJTOTEXT":"0",
"MAGVAR":"-7"} },
{"type":"Feature",
"geometry": {"type": "Point","coordinates": [119.976666667,36.330000000] },"properties":{
"id":"RTS.667",
"STATUS":"Действующий",
"DBIDENT":"1818328",
"NAME":"JIAOBEI",
"":"",
"LATITUDE":"361948N",
"LONGITUDE":"1195836E",
"ICAO_REG":"ZS",
"DECLINATION":"-7.2",
"FREQUENCY":"0",
"ABSOLUTEHEIGHT":"0",
"SIGNPT_TYPE":"Совмещённый VOR/DME",
"OBJTOTEXT":"0",
"MAGVAR":"-7"} },
{"type":"Feature",
"geometry": {"type": "Point","coordinates": [100.936666667,21.863333333] },"properties":{
"id":"RTS.668",
"STATUS":"Действующий",
"DBIDENT":"1818329",
"NAME":"GANLANBA",
"":"",
"LATITUDE":"215148N",
"LONGITUDE":"1005612E",
"ICAO_REG":"ZP",
"DECLINATION":"-1",
"FREQUENCY":"0",
"ABSOLUTEHEIGHT":"0",
"SIGNPT_TYPE":"Совмещённый VOR/DME",
"OBJTOTEXT":"0",
"MAGVAR":"-1"} },
{"type":"Feature",
"geometry": {"type": "Point","coordinates": [105.723333333,35.531666667] },"properties":{
"id":"RTS.669",
"STATUS":"Действующий",
"DBIDENT":"1818330",
"NAME":"JINGNING",
"":"",
"LATITUDE":"353154N",
"LONGITUDE":"1054324E",
"ICAO_REG":"ZL",
"DECLINATION":"-3",
"FREQUENCY":"0",
"ABSOLUTEHEIGHT":"0",
"SIGNPT_TYPE":"Совмещённый VOR/DME",
"OBJTOTEXT":"0",
"MAGVAR":"-3"} },
{"type":"Feature",
"geometry": {"type": "Point","coordinates": [130.465000000,46.841666667] },"properties":{
"id":"RTS.670",
"STATUS":"Действующий",
"DBIDENT":"1818331",
"NAME":"JIAMUSI",
"":"",
"LATITUDE":"465030N",
"LONGITUDE":"1302754E",
"ICAO_REG":"ZY",
"DECLINATION":"-11",
"FREQUENCY":"0",
"ABSOLUTEHEIGHT":"0",
"SIGNPT_TYPE":"Совмещённый VOR/DME",
"OBJTOTEXT":"0",
"MAGVAR":"-11"} },
{"type":"Feature",
"geometry": {"type": "Point","coordinates": [118.596666667,24.801666667] },"properties":{
"id":"RTS.671",
"STATUS":"Действующий",
"DBIDENT":"1818332",
"NAME":"JINJIANG",
"":"",
"LATITUDE":"244806N",
"LONGITUDE":"1183548E",
"ICAO_REG":"ZS",
"DECLINATION":"-4",
"FREQUENCY":"0",
"ABSOLUTEHEIGHT":"0",
"SIGNPT_TYPE":"Совмещённый VOR/DME",
"OBJTOTEXT":"0",
"MAGVAR":"-4"} },
{"type":"Feature",
"geometry": {"type": "Point","coordinates": [101.050000000,41.990000000] },"properties":{
"id":"RTS.672",
"STATUS":"Действующий",
"DBIDENT":"1818333",
"NAME":"EJINAGI",
"":"",
"LATITUDE":"415924N",
"LONGITUDE":"1010300E",
"ICAO_REG":"ZL",
"DECLINATION":"-2",
"FREQUENCY":"0",
"ABSOLUTEHEIGHT":"0",
"SIGNPT_TYPE":"Совмещённый VOR/DME",
"OBJTOTEXT":"0",
"MAGVAR":"-2"} },
{"type":"Feature",
"geometry": {"type": "Point","coordinates": [104.080000000,37.196666667] },"properties":{
"id":"RTS.673",
"STATUS":"Действующий",
"DBIDENT":"1818334",
"NAME":"JINGTAI",
"":"",
"LATITUDE":"371148N",
"LONGITUDE":"1040448E",
"ICAO_REG":"ZL",
"DECLINATION":"-2",
"FREQUENCY":"0",
"ABSOLUTEHEIGHT":"0",
"SIGNPT_TYPE":"Совмещённый VOR/DME",
"OBJTOTEXT":"0",
"MAGVAR":"-2"} },
{"type":"Feature",
"geometry": {"type": "Point","coordinates": [104.390000000,30.871666667] },"properties":{
"id":"RTS.674",
"STATUS":"Действующий",
"DBIDENT":"1818335",
"NAME":"JINTANG",
"":"",
"LATITUDE":"305218N",
"LONGITUDE":"1042324E",
"ICAO_REG":"ZP",
"DECLINATION":"-1",
"FREQUENCY":"0",
"ABSOLUTEHEIGHT":"0",
"SIGNPT_TYPE":"Совмещённый VOR/DME",
"OBJTOTEXT":"0",
"MAGVAR":"-1"} },
{"type":"Feature",
"geometry": {"type": "Point","coordinates": [121.341666667,31.123333333] },"properties":{
"id":"RTS.675",
"STATUS":"Действующий",
"DBIDENT":"1818336",
"NAME":"JIUTING",
"":"",
"LATITUDE":"310724N",
"LONGITUDE":"1212030E",
"ICAO_REG":"ZS",
"DECLINATION":"-6",
"FREQUENCY":"0",
"ABSOLUTEHEIGHT":"0",
"SIGNPT_TYPE":"Совмещённый VOR/DME",
"OBJTOTEXT":"0",
"MAGVAR":"-6"} },
{"type":"Feature",
"geometry": {"type": "Point","coordinates": [104.048333333,29.773333333] },"properties":{
"id":"RTS.676",
"STATUS":"Действующий",
"DBIDENT":"1818337",
"NAME":"JINGYAN",
"":"",
"LATITUDE":"294624N",
"LONGITUDE":"1040254E",
"ICAO_REG":"ZP",
"DECLINATION":"-1.7",
"FREQUENCY":"0",
"ABSOLUTEHEIGHT":"0",
"SIGNPT_TYPE":"Совмещённый VOR/DME",
"OBJTOTEXT":"0",
"MAGVAR":"-2"} },
{"type":"Feature",
"geometry": {"type": "Point","coordinates": [82.995000000,41.715000000] },"properties":{
"id":"RTS.677",
"STATUS":"Действующий",
"DBIDENT":"1818339",
"NAME":"KUQA",
"":"",
"LATITUDE":"414254N",
"LONGITUDE":"0825942E",
"ICAO_REG":"ZW",
"DECLINATION":"3",
"FREQUENCY":"0",
"ABSOLUTEHEIGHT":"0",
"SIGNPT_TYPE":"Совмещённый VOR/DME",
"OBJTOTEXT":"0",
"MAGVAR":"3"} },
{"type":"Feature",
"geometry": {"type": "Point","coordinates": [101.731666667,30.141666667] },"properties":{
"id":"RTS.678",
"STATUS":"Действующий",
"DBIDENT":"1818340",
"NAME":"KANGDING",
"":"",
"LATITUDE":"300830N",
"LONGITUDE":"1014354E",
"ICAO_REG":"ZP",
"DECLINATION":"-1.5",
"FREQUENCY":"0",
"ABSOLUTEHEIGHT":"0",
"SIGNPT_TYPE":"Совмещённый VOR/DME",
"OBJTOTEXT":"0",
"MAGVAR":"-2"} },
{"type":"Feature",
"geometry": {"type": "Point","coordinates": [76.023333333,39.546666667] },"properties":{
"id":"RTS.679",
"STATUS":"Действующий",
"DBIDENT":"1818343",
"NAME":"KASHI",
"ALT_NAME":"КАШИ",
"DESIGNATOR":"KHG",
"":"",
"LATITUDE":"393248N",
"LONGITUDE":"0760124E",
"ICAO_REG":"ZW",
"DECLINATION":"4",
"FREQUENCY":"115.7",
"ABSOLUTEHEIGHT":"1401",
"SIGNPT_TYPE":"Совмещённый VOR/DME",
"OBJTOTEXT":"0",
"MAGVAR":"4"} },
{"type":"Feature",
"geometry": {"type": "Point","coordinates": [115.923333333,28.430000000] },"properties":{
"id":"RTS.680",
"STATUS":"Действующий",
"DBIDENT":"1818344",
"NAME":"XIANGTANG",
"":"",
"LATITUDE":"282548N",
"LONGITUDE":"1155524E",
"ICAO_REG":"ZS",
"DECLINATION":"-3",
"FREQUENCY":"0",
"ABSOLUTEHEIGHT":"0",
"SIGNPT_TYPE":"Совмещённый VOR/DME",
"OBJTOTEXT":"0",
"MAGVAR":"-3"} },
{"type":"Feature",
"geometry": {"type": "Point","coordinates": [107.991666667,26.973333333] },"properties":{
"id":"RTS.681",
"STATUS":"Действующий",
"DBIDENT":"1818345",
"NAME":"HUANGPING",
"":"",
"LATITUDE":"265824N",
"LONGITUDE":"1075930E",
"ICAO_REG":"ZP",
"DECLINATION":"-2",
"FREQUENCY":"0",
"ABSOLUTEHEIGHT":"0",
"SIGNPT_TYPE":"Совмещённый VOR/DME",
"OBJTOTEXT":"0",
"MAGVAR":"-2"} },
{"type":"Feature",
"geometry": {"type": "Point","coordinates": [28.904500000,46.926027778] },"properties":{
"id":"RTS.682",
"STATUS":"Действующий",
"DBIDENT":"1818346",
"NAME":"CHISINAU",
"DESIGNATOR":"KIV",
"":"",
"LATITUDE":"465534N",
"LONGITUDE":"0285416E",
"ICAO_REG":"LU",
"DECLINATION":"7",
"FREQUENCY":"113.7",
"ABSOLUTEHEIGHT":"120",
"SIGNPT_TYPE":"Совмещённый VOR/DME",
"OBJTOTEXT":"0",
"MAGVAR":"7"} },
{"type":"Feature",
"geometry": {"type": "Point","coordinates": [109.248333333,34.265000000] },"properties":{
"id":"RTS.683",
"STATUS":"Действующий",
"DBIDENT":"1818349",
"NAME":"KOULING",
"":"",
"LATITUDE":"341554N",
"LONGITUDE":"1091454E",
"ICAO_REG":"ZL",
"DECLINATION":"-3",
"FREQUENCY":"0",
"ABSOLUTEHEIGHT":"0",
"SIGNPT_TYPE":"Совмещённый VOR/DME",
"OBJTOTEXT":"0",
"MAGVAR":"-3"} },
{"type":"Feature",
"geometry": {"type": "Point","coordinates": [65.408611111,55.475555556] },"properties":{
"id":"RTS.684",
"STATUS":"Действующий",
"DBIDENT":"1818364",
"NAME":"KURGAN",
"ALT_NAME":"КУРГАН",
"DESIGNATOR":"KU",
"":"",
"LATITUDE":"552832N",
"LONGITUDE":"0652431E",
"ICAO_REG":"UX",
"":"",
"FREQUENCY":"111.5",
"ABSOLUTEHEIGHT":"90",
"SIGNPT_TYPE":"Дальномер DME",
"OBJTOTEXT":"0"} },
{"type":"Feature",
"geometry": {"type": "Point","coordinates": [106.795000000,26.523333333] },"properties":{
"id":"RTS.685",
"STATUS":"Действующий",
"DBIDENT":"1818366",
"NAME":"GUIYANG",
"":"",
"LATITUDE":"263124N",
"LONGITUDE":"1064742E",
"ICAO_REG":"ZP",
"DECLINATION":"-1.8",
"FREQUENCY":"0",
"ABSOLUTEHEIGHT":"0",
"SIGNPT_TYPE":"Совмещённый VOR/DME",
"OBJTOTEXT":"0",
"MAGVAR":"-2"} },
{"type":"Feature",
"geometry": {"type": "Point","coordinates": [110.035000000,25.213333333] },"properties":{
"id":"RTS.686",
"STATUS":"Действующий",
"DBIDENT":"1818367",
"NAME":"GUILIN",
"":"",
"LATITUDE":"251248N",
"LONGITUDE":"1100206E",
"ICAO_REG":"ZG",
"DECLINATION":"-1.8",
"FREQUENCY":"0",
"ABSOLUTEHEIGHT":"0",
"SIGNPT_TYPE":"Совмещённый VOR/DME",
"OBJTOTEXT":"0",
"MAGVAR":"-2"} },
{"type":"Feature",
"geometry": {"type": "Point","coordinates": [124.006666667,42.631666667] },"properties":{
"id":"RTS.687",
"STATUS":"Действующий",
"DBIDENT":"1818369",
"NAME":"KAIYUAN",
"":"",
"LATITUDE":"423754N",
"LONGITUDE":"1240024E",
"ICAO_REG":"ZY",
"DECLINATION":"-9",
"FREQUENCY":"0",
"ABSOLUTEHEIGHT":"0",
"SIGNPT_TYPE":"Совмещённый VOR/DME",
"OBJTOTEXT":"0",
"MAGVAR":"-9"} },
{"type":"Feature",
"geometry": {"type": "Point","coordinates": [109.146666667,23.763333333] },"properties":{
"id":"RTS.688",
"STATUS":"Действующий",
"DBIDENT":"1818375",
"NAME":"LAIBIN",
"":"",
"LATITUDE":"234548N",
"LONGITUDE":"1090848E",
"ICAO_REG":"ZG",
"DECLINATION":"-2",
"FREQUENCY":"0",
"ABSOLUTEHEIGHT":"0",
"SIGNPT_TYPE":"Совмещённый VOR/DME",
"OBJTOTEXT":"0",
"MAGVAR":"-2"} },
{"type":"Feature",
"geometry": {"type": "Point","coordinates": [108.793333333,34.451666667] },"properties":{
"id":"RTS.689",
"STATUS":"Действующий",
"DBIDENT":"1818376",
"NAME":"LONGZAOCUN",
"":"",
"LATITUDE":"342706N",
"LONGITUDE":"1084736E",
"ICAO_REG":"ZL",
"DECLINATION":"-3",
"FREQUENCY":"0",
"ABSOLUTEHEIGHT":"0",
"SIGNPT_TYPE":"Совмещённый VOR/DME",
"OBJTOTEXT":"0",
"MAGVAR":"-3"} },
{"type":"Feature",
"geometry": {"type": "Point","coordinates": [102.488333333,36.608333333] },"properties":{
"id":"RTS.690",
"STATUS":"Действующий",
"DBIDENT":"1818377",
"NAME":"LEDU",
"":"",
"LATITUDE":"363630N",
"LONGITUDE":"1022918E",
"ICAO_REG":"ZL",
"DECLINATION":"-2",
"FREQUENCY":"0",
"ABSOLUTEHEIGHT":"0",
"SIGNPT_TYPE":"Совмещённый VOR/DME",
"OBJTOTEXT":"0",
"MAGVAR":"-2"} },
{"type":"Feature",
"geometry": {"type": "Point","coordinates": [112.126666667,43.413333333] },"properties":{
"id":"RTS.691",
"STATUS":"Действующий",
"DBIDENT":"1818378",
"NAME":"ERENHOT",
"":"",
"LATITUDE":"432448N",
"LONGITUDE":"1120736E",
"ICAO_REG":"ZB",
"DECLINATION":"-5.7",
"FREQUENCY":"0",
"ABSOLUTEHEIGHT":"0",
"SIGNPT_TYPE":"Совмещённый VOR/DME",
"OBJTOTEXT":"0",
"MAGVAR":"-6"} },
{"type":"Feature",
"geometry": {"type": "Point","coordinates": [113.516666667,27.648333333] },"properties":{
"id":"RTS.692",
"STATUS":"Действующий",
"DBIDENT":"1818379",
"NAME":"LILING",
"":"",
"LATITUDE":"273854N",
"LONGITUDE":"1133100E",
"ICAO_REG":"ZG",
"DECLINATION":"-3",
"FREQUENCY":"0",
"ABSOLUTEHEIGHT":"0",
"SIGNPT_TYPE":"Совмещённый VOR/DME",
"OBJTOTEXT":"0",
"MAGVAR":"-3"} },
{"type":"Feature",
"geometry": {"type": "Point","coordinates": [111.648333333,29.353333333] },"properties":{
"id":"RTS.693",
"STATUS":"Действующий",
"DBIDENT":"1818380",
"NAME":"LINLI",
"":"",
"LATITUDE":"292112N",
"LONGITUDE":"1113854E",
"ICAO_REG":"ZG",
"DECLINATION":"-3",
"FREQUENCY":"0",
"ABSOLUTEHEIGHT":"0",
"SIGNPT_TYPE":"Совмещённый VOR/DME",
"OBJTOTEXT":"0",
"MAGVAR":"-3"} },
{"type":"Feature",
"geometry": {"type": "Point","coordinates": [109.393333333,24.200000000] },"properties":{
"id":"RTS.694",
"STATUS":"Действующий",
"DBIDENT":"1818381",
"NAME":"LIUZHOU",
"":"",
"LATITUDE":"241200N",
"LONGITUDE":"1092336E",
"ICAO_REG":"ZG",
"DECLINATION":"-1",
"FREQUENCY":"0",
"ABSOLUTEHEIGHT":"0",
"SIGNPT_TYPE":"Совмещённый VOR/DME",
"OBJTOTEXT":"0",
"MAGVAR":"-1"} },
{"type":"Feature",
"geometry": {"type": "Point","coordinates": [100.273333333,26.773333333] },"properties":{
"id":"RTS.695",
"STATUS":"Действующий",
"DBIDENT":"1818382",
"NAME":"LIJIANG",
"":"",
"LATITUDE":"264624N",
"LONGITUDE":"1001624E",
"ICAO_REG":"ZP",
"DECLINATION":"-1",
"FREQUENCY":"0",
"ABSOLUTEHEIGHT":"0",
"SIGNPT_TYPE":"Совмещённый VOR/DME",
"OBJTOTEXT":"0",
"MAGVAR":"-1"} },
{"type":"Feature",
"geometry": {"type": "Point","coordinates": [125.851666667,43.773333333] },"properties":{
"id":"RTS.696",
"STATUS":"Действующий",
"DBIDENT":"1818383",
"NAME":"WANCHANG",
"":"",
"LATITUDE":"434624N",
"LONGITUDE":"1255106E",
"ICAO_REG":"ZY",
"DECLINATION":"-9",
"FREQUENCY":"0",
"ABSOLUTEHEIGHT":"0",
"SIGNPT_TYPE":"Совмещённый VOR/DME",
"OBJTOTEXT":"0",
"MAGVAR":"-9"} },
{"type":"Feature",
"geometry": {"type": "Point","coordinates": [119.548333333,26.220000000] },"properties":{
"id":"RTS.697",
"STATUS":"Действующий",
"DBIDENT":"1818384",
"NAME":"LIANJIANG",
"":"",
"LATITUDE":"261312N",
"LONGITUDE":"1193254E",
"ICAO_REG":"ZS",
"DECLINATION":"-3.4",
"FREQUENCY":"0",
"ABSOLUTEHEIGHT":"0",
"SIGNPT_TYPE":"Совмещённый VOR/DME",
"OBJTOTEXT":"0",
"MAGVAR":"-3"} },
{"type":"Feature",
"geometry": {"type": "Point","coordinates": [113.883750000,22.378922222] },"properties":{
"id":"RTS.698",
"STATUS":"Действующий",
"DBIDENT":"1818385",
"NAME":"LUNG KWU CHAU",
"":"",
"LATITUDE":"222244N",
"LONGITUDE":"1135302E",
"ICAO_REG":"VH",
"DECLINATION":"-3",
"FREQUENCY":"0",
"ABSOLUTEHEIGHT":"0",
"SIGNPT_TYPE":"Совмещённый VOR/DME",
"OBJTOTEXT":"0",
"MAGVAR":"-3"} },
{"type":"Feature",
"geometry": {"type": "Point","coordinates": [113.691666667,29.906666667] },"properties":{
"id":"RTS.699",
"STATUS":"Действующий",
"DBIDENT":"1818387",
"NAME":"LONGKOU",
"":"",
"LATITUDE":"295424N",
"LONGITUDE":"1134130E",
"ICAO_REG":"ZH",
"DECLINATION":"-4",
"FREQUENCY":"0",
"ABSOLUTEHEIGHT":"0",
"SIGNPT_TYPE":"Совмещённый VOR/DME",
"OBJTOTEXT":"0",
"MAGVAR":"-4"} },
{"type":"Feature",
"geometry": {"type": "Point","coordinates": [112.208333333,28.068333333] },"properties":{
"id":"RTS.700",
"STATUS":"Действующий",
"DBIDENT":"1818388",
"NAME":"LAOLIANGCANG",
"":"",
"LATITUDE":"280406N",
"LONGITUDE":"1121230E",
"ICAO_REG":"ZG",
"DECLINATION":"-2.6",
"FREQUENCY":"0",
"ABSOLUTEHEIGHT":"0",
"SIGNPT_TYPE":"Совмещённый VOR/DME",
"OBJTOTEXT":"0",
"MAGVAR":"-3"} },
{"type":"Feature",
"geometry": {"type": "Point","coordinates": [114.326666667,23.648333333] },"properties":{
"id":"RTS.701",
"STATUS":"Действующий",
"DBIDENT":"1818389",
"NAME":"LONGMEN",
"":"",
"LATITUDE":"233854N",
"LONGITUDE":"1141936E",
"ICAO_REG":"ZG",
"DECLINATION":"-2",
"FREQUENCY":"0",
"ABSOLUTEHEIGHT":"0",
"SIGNPT_TYPE":"Совмещённый VOR/DME",
"OBJTOTEXT":"0",
"MAGVAR":"-2"} },
{"type":"Feature",
"geometry": {"type": "Point","coordinates": [118.413333333,35.050000000] },"properties":{
"id":"RTS.702",
"STATUS":"Действующий",
"DBIDENT":"1818390",
"NAME":"LINYI",
"":"",
"LATITUDE":"350300N",
"LONGITUDE":"1182448E",
"ICAO_REG":"ZS",
"DECLINATION":"-6",
"FREQUENCY":"0",
"ABSOLUTEHEIGHT":"0",
"SIGNPT_TYPE":"Совмещённый VOR/DME",
"OBJTOTEXT":"0",
"MAGVAR":"-6"} },
{"type":"Feature",
"geometry": {"type": "Point","coordinates": [106.868333333,22.356666667] },"properties":{
"id":"RTS.703",
"STATUS":"Действующий",
"DBIDENT":"1818391",
"NAME":"LONGZHOU",
"":"",
"LATITUDE":"222124N",
"LONGITUDE":"1065206E",
"ICAO_REG":"ZG",
"DECLINATION":"-1.5",
"FREQUENCY":"0",
"ABSOLUTEHEIGHT":"0",
"SIGNPT_TYPE":"Совмещённый VOR/DME",
"OBJTOTEXT":"0",
"MAGVAR":"-2"} },
{"type":"Feature",
"geometry": {"type": "Point","coordinates": [105.030000000,26.643333333] },"properties":{
"id":"RTS.704",
"STATUS":"Действующий",
"DBIDENT":"1818392",
"NAME":"LIUPANSHUI",
"":"",
"LATITUDE":"263836N",
"LONGITUDE":"1050148E",
"ICAO_REG":"ZP",
"DECLINATION":"-2",
"FREQUENCY":"0",
"ABSOLUTEHEIGHT":"0",
"SIGNPT_TYPE":"Совмещённый VOR/DME",
"OBJTOTEXT":"0",
"MAGVAR":"-2"} },
{"type":"Feature",
"geometry": {"type": "Point","coordinates": [98.536666667,24.408333333] },"properties":{
"id":"RTS.705",
"STATUS":"Действующий",
"DBIDENT":"1818393",
"NAME":"MANGSHI",
"":"",
"LATITUDE":"242430N",
"LONGITUDE":"0983212E",
"ICAO_REG":"ZP",
"DECLINATION":"-1",
"FREQUENCY":"0",
"ABSOLUTEHEIGHT":"0",
"SIGNPT_TYPE":"Совмещённый VOR/DME",
"OBJTOTEXT":"0",
"MAGVAR":"-1"} },
{"type":"Feature",
"geometry": {"type": "Point","coordinates": [118.726666667,39.741666667] },"properties":{
"id":"RTS.706",
"STATUS":"Действующий",
"DBIDENT":"1818394",
"NAME":"LUANXIAN",
"":"",
"LATITUDE":"394430N",
"LONGITUDE":"1184336E",
"ICAO_REG":"ZB",
"DECLINATION":"-6.3",
"FREQUENCY":"0",
"ABSOLUTEHEIGHT":"0",
"SIGNPT_TYPE":"Совмещённый VOR/DME",
"OBJTOTEXT":"0",
"MAGVAR":"-6"} },
{"type":"Feature",
"geometry": {"type": "Point","coordinates": [90.998333333,29.296666667] },"properties":{
"id":"RTS.707",
"STATUS":"Действующий",
"DBIDENT":"1818395",
"NAME":"LHASA",
"":"",
"LATITUDE":"291748N",
"LONGITUDE":"0905954E",
"ICAO_REG":"ZP",
"DECLINATION":"-1",
"FREQUENCY":"0",
"ABSOLUTEHEIGHT":"0",
"SIGNPT_TYPE":"Совмещённый VOR/DME",
"OBJTOTEXT":"0",
"MAGVAR":"-1"} },
{"type":"Feature",
"geometry": {"type": "Point","coordinates": [103.743333333,24.541666667] },"properties":{
"id":"RTS.708",
"STATUS":"Действующий",
"DBIDENT":"1818396",
"NAME":"LUXI",
"":"",
"LATITUDE":"243230N",
"LONGITUDE":"1034436E",
"ICAO_REG":"ZP",
"DECLINATION":"-1",
"FREQUENCY":"0",
"ABSOLUTEHEIGHT":"0",
"SIGNPT_TYPE":"Совмещённый VOR/DME",
"OBJTOTEXT":"0",
"MAGVAR":"-1"} },
{"type":"Feature",
"geometry": {"type": "Point","coordinates": [112.395000000,34.741666667] },"properties":{
"id":"RTS.709",
"STATUS":"Действующий",
"DBIDENT":"1818397",
"NAME":"CHIFENG",
"":"",
"LATITUDE":"344430N",
"LONGITUDE":"1122342E",
"ICAO_REG":"ZH",
"DECLINATION":"-5",
"FREQUENCY":"0",
"ABSOLUTEHEIGHT":"0",
"SIGNPT_TYPE":"Совмещённый VOR/DME",
"OBJTOTEXT":"0",
"MAGVAR":"-5"} },
{"type":"Feature",
"geometry": {"type": "Point","coordinates": [113.343333333,28.393333333] },"properties":{
"id":"RTS.710",
"STATUS":"Действующий",
"DBIDENT":"1818398",
"NAME":"LIUYANG",
"":"",
"LATITUDE":"282336N",
"LONGITUDE":"1132036E",
"ICAO_REG":"ZG",
"DECLINATION":"-3",
"FREQUENCY":"0",
"ABSOLUTEHEIGHT":"0",
"SIGNPT_TYPE":"Совмещённый VOR/DME",
"OBJTOTEXT":"0",
"MAGVAR":"-3"} },
{"type":"Feature",
"geometry": {"type": "Point","coordinates": [106.265555556,45.744166667] },"properties":{
"id":"RTS.711",
"STATUS":"Действующий",
"DBIDENT":"1818399",
"NAME":"MANDALGOBI",
"DESIGNATOR":"MAG",
"":"",
"LATITUDE":"454439N",
"LONGITUDE":"1061556E",
"ICAO_REG":"ZM",
"":"",
"FREQUENCY":"115.8",
"ABSOLUTEHEIGHT":"1410",
"SIGNPT_TYPE":"Дальномер DME",
"OBJTOTEXT":"0"} },
{"type":"Feature",
"geometry": {"type": "Point","coordinates": [113.597777778,22.135555556] },"properties":{
"id":"RTS.712",
"STATUS":"Действующий",
"DBIDENT":"1818400",
"NAME":"MACAU",
"":"",
"LATITUDE":"220808N",
"LONGITUDE":"1133552E",
"ICAO_REG":"VM",
"DECLINATION":"-3",
"FREQUENCY":"0",
"ABSOLUTEHEIGHT":"0",
"SIGNPT_TYPE":"Совмещённый VOR/DME",
"OBJTOTEXT":"0",
"MAGVAR":"-3"} },
{"type":"Feature",
"geometry": {"type": "Point","coordinates": [129.563333333,44.515000000] },"properties":{
"id":"RTS.713",
"STATUS":"Действующий",
"DBIDENT":"1818401",
"NAME":"MUDANJIANG",
"":"",
"LATITUDE":"443054N",
"LONGITUDE":"1293348E",
"ICAO_REG":"ZY",
"DECLINATION":"-10",
"FREQUENCY":"0",
"ABSOLUTEHEIGHT":"0",
"SIGNPT_TYPE":"Совмещённый VOR/DME",
"OBJTOTEXT":"0",
"MAGVAR":"-10"} },
{"type":"Feature",
"geometry": {"type": "Point","coordinates": [108.995000000,34.820000000] },"properties":{
"id":"RTS.714",
"STATUS":"Действующий",
"DBIDENT":"1818405",
"NAME":"MIZI",
"":"",
"LATITUDE":"344912N",
"LONGITUDE":"1085942E",
"ICAO_REG":"ZL",
"DECLINATION":"-3",
"FREQUENCY":"0",
"ABSOLUTEHEIGHT":"0",
"SIGNPT_TYPE":"Совмещённый VOR/DME",
"OBJTOTEXT":"0",
"MAGVAR":"-3"} },
{"type":"Feature",
"geometry": {"type": "Point","coordinates": [118.855000000,31.845000000] },"properties":{
"id":"RTS.715",
"STATUS":"Действующий",
"DBIDENT":"1818408",
"NAME":"MOLING",
"":"",
"LATITUDE":"315042N",
"LONGITUDE":"1185118E",
"ICAO_REG":"ZS",
"DECLINATION":"-5",
"FREQUENCY":"0",
"ABSOLUTEHEIGHT":"0",
"SIGNPT_TYPE":"Совмещённый VOR/DME",
"OBJTOTEXT":"0",
"MAGVAR":"-5"} },
{"type":"Feature",
"geometry": {"type": "Point","coordinates": [110.673333333,20.151666667] },"properties":{
"id":"RTS.716",
"STATUS":"Действующий",
"DBIDENT":"1818409",
"NAME":"DONGMULANTOU",
"":"",
"LATITUDE":"200906N",
"LONGITUDE":"1104024E",
"ICAO_REG":"ZJ",
"DECLINATION":"-2.2",
"FREQUENCY":"0",
"ABSOLUTEHEIGHT":"0",
"SIGNPT_TYPE":"Совмещённый VOR/DME",
"OBJTOTEXT":"0",
"MAGVAR":"-2"} },
{"type":"Feature",
"geometry": {"type": "Point","coordinates": [116.070000000,24.233333333] },"properties":{
"id":"RTS.717",
"STATUS":"Действующий",
"DBIDENT":"1818415",
"NAME":"MEIXIAN",
"":"",
"LATITUDE":"241400N",
"LONGITUDE":"1160412E",
"ICAO_REG":"ZG",
"DECLINATION":"-3",
"FREQUENCY":"0",
"ABSOLUTEHEIGHT":"0",
"SIGNPT_TYPE":"Совмещённый VOR/DME",
"OBJTOTEXT":"0",
"MAGVAR":"-3"} },
{"type":"Feature",
"geometry": {"type": "Point","coordinates": [104.733333333,31.433333333] },"properties":{
"id":"RTS.718",
"STATUS":"Действующий",
"DBIDENT":"1818416",
"NAME":"MIANYANG",
"":"",
"LATITUDE":"312600N",
"LONGITUDE":"1044400E",
"ICAO_REG":"ZP",
"DECLINATION":"-2",
"FREQUENCY":"0",
"ABSOLUTEHEIGHT":"0",
"SIGNPT_TYPE":"Совмещённый VOR/DME",
"OBJTOTEXT":"0",
"MAGVAR":"-2"} },
{"type":"Feature",
"geometry": {"type": "Point","coordinates": [117.645000000,49.328333333] },"properties":{
"id":"RTS.719",
"STATUS":"Действующий",
"DBIDENT":"1818417",
"NAME":"MANZHOULI",
"":"",
"LATITUDE":"491942N",
"LONGITUDE":"1173842E",
"ICAO_REG":"ZY",
"DECLINATION":"-9",
"FREQUENCY":"0",
"ABSOLUTEHEIGHT":"0",
"SIGNPT_TYPE":"Совмещённый VOR/DME",
"OBJTOTEXT":"0",
"MAGVAR":"-9"} },
{"type":"Feature",
"geometry": {"type": "Point","coordinates": [115.911666667,28.885000000] },"properties":{
"id":"RTS.720",
"STATUS":"Действующий",
"DBIDENT":"1818421",
"NAME":"CHANGBEI",
"":"",
"LATITUDE":"285306N",
"LONGITUDE":"1155442E",
"ICAO_REG":"ZS",
"DECLINATION":"-3",
"FREQUENCY":"0",
"ABSOLUTEHEIGHT":"0",
"SIGNPT_TYPE":"Совмещённый VOR/DME",
"OBJTOTEXT":"0",
"MAGVAR":"-3"} },
{"type":"Feature",
"geometry": {"type": "Point","coordinates": [123.920000000,47.245000000] },"properties":{
"id":"RTS.721",
"STATUS":"Действующий",
"DBIDENT":"1818422",
"NAME":"QIQIHAR",
"":"",
"LATITUDE":"471442N",
"LONGITUDE":"1235512E",
"ICAO_REG":"ZY",
"DECLINATION":"-11.4",
"FREQUENCY":"0",
"ABSOLUTEHEIGHT":"0",
"SIGNPT_TYPE":"Совмещённый VOR/DME",
"OBJTOTEXT":"0",
"MAGVAR":"-11"} },
{"type":"Feature",
"geometry": {"type": "Point","coordinates": [121.463333333,29.830000000] },"properties":{
"id":"RTS.722",
"STATUS":"Действующий",
"DBIDENT":"1818424",
"NAME":"NINGBO",
"":"",
"LATITUDE":"294948N",
"LONGITUDE":"1212748E",
"ICAO_REG":"ZS",
"DECLINATION":"-6",
"FREQUENCY":"0",
"ABSOLUTEHEIGHT":"0",
"SIGNPT_TYPE":"Совмещённый VOR/DME",
"OBJTOTEXT":"0",
"MAGVAR":"-6"} },
{"type":"Feature",
"geometry": {"type": "Point","coordinates": [118.886666667,31.755000000] },"properties":{
"id":"RTS.723",
"STATUS":"Действующий",
"DBIDENT":"1818426",
"NAME":"LUKOU",
"":"",
"LATITUDE":"314518N",
"LONGITUDE":"1185312E",
"ICAO_REG":"ZS",
"DECLINATION":"-4",
"FREQUENCY":"0",
"ABSOLUTEHEIGHT":"0",
"SIGNPT_TYPE":"Совмещённый VOR/DME",
"OBJTOTEXT":"0",
"MAGVAR":"-4"} },
{"type":"Feature",
"geometry": {"type": "Point","coordinates": [119.957222222,26.159527778] },"properties":{
"id":"RTS.724",
"STATUS":"Действующий",
"DBIDENT":"1818428",
"NAME":"MATSU/NANGAN",
"":"",
"LATITUDE":"260934N",
"LONGITUDE":"1195726E",
"ICAO_REG":"RC",
"FREQUENCY":"0",
"ABSOLUTEHEIGHT":"0",
"SIGNPT_TYPE":"Дальномер DME",
"OBJTOTEXT":"0"} },
{"type":"Feature",
"geometry": {"type": "Point","coordinates": [113.561666667,22.531666667] },"properties":{
"id":"RTS.725",
"STATUS":"Действующий",
"DBIDENT":"1818429",
"NAME":"NANLANG",
"":"",
"LATITUDE":"223154N",
"LONGITUDE":"1133342E",
"ICAO_REG":"ZG",
"DECLINATION":"-2",
"FREQUENCY":"0",
"ABSOLUTEHEIGHT":"0",
"SIGNPT_TYPE":"Совмещённый VOR/DME",
"OBJTOTEXT":"0",
"MAGVAR":"-2"} },
{"type":"Feature",
"geometry": {"type": "Point","coordinates": [83.378333333,43.431666667] },"properties":{
"id":"RTS.726",
"STATUS":"Действующий",
"DBIDENT":"1818430",
"NAME":"NALATI",
"":"",
"LATITUDE":"432554N",
"LONGITUDE":"0832242E",
"ICAO_REG":"ZW",
"DECLINATION":"4",
"FREQUENCY":"0",
"ABSOLUTEHEIGHT":"0",
"SIGNPT_TYPE":"Совмещённый VOR/DME",
"OBJTOTEXT":"0",
"MAGVAR":"4"} },
{"type":"Feature",
"geometry": {"type": "Point","coordinates": [86.116388889,55.271666667] },"properties":{
"id":"RTS.727",
"STATUS":"Действующий",
"DBIDENT":"1818432",
"NAME":"KEMEROVO",
"ALT_NAME":"КЕМЕРОВО",
"DESIGNATOR":"NNK",
"":"",
"LATITUDE":"551618N",
"LONGITUDE":"0860659E",
"ICAO_REG":"UX",
"DECLINATION":"7",
"FREQUENCY":"111.4",
"ABSOLUTEHEIGHT":"270",
"SIGNPT_TYPE":"Совмещённый VOR/DME",
"OBJTOTEXT":"0",
"MAGVAR":"7"} },
{"type":"Feature",
"geometry": {"type": "Point","coordinates": [109.485000000,36.420000000] },"properties":{
"id":"RTS.728",
"STATUS":"Действующий",
"DBIDENT":"1818433",
"NAME":"NANNIWAN",
"":"",
"LATITUDE":"362512N",
"LONGITUDE":"1092906E",
"ICAO_REG":"ZL",
"DECLINATION":"-4",
"FREQUENCY":"0",
"ABSOLUTEHEIGHT":"0",
"SIGNPT_TYPE":"Совмещённый VOR/DME",
"OBJTOTEXT":"0",
"MAGVAR":"-4"} },
{"type":"Feature",
"geometry": {"type": "Point","coordinates": [114.273333333,25.095000000] },"properties":{
"id":"RTS.729",
"STATUS":"Действующий",
"DBIDENT":"1818434",
"NAME":"NANXIONG",
"":"",
"LATITUDE":"250542N",
"LONGITUDE":"1141624E",
"ICAO_REG":"ZG",
"DECLINATION":"-2.5",
"FREQUENCY":"0",
"ABSOLUTEHEIGHT":"0",
"SIGNPT_TYPE":"Совмещённый VOR/DME",
"OBJTOTEXT":"0",
"MAGVAR":"-3"} },
{"type":"Feature",
"geometry": {"type": "Point","coordinates": [58.626388889,51.076944444] },"properties":{
"id":"RTS.730",
"STATUS":"Действующий",
"DBIDENT":"1818437",
"NAME":"ORSK",
"ALT_NAME":"ОРСК",
"DESIGNATOR":"NRK",
"":"",
"LATITUDE":"510437N",
"LONGITUDE":"0583735E",
"ICAO_REG":"UX",
"DECLINATION":"11.2",
"FREQUENCY":"113.7",
"ABSOLUTEHEIGHT":"270",
"SIGNPT_TYPE":"Совмещённый VOR/DME",
"OBJTOTEXT":"0",
"MAGVAR":"11"} },
{"type":"Feature",
"geometry": {"type": "Point","coordinates": [108.311666667,33.318333333] },"properties":{
"id":"RTS.731",
"STATUS":"Действующий",
"DBIDENT":"1818439",
"NAME":"NINGSHAN",
"":"",
"LATITUDE":"331906N",
"LONGITUDE":"1081842E",
"ICAO_REG":"ZL",
"DECLINATION":"-3",
"FREQUENCY":"0",
"ABSOLUTEHEIGHT":"0",
"SIGNPT_TYPE":"Совмещённый VOR/DME",
"OBJTOTEXT":"0",
"MAGVAR":"-3"} },
{"type":"Feature",
"geometry": {"type": "Point","coordinates": [120.978333333,32.096666667] },"properties":{
"id":"RTS.732",
"STATUS":"Действующий",
"DBIDENT":"1818441",
"NAME":"NANTONG",
"":"",
"LATITUDE":"320548N",
"LONGITUDE":"1205842E",
"ICAO_REG":"ZS",
"DECLINATION":"-5",
"FREQUENCY":"0",
"ABSOLUTEHEIGHT":"0",
"SIGNPT_TYPE":"Совмещённый VOR/DME",
"OBJTOTEXT":"0",
"MAGVAR":"-5"} },
{"type":"Feature",
"geometry": {"type": "Point","coordinates": [120.430000000,30.896666667] },"properties":{
"id":"RTS.733",
"STATUS":"Действующий",
"DBIDENT":"1818443",
"NAME":"NANXUN",
"":"",
"LATITUDE":"305348N",
"LONGITUDE":"1202548E",
"ICAO_REG":"ZS",
"DECLINATION":"-4.9",
"FREQUENCY":"0",
"ABSOLUTEHEIGHT":"0",
"SIGNPT_TYPE":"Совмещённый VOR/DME",
"OBJTOTEXT":"0",
"MAGVAR":"-5"} },
{"type":"Feature",
"geometry": {"type": "Point","coordinates": [110.136666667,20.015000000] },"properties":{
"id":"RTS.734",
"STATUS":"Действующий",
"DBIDENT":"1818444",
"NAME":"NANYINGBINDAO",
"":"",
"LATITUDE":"200054N",
"LONGITUDE":"1100812E",
"ICAO_REG":"ZJ",
"DECLINATION":"-2.1",
"FREQUENCY":"0",
"ABSOLUTEHEIGHT":"0",
"SIGNPT_TYPE":"Совмещённый VOR/DME",
"OBJTOTEXT":"0",
"MAGVAR":"-2"} },
{"type":"Feature",
"geometry": {"type": "Point","coordinates": [121.671666667,31.130000000] },"properties":{
"id":"RTS.735",
"STATUS":"Действующий",
"DBIDENT":"1818449",
"NAME":"LIUZAO",
"":"",
"LATITUDE":"310748N",
"LONGITUDE":"1214018E",
"ICAO_REG":"ZS",
"DECLINATION":"-6",
"FREQUENCY":"0",
"ABSOLUTEHEIGHT":"0",
"SIGNPT_TYPE":"Совмещённый VOR/DME",
"OBJTOTEXT":"0",
"MAGVAR":"-6"} },
{"type":"Feature",
"geometry": {"type": "Point","coordinates": [116.735000000,40.048333333] },"properties":{
"id":"RTS.736",
"STATUS":"Действующий",
"DBIDENT":"1818450",
"NAME":"GUANZHUANG",
"":"",
"LATITUDE":"400254N",
"LONGITUDE":"1164406E",
"ICAO_REG":"ZB",
"DECLINATION":"-6",
"FREQUENCY":"0",
"ABSOLUTEHEIGHT":"0",
"SIGNPT_TYPE":"Совмещённый VOR/DME",
"OBJTOTEXT":"0",
"MAGVAR":"-6"} },
{"type":"Feature",
"geometry": {"type": "Point","coordinates": [117.978333333,34.313333333] },"properties":{
"id":"RTS.737",
"STATUS":"Действующий",
"DBIDENT":"1818452",
"NAME":"PIXIAN",
"":"",
"LATITUDE":"341848N",
"LONGITUDE":"1175842E",
"ICAO_REG":"ZS",
"DECLINATION":"-5",
"FREQUENCY":"0",
"ABSOLUTEHEIGHT":"0",
"SIGNPT_TYPE":"Совмещённый VOR/DME",
"OBJTOTEXT":"0",
"MAGVAR":"-5"} },
{"type":"Feature",
"geometry": {"type": "Point","coordinates": [114.875000000,25.808333333] },"properties":{
"id":"RTS.738",
"STATUS":"Действующий",
"DBIDENT":"1818456",
"NAME":"PANLONG",
"":"",
"LATITUDE":"254830N",
"LONGITUDE":"1145230E",
"ICAO_REG":"ZS",
"DECLINATION":"-3",
"FREQUENCY":"0",
"ABSOLUTEHEIGHT":"0",
"SIGNPT_TYPE":"Совмещённый VOR/DME",
"OBJTOTEXT":"0",
"MAGVAR":"-3"} },
{"type":"Feature",
"geometry": {"type": "Point","coordinates": [113.190000000,23.021666667] },"properties":{
"id":"RTS.739",
"STATUS":"Действующий",
"DBIDENT":"1818458",
"NAME":"PINGZHOU",
"":"",
"LATITUDE":"230118N",
"LONGITUDE":"1131124E",
"ICAO_REG":"ZG",
"DECLINATION":"-2",
"FREQUENCY":"0",
"ABSOLUTEHEIGHT":"0",
"SIGNPT_TYPE":"Совмещённый VOR/DME",
"OBJTOTEXT":"0",
"MAGVAR":"-2"} },
{"type":"Feature",
"geometry": {"type": "Point","coordinates": [54.335277778,52.238888889] },"properties":{
"id":"RTS.740",
"STATUS":"Действующий",
"DBIDENT":"1818460",
"NAME":"PRETORIYA",
"ALT_NAME":"ПРЕТОРИЯ",
"DESIGNATOR":"PT",
"":"",
"LATITUDE":"521420N",
"LONGITUDE":"0542007E",
"ICAO_REG":"UX",
"":"",
"FREQUENCY":"110.4",
"ABSOLUTEHEIGHT":"210",
"SIGNPT_TYPE":"Дальномер DME",
"OBJTOTEXT":"0"} },
{"type":"Feature",
"geometry": {"type": "Point","coordinates": [121.783333333,31.171666667] },"properties":{
"id":"RTS.741",
"STATUS":"Действующий",
"DBIDENT":"1818464",
"NAME":"PUDONG",
"":"",
"LATITUDE":"311018N",
"LONGITUDE":"1214700E",
"ICAO_REG":"ZS",
"DECLINATION":"-6",
"FREQUENCY":"0",
"ABSOLUTEHEIGHT":"0",
"SIGNPT_TYPE":"Совмещённый VOR/DME",
"OBJTOTEXT":"0",
"MAGVAR":"-6"} },
{"type":"Feature",
"geometry": {"type": "Point","coordinates": [170.591944444,69.802500000] },"properties":{
"id":"RTS.742",
"STATUS":"Действующий",
"DBIDENT":"1818465",
"NAME":"PEVEK",
"ALT_NAME":"ПЕВЕК",
"DESIGNATOR":"PWK",
"":"",
"LATITUDE":"694809N",
"LONGITUDE":"1703531E",
"ICAO_REG":"UX",
"DECLINATION":"-4",
"FREQUENCY":"110",
"ABSOLUTEHEIGHT":"0",
"SIGNPT_TYPE":"Совмещённый VOR/DME",
"OBJTOTEXT":"0",
"MAGVAR":"-4"} },
{"type":"Feature",
"geometry": {"type": "Point","coordinates": [119.088333333,39.671666667] },"properties":{
"id":"RTS.743",
"STATUS":"Действующий",
"DBIDENT":"1818466",
"NAME":"QINHUANGDAO",
"":"",
"LATITUDE":"394018N",
"LONGITUDE":"1190518E",
"ICAO_REG":"ZB",
"DECLINATION":"-6",
"FREQUENCY":"0",
"ABSOLUTEHEIGHT":"0",
"SIGNPT_TYPE":"Совмещённый VOR/DME",
"OBJTOTEXT":"0",
"MAGVAR":"-6"} },
{"type":"Feature",
"geometry": {"type": "Point","coordinates": [85.536666667,38.151666667] },"properties":{
"id":"RTS.744",
"STATUS":"Действующий",
"DBIDENT":"1818467",
"NAME":"QIEMO",
"":"",
"LATITUDE":"380906N",
"LONGITUDE":"0853212E",
"ICAO_REG":"ZW",
"DECLINATION":"2",
"FREQUENCY":"0",
"ABSOLUTEHEIGHT":"0",
"SIGNPT_TYPE":"Совмещённый VOR/DME",
"OBJTOTEXT":"0",
"MAGVAR":"2"} },
{"type":"Feature",
"geometry": {"type": "Point","coordinates": [107.598333333,35.796666667] },"properties":{
"id":"RTS.745",
"STATUS":"Действующий",
"DBIDENT":"1818468",
"NAME":"QINGYANG",
"":"",
"LATITUDE":"354748N",
"LONGITUDE":"1073554E",
"ICAO_REG":"ZL",
"DECLINATION":"-3",
"FREQUENCY":"0",
"ABSOLUTEHEIGHT":"0",
"SIGNPT_TYPE":"Совмещённый VOR/DME",
"OBJTOTEXT":"0",
"MAGVAR":"-3"} },
{"type":"Feature",
"geometry": {"type": "Point","coordinates": [106.665000000,29.051666667] },"properties":{
"id":"RTS.746",
"STATUS":"Действующий",
"DBIDENT":"1818469",
"NAME":"QIJIANG",
"":"",
"LATITUDE":"290306N",
"LONGITUDE":"1063954E",
"ICAO_REG":"ZP",
"DECLINATION":"-2",
"FREQUENCY":"0",
"ABSOLUTEHEIGHT":"0",
"SIGNPT_TYPE":"Совмещённый VOR/DME",
"OBJTOTEXT":"0",
"MAGVAR":"-2"} },
{"type":"Feature",
"geometry": {"type": "Point","coordinates": [106.030000000,27.041666667] },"properties":{
"id":"RTS.747",
"STATUS":"Действующий",
"DBIDENT":"1818470",
"NAME":"QIANXI",
"":"",
"LATITUDE":"270230N",
"LONGITUDE":"1060148E",
"ICAO_REG":"ZP",
"DECLINATION":"-1.4",
"FREQUENCY":"0",
"ABSOLUTEHEIGHT":"0",
"SIGNPT_TYPE":"Совмещённый VOR/DME",
"OBJTOTEXT":"0",
"MAGVAR":"-1"} },
{"type":"Feature",
"geometry": {"type": "Point","coordinates": [89.611666667,43.988333333] },"properties":{
"id":"RTS.748",
"STATUS":"Действующий",
"DBIDENT":"1818471",
"NAME":"QITAI",
"":"",
"LATITUDE":"435918N",
"LONGITUDE":"0893642E",
"ICAO_REG":"ZW",
"DECLINATION":"2",
"FREQUENCY":"0",
"ABSOLUTEHEIGHT":"0",
"SIGNPT_TYPE":"Совмещённый VOR/DME",
"OBJTOTEXT":"0",
"MAGVAR":"2"} },
{"type":"Feature",
"geometry": {"type": "Point","coordinates": [46.184805556,51.710472222] },"properties":{
"id":"RTS.749",
"STATUS":"Действующий",
"DBIDENT":"1818474",
"NAME":"SARATOV Gagarin",
"ALT_NAME":"САРАТОВ Гагарин",
"":"",
"LATITUDE":"514238N",
"LONGITUDE":"0461105E",
"ICAO_REG":"UW",
"DECLINATION":"11",
"FREQUENCY":"113",
"ABSOLUTEHEIGHT":"30",
"SIGNPT_TYPE":"Совмещённый VOR/DME",
"OBJTOTEXT":"0",
"MAGVAR":"11"} },
{"type":"Feature",
"geometry": {"type": "Point","coordinates": [89.271666667,29.355000000] },"properties":{
"id":"RTS.750",
"STATUS":"Действующий",
"DBIDENT":"1818476",
"NAME":"RIKAZE",
"":"",
"LATITUDE":"292118N",
"LONGITUDE":"0891618E",
"ICAO_REG":"ZP",
"FREQUENCY":"0",
"ABSOLUTEHEIGHT":"0",
"SIGNPT_TYPE":"Совмещённый VOR/DME",
"OBJTOTEXT":"0"} },
{"type":"Feature",
"geometry": {"type": "Point","coordinates": [38.160277778,55.545574139] },"properties":{
"id":"RTS.751",
"STATUS":"Действующий",
"DBIDENT":"1818480",
"NAME":"RAMENSKOYE",
"ALT_NAME":"РАМЕНСКОЕ",
"DESIGNATOR":"RT",
"":"",
"LATITUDE":"553244N",
"LONGITUDE":"0380937E",
"ICAO_REG":"UX",
"DECLINATION":"12",
"FREQUENCY":"117.9",
"ABSOLUTEHEIGHT":"120",
"SIGNPT_TYPE":"Совмещённый VOR/DME",
"OBJTOTEXT":"0",
"MAGVAR":"12"} },
{"type":"Feature",
"geometry": {"type": "Point","coordinates": [26.172777778,50.596944444] },"properties":{
"id":"RTS.752",
"STATUS":"Действующий",
"DBIDENT":"1818481",
"NAME":"RIVNE",
"DESIGNATOR":"RD",
"":"",
"LATITUDE":"503549N",
"LONGITUDE":"0261022E",
"ICAO_REG":"UK",
"DECLINATION":"8",
"FREQUENCY":"0.678",
"ABSOLUTEHEIGHT":"0",
"SIGNPT_TYPE":"Маяк NDB",
"OBJTOTEXT":"0",
"MAGVAR":"8"} },
{"type":"Feature",
"geometry": {"type": "Point","coordinates": [106.819083333,47.644722222] },"properties":{
"id":"RTS.753",
"STATUS":"Действующий",
"DBIDENT":"1818483",
"NAME":"SERGELEN",
"DESIGNATOR":"SER",
"":"",
"LATITUDE":"473841N",
"LONGITUDE":"1064909E",
"ICAO_REG":"ZM",
"DECLINATION":"-5",
"FREQUENCY":"116.9",
"ABSOLUTEHEIGHT":"1380",
"SIGNPT_TYPE":"Совмещённый VOR/DME",
"OBJTOTEXT":"0",
"MAGVAR":"-5"} },
{"type":"Feature",
"geometry": {"type": "Point","coordinates": [123.478333333,41.641666667] },"properties":{
"id":"RTS.754",
"STATUS":"Действующий",
"DBIDENT":"1818484",
"NAME":"SHENYANG",
"":"",
"LATITUDE":"413830N",
"LONGITUDE":"1232842E",
"ICAO_REG":"ZY",
"DECLINATION":"-8",
"FREQUENCY":"0",
"ABSOLUTEHEIGHT":"0",
"SIGNPT_TYPE":"Совмещённый VOR/DME",
"OBJTOTEXT":"0",
"MAGVAR":"-8"} },
{"type":"Feature",
"geometry": {"type": "Point","coordinates": [102.520000000,25.081666667] },"properties":{
"id":"RTS.755",
"STATUS":"Действующий",
"DBIDENT":"1818485",
"NAME":"XISHAN",
"":"",
"LATITUDE":"250454N",
"LONGITUDE":"1023112E",
"ICAO_REG":"ZP",
"DECLINATION":"-1",
"FREQUENCY":"0",
"ABSOLUTEHEIGHT":"0",
"SIGNPT_TYPE":"Совмещённый VOR/DME",
"OBJTOTEXT":"0",
"MAGVAR":"-1"} },
{"type":"Feature",
"geometry": {"type": "Point","coordinates": [121.333333333,31.223333333] },"properties":{
"id":"RTS.756",
"STATUS":"Действующий",
"DBIDENT":"1818487",
"NAME":"HONGQIAO",
"":"",
"LATITUDE":"311324N",
"LONGITUDE":"1212000E",
"ICAO_REG":"ZS",
"DECLINATION":"-6",
"FREQUENCY":"0",
"ABSOLUTEHEIGHT":"0",
"SIGNPT_TYPE":"Совмещённый VOR/DME",
"OBJTOTEXT":"0",
"MAGVAR":"-6"} },
{"type":"Feature",
"geometry": {"type": "Point","coordinates": [106.728333333,29.431666667] },"properties":{
"id":"RTS.757",
"STATUS":"Действующий",
"DBIDENT":"1818488",
"NAME":"CHANGSHENGQIAO",
"":"",
"LATITUDE":"292554N",
"LONGITUDE":"1064342E",
"ICAO_REG":"ZP",
"DECLINATION":"-2",
"FREQUENCY":"0",
"ABSOLUTEHEIGHT":"0",
"SIGNPT_TYPE":"Совмещённый VOR/DME",
"OBJTOTEXT":"0",
"MAGVAR":"-2"} },
{"type":"Feature",
"geometry": {"type": "Point","coordinates": [113.903333333,22.496666667] },"properties":{
"id":"RTS.758",
"STATUS":"Действующий",
"DBIDENT":"1818489",
"NAME":"SHEKOU",
"":"",
"LATITUDE":"222948N",
"LONGITUDE":"1135412E",
"ICAO_REG":"ZG",
"DECLINATION":"-2",
"FREQUENCY":"0",
"ABSOLUTEHEIGHT":"0",
"SIGNPT_TYPE":"Совмещённый VOR/DME",
"OBJTOTEXT":"0",
"MAGVAR":"-2"} },
{"type":"Feature",
"geometry": {"type": "Point","coordinates": [113.850000000,23.091666667] },"properties":{
"id":"RTS.759",
"STATUS":"Действующий",
"DBIDENT":"1818490",
"NAME":"SHILONG",
"":"",
"LATITUDE":"230530N",
"LONGITUDE":"1135100E",
"ICAO_REG":"ZG",
"DECLINATION":"-2",
"FREQUENCY":"0",
"ABSOLUTEHEIGHT":"0",
"SIGNPT_TYPE":"Совмещённый VOR/DME",
"OBJTOTEXT":"0",
"MAGVAR":"-2"} },
{"type":"Feature",
"geometry": {"type": "Point","coordinates": [117.970000000,28.416666667] },"properties":{
"id":"RTS.760",
"STATUS":"Действующий",
"DBIDENT":"1818491",
"NAME":"SHANGRAO",
"":"",
"LATITUDE":"282500N",
"LONGITUDE":"1175812E",
"ICAO_REG":"ZS",
"DECLINATION":"-4",
"FREQUENCY":"0",
"ABSOLUTEHEIGHT":"0",
"SIGNPT_TYPE":"Совмещённый VOR/DME",
"OBJTOTEXT":"0",
"MAGVAR":"-4"} },
{"type":"Feature",
"geometry": {"type": "Point","coordinates": [109.935000000,33.876666667] },"properties":{
"id":"RTS.761",
"STATUS":"Действующий",
"DBIDENT":"1818492",
"NAME":"SHANGXIAN",
"":"",
"LATITUDE":"335236N",
"LONGITUDE":"1095606E",
"ICAO_REG":"ZL",
"DECLINATION":"-4",
"FREQUENCY":"0",
"ABSOLUTEHEIGHT":"0",
"SIGNPT_TYPE":"Совмещённый VOR/DME",
"OBJTOTEXT":"0",
"MAGVAR":"-4"} },
{"type":"Feature",
"geometry": {"type": "Point","coordinates": [121.863333333,30.953333333] },"properties":{
"id":"RTS.762",
"STATUS":"Действующий",
"DBIDENT":"1818493",
"NAME":"SHUYUAN",
"":"",
"LATITUDE":"305712N",
"LONGITUDE":"1215148E",
"ICAO_REG":"ZS",
"DECLINATION":"-5.4",
"FREQUENCY":"0",
"ABSOLUTEHEIGHT":"0",
"SIGNPT_TYPE":"Совмещённый VOR/DME",
"OBJTOTEXT":"0",
"MAGVAR":"-5"} },
{"type":"Feature",
"geometry": {"type": "Point","coordinates": [120.816666667,29.600000000] },"properties":{
"id":"RTS.763",
"STATUS":"Действующий",
"DBIDENT":"1818494",
"NAME":"SHENGZHOU",
"":"",
"LATITUDE":"293600N",
"LONGITUDE":"1204900E",
"ICAO_REG":"ZS",
"DECLINATION":"-5",
"FREQUENCY":"0",
"ABSOLUTEHEIGHT":"0",
"SIGNPT_TYPE":"Совмещённый VOR/DME",
"OBJTOTEXT":"0",
"MAGVAR":"-5"} },
{"type":"Feature",
"geometry": {"type": "Point","coordinates": [119.726666667,32.545000000] },"properties":{
"id":"RTS.764",
"STATUS":"Действующий",
"DBIDENT":"1818496",
"NAME":"YANGZHOU",
"":"",
"LATITUDE":"323242N",
"LONGITUDE":"1194336E",
"ICAO_REG":"ZS",
"DECLINATION":"-6",
"FREQUENCY":"0",
"ABSOLUTEHEIGHT":"0",
"SIGNPT_TYPE":"Совмещённый VOR/DME",
"OBJTOTEXT":"0",
"MAGVAR":"-6"} },
{"type":"Feature",
"geometry": {"type": "Point","coordinates": [109.610000000,25.776666667] },"properties":{
"id":"RTS.765",
"STATUS":"Действующий",
"DBIDENT":"1818497",
"NAME":"SANJIANG",
"":"",
"LATITUDE":"254636N",
"LONGITUDE":"1093636E",
"ICAO_REG":"ZG",
"DECLINATION":"-2",
"FREQUENCY":"0",
"ABSOLUTEHEIGHT":"0",
"SIGNPT_TYPE":"Совмещённый VOR/DME",
"OBJTOTEXT":"0",
"MAGVAR":"-2"} },
{"type":"Feature",
"geometry": {"type": "Point","coordinates": [114.698333333,38.280000000] },"properties":{
"id":"RTS.766",
"STATUS":"Действующий",
"DBIDENT":"1818498",
"NAME":"ZHENGDING",
"":"",
"LATITUDE":"381648N",
"LONGITUDE":"1144154E",
"ICAO_REG":"ZB",
"DECLINATION":"-4.8",
"FREQUENCY":"0",
"ABSOLUTEHEIGHT":"0",
"SIGNPT_TYPE":"Совмещённый VOR/DME",
"OBJTOTEXT":"0",
"MAGVAR":"-5"} },
{"type":"Feature",
"geometry": {"type": "Point","coordinates": [113.982072222,22.337619444] },"properties":{
"id":"RTS.767",
"STATUS":"Действующий",
"DBIDENT":"1818502",
"NAME":"SIU MO TO",
"":"",
"LATITUDE":"222015N",
"LONGITUDE":"1135855E",
"ICAO_REG":"VH",
"DECLINATION":"-3",
"FREQUENCY":"0",
"ABSOLUTEHEIGHT":"0",
"SIGNPT_TYPE":"Совмещённый VOR/DME",
"OBJTOTEXT":"0",
"MAGVAR":"-3"} },
{"type":"Feature",
"geometry": {"type": "Point","coordinates": [110.130277778,44.903055556] },"properties":{
"id":"RTS.768",
"STATUS":"Действующий",
"DBIDENT":"1818504",
"NAME":"SAINSHAND",
"DESIGNATOR":"SND",
"":"",
"LATITUDE":"445411N",
"LONGITUDE":"1100749E",
"ICAO_REG":"ZM",
"DECLINATION":"-5",
"FREQUENCY":"116.6",
"ABSOLUTEHEIGHT":"1050",
"SIGNPT_TYPE":"Совмещённый VOR/DME",
"OBJTOTEXT":"0",
"MAGVAR":"-5"} },
{"type":"Feature",
"geometry": {"type": "Point","coordinates": [118.968333333,31.680000000] },"properties":{
"id":"RTS.769",
"STATUS":"Действующий",
"DBIDENT":"1818505",
"NAME":"SHIQIU",
"":"",
"LATITUDE":"314048N",
"LONGITUDE":"1185806E",
"ICAO_REG":"ZS",
"DECLINATION":"-5",
"FREQUENCY":"0",
"ABSOLUTEHEIGHT":"0",
"SIGNPT_TYPE":"Совмещённый VOR/DME",
"OBJTOTEXT":"0",
"MAGVAR":"-5"} },
{"type":"Feature",
"geometry": {"type": "Point","coordinates": [120.431666667,31.498333333] },"properties":{
"id":"RTS.770",
"STATUS":"Действующий",
"DBIDENT":"1818512",
"NAME":"SHUOFANG",
"":"",
"LATITUDE":"312954N",
"LONGITUDE":"1202554E",
"ICAO_REG":"ZS",
"DECLINATION":"-5",
"FREQUENCY":"0",
"ABSOLUTEHEIGHT":"0",
"SIGNPT_TYPE":"Совмещённый VOR/DME",
"OBJTOTEXT":"0",
"MAGVAR":"-5"} },
{"type":"Feature",
"geometry": {"type": "Point","coordinates": [116.766666667,23.440000000] },"properties":{
"id":"RTS.771",
"STATUS":"Действующий",
"DBIDENT":"1818513",
"NAME":"SHANTOU",
"":"",
"LATITUDE":"232624N",
"LONGITUDE":"1164600E",
"ICAO_REG":"ZG",
"DECLINATION":"-2",
"FREQUENCY":"0",
"ABSOLUTEHEIGHT":"0",
"SIGNPT_TYPE":"Совмещённый VOR/DME",
"OBJTOTEXT":"0",
"MAGVAR":"-2"} },
{"type":"Feature",
"geometry": {"type": "Point","coordinates": [109.173333333,18.310000000] },"properties":{
"id":"RTS.772",
"STATUS":"Действующий",
"DBIDENT":"1818515",
"NAME":"SANYA",
"":"",
"LATITUDE":"181836N",
"LONGITUDE":"1091024E",
"ICAO_REG":"ZJ",
"DECLINATION":"-1",
"FREQUENCY":"0",
"ABSOLUTEHEIGHT":"0",
"SIGNPT_TYPE":"Совмещённый VOR/DME",
"OBJTOTEXT":"0",
"MAGVAR":"-1"} },
{"type":"Feature",
"geometry": {"type": "Point","coordinates": [113.803333333,22.645000000] },"properties":{
"id":"RTS.773",
"STATUS":"Действующий",
"DBIDENT":"1818517",
"NAME":"SHENZHEN",
"":"",
"LATITUDE":"223842N",
"LONGITUDE":"1134812E",
"ICAO_REG":"ZG",
"DECLINATION":"-2",
"FREQUENCY":"0",
"ABSOLUTEHEIGHT":"0",
"SIGNPT_TYPE":"Совмещённый VOR/DME",
"OBJTOTEXT":"0",
"MAGVAR":"-2"} },
{"type":"Feature",
"geometry": {"type": "Point","coordinates": [116.430000000,40.106666667] },"properties":{
"id":"RTS.774",
"STATUS":"Действующий",
"DBIDENT":"1818518",
"NAME":"SHAZIYING",
"":"",
"LATITUDE":"400624N",
"LONGITUDE":"1162548E",
"ICAO_REG":"ZB",
"DECLINATION":"-6",
"FREQUENCY":"0",
"ABSOLUTEHEIGHT":"0",
"SIGNPT_TYPE":"Совмещённый VOR/DME",
"OBJTOTEXT":"0",
"MAGVAR":"-6"} },
{"type":"Feature",
"geometry": {"type": "Point","coordinates": [88.083333333,47.746666667] },"properties":{
"id":"RTS.775",
"STATUS":"Действующий",
"DBIDENT":"1818519",
"NAME":"ALTAY",
"":"",
"LATITUDE":"474448N",
"LONGITUDE":"0880500E",
"ICAO_REG":"ZW",
"DECLINATION":"4",
"FREQUENCY":"0",
"ABSOLUTEHEIGHT":"0",
"SIGNPT_TYPE":"Совмещённый VOR/DME",
"OBJTOTEXT":"0",
"MAGVAR":"4"} },
{"type":"Feature",
"geometry": {"type": "Point","coordinates": [117.358333333,39.110000000] },"properties":{
"id":"RTS.776",
"STATUS":"Действующий",
"DBIDENT":"1818520",
"NAME":"TIANJIN",
"":"",
"LATITUDE":"390636N",
"LONGITUDE":"1172130E",
"ICAO_REG":"ZB",
"DECLINATION":"-7",
"FREQUENCY":"0",
"ABSOLUTEHEIGHT":"0",
"SIGNPT_TYPE":"Совмещённый VOR/DME",
"OBJTOTEXT":"0",
"MAGVAR":"-7"} },
{"type":"Feature",
"geometry": {"type": "Point","coordinates": [113.241666667,23.668333333] },"properties":{
"id":"RTS.777",
"STATUS":"Действующий",
"DBIDENT":"1818521",
"NAME":"YUANTAN",
"":"",
"LATITUDE":"234006N",
"LONGITUDE":"1131430E",
"ICAO_REG":"ZG",
"DECLINATION":"-2",
"FREQUENCY":"0",
"ABSOLUTEHEIGHT":"0",
"SIGNPT_TYPE":"Совмещённый VOR/DME",
"OBJTOTEXT":"0",
"MAGVAR":"-2"} },
{"type":"Feature",
"geometry": {"type": "Point","coordinates": [120.370000000,36.288333333] },"properties":{
"id":"RTS.778",
"STATUS":"Действующий",
"DBIDENT":"1818522",
"NAME":"QINGDAO",
"":"",
"LATITUDE":"361718N",
"LONGITUDE":"1202212E",
"ICAO_REG":"ZS",
"DECLINATION":"-6.4",
"FREQUENCY":"0",
"ABSOLUTEHEIGHT":"0",
"SIGNPT_TYPE":"Совмещённый VOR/DME",
"OBJTOTEXT":"0",
"MAGVAR":"-6"} },
{"type":"Feature",
"geometry": {"type": "Point","coordinates": [83.368333333,46.658333333] },"properties":{
"id":"RTS.779",
"STATUS":"Действующий",
"DBIDENT":"1818523",
"NAME":"TACHENG",
"":"",
"LATITUDE":"463930N",
"LONGITUDE":"0832206E",
"ICAO_REG":"ZW",
"DECLINATION":"5",
"FREQUENCY":"0",
"ABSOLUTEHEIGHT":"0",
"SIGNPT_TYPE":"Совмещённый VOR/DME",
"OBJTOTEXT":"0",
"MAGVAR":"5"} },
{"type":"Feature",
"geometry": {"type": "Point","coordinates": [98.273888889,48.740277778] },"properties":{
"id":"RTS.780",
"STATUS":"Действующий",
"DBIDENT":"1818524",
"NAME":"TOSONTSENGEL",
"DESIGNATOR":"TCL",
"":"",
"LATITUDE":"484425N",
"LONGITUDE":"0981626E",
"ICAO_REG":"ZM",
"":"",
"FREQUENCY":"116.1",
"ABSOLUTEHEIGHT":"1470",
"SIGNPT_TYPE":"Дальномер DME",
"OBJTOTEXT":"0"} },
{"type":"Feature",
"geometry": {"type": "Point","coordinates": [114.293138889,22.247894444] },"properties":{
"id":"RTS.781",
"STATUS":"Действующий",
"DBIDENT":"1818525",
"NAME":"TUNG LUNG",
"":"",
"LATITUDE":"221452N",
"LONGITUDE":"1141735E",
"ICAO_REG":"VH",
"DECLINATION":"-3",
"FREQUENCY":"0",
"ABSOLUTEHEIGHT":"0",
"SIGNPT_TYPE":"Совмещённый VOR/DME",
"OBJTOTEXT":"0",
"MAGVAR":"-3"} },
{"type":"Feature",
"geometry": {"type": "Point","coordinates": [102.828888889,47.245277778] },"properties":{
"id":"RTS.782",
"STATUS":"Действующий",
"DBIDENT":"1818526",
"NAME":"KHARKHORIN",
"DESIGNATOR":"TGL",
"":"",
"LATITUDE":"471443N",
"LONGITUDE":"1024944E",
"ICAO_REG":"ZM",
"":"",
"FREQUENCY":"115.4",
"ABSOLUTEHEIGHT":"1470",
"SIGNPT_TYPE":"Дальномер DME",
"OBJTOTEXT":"0"} },
{"type":"Feature",
"geometry": {"type": "Point","coordinates": [122.196666667,43.560000000] },"properties":{
"id":"RTS.783",
"STATUS":"Действующий",
"DBIDENT":"1818527",
"NAME":"TONGLIAO",
"":"",
"LATITUDE":"433336N",
"LONGITUDE":"1221148E",
"ICAO_REG":"ZY",
"DECLINATION":"-8",
"FREQUENCY":"0",
"ABSOLUTEHEIGHT":"0",
"SIGNPT_TYPE":"Совмещённый VOR/DME",
"OBJTOTEXT":"0",
"MAGVAR":"-8"} },
{"type":"Feature",
"geometry": {"type": "Point","coordinates": [117.124677778,31.777369444] },"properties":{
"id":"RTS.784",
"STATUS":"Действующий",
"DBIDENT":"1818529",
"NAME":"TAOHUA",
"":"",
"LATITUDE":"314639N",
"LONGITUDE":"1170729E",
"ICAO_REG":"ZS",
"DECLINATION":"-4",
"FREQUENCY":"0",
"ABSOLUTEHEIGHT":"0",
"SIGNPT_TYPE":"Совмещённый VOR/DME",
"OBJTOTEXT":"0",
"MAGVAR":"-4"} },
{"type":"Feature",
"geometry": {"type": "Point","coordinates": [117.520000000,39.156666667] },"properties":{
"id":"RTS.785",
"STATUS":"Действующий",
"DBIDENT":"1818532",
"NAME":"DONGLIHU",
"":"",
"LATITUDE":"390924N",
"LONGITUDE":"1173112E",
"ICAO_REG":"ZB",
"DECLINATION":"-6",
"FREQUENCY":"0",
"ABSOLUTEHEIGHT":"0",
"SIGNPT_TYPE":"Совмещённый VOR/DME",
"OBJTOTEXT":"0",
"MAGVAR":"-6"} },
{"type":"Feature",
"geometry": {"type": "Point","coordinates": [113.153333333,41.843333333] },"properties":{
"id":"RTS.786",
"STATUS":"Действующий",
"DBIDENT":"1818536",
"NAME":"TUMURTAI",
"":"",
"LATITUDE":"415036N",
"LONGITUDE":"1130912E",
"ICAO_REG":"ZB",
"DECLINATION":"-6",
"FREQUENCY":"0",
"ABSOLUTEHEIGHT":"0",
"SIGNPT_TYPE":"Совмещённый VOR/DME",
"OBJTOTEXT":"0",
"MAGVAR":"-6"} },
{"type":"Feature",
"geometry": {"type": "Point","coordinates": [119.660000000,29.763333333] },"properties":{
"id":"RTS.787",
"STATUS":"Действующий",
"DBIDENT":"1818537",
"NAME":"TONGLU",
"":"",
"LATITUDE":"294548N",
"LONGITUDE":"1193936E",
"ICAO_REG":"ZS",
"DECLINATION":"-5",
"FREQUENCY":"0",
"ABSOLUTEHEIGHT":"0",
"SIGNPT_TYPE":"Совмещённый VOR/DME",
"OBJTOTEXT":"0",
"MAGVAR":"-5"} },
{"type":"Feature",
"geometry": {"type": "Point","coordinates": [109.293333333,27.868333333] },"properties":{
"id":"RTS.788",
"STATUS":"Действующий",
"DBIDENT":"1818540",
"NAME":"TONGREN",
"":"",
"LATITUDE":"275206N",
"LONGITUDE":"1091736E",
"ICAO_REG":"ZP",
"DECLINATION":"-2",
"FREQUENCY":"0",
"ABSOLUTEHEIGHT":"0",
"SIGNPT_TYPE":"Совмещённый VOR/DME",
"OBJTOTEXT":"0",
"MAGVAR":"-2"} },
{"type":"Feature",
"geometry": {"type": "Point","coordinates": [118.253333333,29.738333333] },"properties":{
"id":"RTS.789",
"STATUS":"Действующий",
"DBIDENT":"1818542",
"NAME":"HUANGSHAN",
"":"",
"LATITUDE":"294418N",
"LONGITUDE":"1181512E",
"ICAO_REG":"ZS",
"DECLINATION":"-4",
"FREQUENCY":"0",
"ABSOLUTEHEIGHT":"0",
"SIGNPT_TYPE":"Совмещённый VOR/DME",
"OBJTOTEXT":"0",
"MAGVAR":"-4"} },
{"type":"Feature",
"geometry": {"type": "Point","coordinates": [112.620000000,37.748333333] },"properties":{
"id":"RTS.790",
"STATUS":"Действующий",
"DBIDENT":"1818543",
"NAME":"TAIYUAN/WUSU",
"":"",
"LATITUDE":"374454N",
"LONGITUDE":"1123712E",
"ICAO_REG":"ZB",
"DECLINATION":"-4",
"FREQUENCY":"0",
"ABSOLUTEHEIGHT":"0",
"SIGNPT_TYPE":"Совмещённый VOR/DME",
"OBJTOTEXT":"0",
"MAGVAR":"-4"} },
{"type":"Feature",
"geometry": {"type": "Point","coordinates": [114.051666667,40.408333333] },"properties":{
"id":"RTS.791",
"STATUS":"Действующий",
"DBIDENT":"1818544",
"NAME":"TIANZHEN",
"":"",
"LATITUDE":"402430N",
"LONGITUDE":"1140306E",
"ICAO_REG":"ZB",
"DECLINATION":"-6",
"FREQUENCY":"0",
"ABSOLUTEHEIGHT":"0",
"SIGNPT_TYPE":"Совмещённый VOR/DME",
"OBJTOTEXT":"0",
"MAGVAR":"-6"} },
{"type":"Feature",
"geometry": {"type": "Point","coordinates": [106.733611111,47.867777778] },"properties":{
"id":"RTS.792",
"STATUS":"Действующий",
"DBIDENT":"1818545",
"NAME":"ULAANBAATAR",
"DESIGNATOR":"UDA",
"":"",
"LATITUDE":"475204N",
"LONGITUDE":"1064401E",
"ICAO_REG":"ZM",
"DECLINATION":"-5",
"FREQUENCY":"116",
"ABSOLUTEHEIGHT":"1290",
"SIGNPT_TYPE":"Совмещённый VOR/DME",
"OBJTOTEXT":"0",
"MAGVAR":"-5"} },
{"type":"Feature",
"geometry": {"type": "Point","coordinates": [110.663888889,47.330000000] },"properties":{
"id":"RTS.793",
"STATUS":"Действующий",
"DBIDENT":"1818548",
"NAME":"UNDURKHAAN",
"DESIGNATOR":"UND",
"":"",
"LATITUDE":"471948N",
"LONGITUDE":"1103950E",
"ICAO_REG":"ZM",
"":"",
"FREQUENCY":"115.5",
"ABSOLUTEHEIGHT":"1050",
"SIGNPT_TYPE":"Дальномер DME",
"OBJTOTEXT":"0"} },
{"type":"Feature",
"geometry": {"type": "Point","coordinates": [49.301388889,53.355000000] },"properties":{
"id":"RTS.794",
"STATUS":"Действующий",
"DBIDENT":"1818554",
"NAME":"ZHIGULI",
"ALT_NAME":"ЖИГУЛИ",
"DESIGNATOR":"VG",
"":"",
"LATITUDE":"532118N",
"LONGITUDE":"0491805E",
"ICAO_REG":"UW",
"":"",
"FREQUENCY":"110.8",
"ABSOLUTEHEIGHT":"180",
"SIGNPT_TYPE":"Дальномер DME",
"OBJTOTEXT":"0"} },
{"type":"Feature",
"geometry": {"type": "Point","coordinates": [96.215722222,46.378444444] },"properties":{
"id":"RTS.795",
"STATUS":"Действующий",
"DBIDENT":"1818555",
"NAME":"TAISHIR",
"":"",
"LATITUDE":"462242N",
"LONGITUDE":"0961257E",
"ICAO_REG":"ZM",
"DECLINATION":"-1",
"FREQUENCY":"116.4",
"ABSOLUTEHEIGHT":"2220",
"SIGNPT_TYPE":"Совмещённый VOR/DME",
"OBJTOTEXT":"0",
"MAGVAR":"-1"} },
{"type":"Feature",
"geometry": {"type": "Point","coordinates": [120.191666667,31.743333333] },"properties":{
"id":"RTS.796",
"STATUS":"Действующий",
"DBIDENT":"1818559",
"NAME":"WUXI",
"":"",
"LATITUDE":"314436N",
"LONGITUDE":"1201130E",
"ICAO_REG":"ZS",
"DECLINATION":"-5",
"FREQUENCY":"0",
"ABSOLUTEHEIGHT":"0",
"SIGNPT_TYPE":"Совмещённый VOR/DME",
"OBJTOTEXT":"0",
"MAGVAR":"-5"} },
{"type":"Feature",
"geometry": {"type": "Point","coordinates": [116.571666667,39.195000000] },"properties":{
"id":"RTS.797",
"STATUS":"Действующий",
"DBIDENT":"1818560",
"NAME":"DAWANGZHUANG",
"":"",
"LATITUDE":"391142N",
"LONGITUDE":"1163418E",
"ICAO_REG":"ZB",
"DECLINATION":"-6",
"FREQUENCY":"0",
"ABSOLUTEHEIGHT":"0",
"SIGNPT_TYPE":"Совмещённый VOR/DME",
"OBJTOTEXT":"0",
"MAGVAR":"-6"} },
{"type":"Feature",
"geometry": {"type": "Point","coordinates": [110.788333333,19.851666667] },"properties":{
"id":"RTS.798",
"STATUS":"Действующий",
"DBIDENT":"1818561",
"NAME":"WENCHANG",
"":"",
"LATITUDE":"195106N",
"LONGITUDE":"1104718E",
"ICAO_REG":"ZJ",
"DECLINATION":"-2.1",
"FREQUENCY":"0",
"ABSOLUTEHEIGHT":"0",
"SIGNPT_TYPE":"Совмещённый VOR/DME",
"OBJTOTEXT":"0",
"MAGVAR":"-2"} },
{"type":"Feature",
"geometry": {"type": "Point","coordinates": [122.226666667,37.183333333] },"properties":{
"id":"RTS.799",
"STATUS":"Действующий",
"DBIDENT":"1818563",
"NAME":"WEIHAI",
"":"",
"LATITUDE":"371100N",
"LONGITUDE":"1221336E",
"ICAO_REG":"ZS",
"DECLINATION":"-7",
"FREQUENCY":"0",
"ABSOLUTEHEIGHT":"0",
"SIGNPT_TYPE":"Совмещённый VOR/DME",
"OBJTOTEXT":"0",
"MAGVAR":"-7"} },
{"type":"Feature",
"geometry": {"type": "Point","coordinates": [119.120000000,36.646666667] },"properties":{
"id":"RTS.800",
"STATUS":"Действующий",
"DBIDENT":"1818564",
"NAME":"WEIFANG",
"":"",
"LATITUDE":"363848N",
"LONGITUDE":"1190712E",
"ICAO_REG":"ZS",
"DECLINATION":"-7",
"FREQUENCY":"0",
"ABSOLUTEHEIGHT":"0",
"SIGNPT_TYPE":"Совмещённый VOR/DME",
"OBJTOTEXT":"0",
"MAGVAR":"-7"} },
{"type":"Feature",
"geometry": {"type": "Point","coordinates": [104.491666667,30.606666667] },"properties":{
"id":"RTS.801",
"STATUS":"Действующий",
"DBIDENT":"1818565",
"NAME":"WUFENGXI",
"":"",
"LATITUDE":"303624N",
"LONGITUDE":"1042930E",
"ICAO_REG":"ZP",
"DECLINATION":"-1.7",
"FREQUENCY":"0",
"ABSOLUTEHEIGHT":"0",
"SIGNPT_TYPE":"Совмещённый VOR/DME",
"OBJTOTEXT":"0",
"MAGVAR":"-2"} },
{"type":"Feature",
"geometry": {"type": "Point","coordinates": [114.203333333,30.781666667] },"properties":{
"id":"RTS.802",
"STATUS":"Действующий",
"DBIDENT":"1818568",
"NAME":"TIANHE",
"":"",
"LATITUDE":"304654N",
"LONGITUDE":"1141212E",
"ICAO_REG":"ZH",
"DECLINATION":"-4",
"FREQUENCY":"0",
"ABSOLUTEHEIGHT":"0",
"SIGNPT_TYPE":"Совмещённый VOR/DME",
"OBJTOTEXT":"0",
"MAGVAR":"-4"} },
{"type":"Feature",
"geometry": {"type": "Point","coordinates": [109.376666667,35.778333333] },"properties":{
"id":"RTS.803",
"STATUS":"Действующий",
"DBIDENT":"1818569",
"NAME":"LUOCHUAN",
"":"",
"LATITUDE":"354642N",
"LONGITUDE":"1092236E",
"ICAO_REG":"ZL",
"DECLINATION":"-4",
"FREQUENCY":"0",
"ABSOLUTEHEIGHT":"0",
"SIGNPT_TYPE":"Совмещённый VOR/DME",
"OBJTOTEXT":"0",
"MAGVAR":"-4"} },
{"type":"Feature",
"geometry": {"type": "Point","coordinates": [104.563333333,28.850000000] },"properties":{
"id":"RTS.804",
"STATUS":"Действующий",
"DBIDENT":"1818574",
"NAME":"WULIANGYE",
"":"",
"LATITUDE":"285100N",
"LONGITUDE":"1043348E",
"ICAO_REG":"ZP",
"DECLINATION":"-2",
"FREQUENCY":"0",
"ABSOLUTEHEIGHT":"0",
"SIGNPT_TYPE":"Совмещённый VOR/DME",
"OBJTOTEXT":"0",
"MAGVAR":"-2"} },
{"type":"Feature",
"geometry": {"type": "Point","coordinates": [120.863333333,27.930000000] },"properties":{
"id":"RTS.805",
"STATUS":"Действующий",
"DBIDENT":"1818576",
"NAME":"WENZHOU/LONGWAN",
"":"",
"LATITUDE":"275548N",
"LONGITUDE":"1205148E",
"ICAO_REG":"ZS",
"DECLINATION":"-4",
"FREQUENCY":"0",
"ABSOLUTEHEIGHT":"0",
"SIGNPT_TYPE":"Совмещённый VOR/DME",
"OBJTOTEXT":"0",
"MAGVAR":"-4"} },
{"type":"Feature",
"geometry": {"type": "Point","coordinates": [129.785000000,43.293333333] },"properties":{
"id":"RTS.806",
"STATUS":"Действующий",
"DBIDENT":"1818577",
"NAME":"WANGQING",
"":"",
"LATITUDE":"431736N",
"LONGITUDE":"1294706E",
"ICAO_REG":"ZY",
"DECLINATION":"-10",
"FREQUENCY":"0",
"ABSOLUTEHEIGHT":"0",
"SIGNPT_TYPE":"Совмещённый VOR/DME",
"OBJTOTEXT":"0",
"MAGVAR":"-10"} },
{"type":"Feature",
"geometry": {"type": "Point","coordinates": [113.143333333,30.638333333] },"properties":{
"id":"RTS.807",
"STATUS":"Действующий",
"DBIDENT":"1818578",
"NAME":"TIANMEN",
"":"",
"LATITUDE":"303818N",
"LONGITUDE":"1130836E",
"ICAO_REG":"ZH",
"DECLINATION":"-4",
"FREQUENCY":"0",
"ABSOLUTEHEIGHT":"0",
"SIGNPT_TYPE":"Совмещённый VOR/DME",
"OBJTOTEXT":"0",
"MAGVAR":"-4"} },
{"type":"Feature",
"geometry": {"type": "Point","coordinates": [87.508333333,43.913333333] },"properties":{
"id":"RTS.808",
"STATUS":"Действующий",
"DBIDENT":"1818579",
"NAME":"URUMQI",
"":"",
"LATITUDE":"435448N",
"LONGITUDE":"0873030E",
"ICAO_REG":"ZW",
"DECLINATION":"3",
"FREQUENCY":"0",
"ABSOLUTEHEIGHT":"0",
"SIGNPT_TYPE":"Совмещённый VOR/DME",
"OBJTOTEXT":"0",
"MAGVAR":"3"} },
{"type":"Feature",
"geometry": {"type": "Point","coordinates": [108.148333333,22.585000000] },"properties":{
"id":"RTS.809",
"STATUS":"Действующий",
"DBIDENT":"1818580",
"NAME":"NANNING",
"":"",
"LATITUDE":"223506N",
"LONGITUDE":"1080854E",
"ICAO_REG":"ZG",
"DECLINATION":"-1.7",
"FREQUENCY":"0",
"ABSOLUTEHEIGHT":"0",
"SIGNPT_TYPE":"Совмещённый VOR/DME",
"OBJTOTEXT":"0",
"MAGVAR":"-2"} },
{"type":"Feature",
"geometry": {"type": "Point","coordinates": [114.916666667,36.363333333] },"properties":{
"id":"RTS.810",
"STATUS":"Действующий",
"DBIDENT":"1818581",
"NAME":"WEIXIAN",
"":"",
"LATITUDE":"362148N",
"LONGITUDE":"1145500E",
"ICAO_REG":"ZH",
"DECLINATION":"-5",
"FREQUENCY":"0",
"ABSOLUTEHEIGHT":"0",
"SIGNPT_TYPE":"Совмещённый VOR/DME",
"OBJTOTEXT":"0",
"MAGVAR":"-5"} },
{"type":"Feature",
"geometry": {"type": "Point","coordinates": [114.111666667,24.350000000] },"properties":{
"id":"RTS.811",
"STATUS":"Действующий",
"DBIDENT":"1818582",
"NAME":"WENGYUAN",
"":"",
"LATITUDE":"242100N",
"LONGITUDE":"1140642E",
"ICAO_REG":"ZG",
"DECLINATION":"-3",
"FREQUENCY":"0",
"ABSOLUTEHEIGHT":"0",
"SIGNPT_TYPE":"Совмещённый VOR/DME",
"OBJTOTEXT":"0",
"MAGVAR":"-3"} },
{"type":"Feature",
"geometry": {"type": "Point","coordinates": [108.430000000,30.805000000] },"properties":{
"id":"RTS.812",
"STATUS":"Действующий",
"DBIDENT":"1818583",
"NAME":"WANZHOU",
"":"",
"LATITUDE":"304818N",
"LONGITUDE":"1082548E",
"ICAO_REG":"ZP",
"DECLINATION":"-2",
"FREQUENCY":"0",
"ABSOLUTEHEIGHT":"0",
"SIGNPT_TYPE":"Совмещённый VOR/DME",
"OBJTOTEXT":"0",
"MAGVAR":"-2"} },
{"type":"Feature",
"geometry": {"type": "Point","coordinates": [120.290000000,35.978333333] },"properties":{
"id":"RTS.813",
"STATUS":"Действующий",
"DBIDENT":"1818584",
"NAME":"XUEJIADAO",
"":"",
"LATITUDE":"355842N",
"LONGITUDE":"1201724E",
"ICAO_REG":"ZS",
"DECLINATION":"-6",
"FREQUENCY":"0",
"ABSOLUTEHEIGHT":"0",
"SIGNPT_TYPE":"Совмещённый VOR/DME",
"OBJTOTEXT":"0",
"MAGVAR":"-6"} },
{"type":"Feature",
"geometry": {"type": "Point","coordinates": [102.933333333,25.401666667] },"properties":{
"id":"RTS.814",
"STATUS":"Действующий",
"DBIDENT":"1818585",
"NAME":"PANLONG",
"":"",
"LATITUDE":"252406N",
"LONGITUDE":"1025600E",
"ICAO_REG":"ZP",
"DECLINATION":"-1",
"FREQUENCY":"0",
"ABSOLUTEHEIGHT":"0",
"SIGNPT_TYPE":"Совмещённый VOR/DME",
"OBJTOTEXT":"0",
"MAGVAR":"-1"} },
{"type":"Feature",
"geometry": {"type": "Point","coordinates": [89.540000000,46.795000000] },"properties":{
"id":"RTS.815",
"STATUS":"Действующий",
"DBIDENT":"1818586",
"NAME":"FUYUN",
"":"",
"LATITUDE":"464742N",
"LONGITUDE":"0893224E",
"ICAO_REG":"ZW",
"DECLINATION":"3",
"FREQUENCY":"0",
"ABSOLUTEHEIGHT":"0",
"SIGNPT_TYPE":"Совмещённый VOR/DME",
"OBJTOTEXT":"0",
"MAGVAR":"3"} },
{"type":"Feature",
"geometry": {"type": "Point","coordinates": [102.183333333,28.003333333] },"properties":{
"id":"RTS.816",
"STATUS":"Действующий",
"DBIDENT":"1818587",
"NAME":"XICHANG",
"":"",
"LATITUDE":"280012N",
"LONGITUDE":"1021100E",
"ICAO_REG":"ZP",
"DECLINATION":"-1",
"FREQUENCY":"0",
"ABSOLUTEHEIGHT":"0",
"SIGNPT_TYPE":"Совмещённый VOR/DME",
"OBJTOTEXT":"0",
"MAGVAR":"-1"} },
{"type":"Feature",
"geometry": {"type": "Point","coordinates": [82.843333333,41.676666667] },"properties":{
"id":"RTS.817",
"STATUS":"Действующий",
"DBIDENT":"1818588",
"NAME":"QIUCI",
"":"",
"LATITUDE":"414036N",
"LONGITUDE":"0825036E",
"ICAO_REG":"ZW",
"DECLINATION":"3",
"FREQUENCY":"0",
"ABSOLUTEHEIGHT":"0",
"SIGNPT_TYPE":"Совмещённый VOR/DME",
"OBJTOTEXT":"0",
"MAGVAR":"3"} },
{"type":"Feature",
"geometry": {"type": "Point","coordinates": [118.015000000,24.565000000] },"properties":{
"id":"RTS.818",
"STATUS":"Действующий",
"DBIDENT":"1818589",
"NAME":"XINGLIN",
"":"",
"LATITUDE":"243354N",
"LONGITUDE":"1180054E",
"ICAO_REG":"ZS",
"DECLINATION":"-2",
"FREQUENCY":"0",
"ABSOLUTEHEIGHT":"0",
"SIGNPT_TYPE":"Совмещённый VOR/DME",
"OBJTOTEXT":"0",
"MAGVAR":"-2"} },
{"type":"Feature",
"geometry": {"type": "Point","coordinates": [118.123333333,24.543333333] },"properties":{
"id":"RTS.819",
"STATUS":"Действующий",
"DBIDENT":"1818590",
"NAME":"XIAMEN",
"":"",
"LATITUDE":"243236N",
"LONGITUDE":"1180724E",
"ICAO_REG":"ZS",
"DECLINATION":"-2",
"FREQUENCY":"0",
"ABSOLUTEHEIGHT":"0",
"SIGNPT_TYPE":"Совмещённый VOR/DME",
"OBJTOTEXT":"0",
"MAGVAR":"-2"} },
{"type":"Feature",
"geometry": {"type": "Point","coordinates": [102.030000000,36.526666667] },"properties":{
"id":"RTS.820",
"STATUS":"Действующий",
"DBIDENT":"1818591",
"NAME":"XINING",
"":"",
"LATITUDE":"363136N",
"LONGITUDE":"1020148E",
"ICAO_REG":"ZL",
"DECLINATION":"-2",
"FREQUENCY":"0",
"ABSOLUTEHEIGHT":"0",
"SIGNPT_TYPE":"Совмещённый VOR/DME",
"OBJTOTEXT":"0",
"MAGVAR":"-2"} },
{"type":"Feature",
"geometry": {"type": "Point","coordinates": [116.961247222,32.011100000] },"properties":{
"id":"RTS.821",
"STATUS":"Действующий",
"DBIDENT":"1818592",
"NAME":"XINQIAO",
"":"",
"LATITUDE":"320040N",
"LONGITUDE":"1165740E",
"ICAO_REG":"ZS",
"DECLINATION":"-4",
"FREQUENCY":"0",
"ABSOLUTEHEIGHT":"0",
"SIGNPT_TYPE":"Совмещённый VOR/DME",
"OBJTOTEXT":"0",
"MAGVAR":"-4"} },
{"type":"Feature",
"geometry": {"type": "Point","coordinates": [115.266666667,30.435000000] },"properties":{
"id":"RTS.822",
"STATUS":"Действующий",
"DBIDENT":"1818593",
"NAME":"XISHUI",
"":"",
"LATITUDE":"302606N",
"LONGITUDE":"1151600E",
"ICAO_REG":"ZH",
"DECLINATION":"-4",
"FREQUENCY":"0",
"ABSOLUTEHEIGHT":"0",
"SIGNPT_TYPE":"Совмещённый VOR/DME",
"OBJTOTEXT":"0",
"MAGVAR":"-4"} },
{"type":"Feature",
"geometry": {"type": "Point","coordinates": [102.800000000,24.683333333] },"properties":{
"id":"RTS.823",
"STATUS":"Действующий",
"DBIDENT":"1818594",
"NAME":"JINNING",
"":"",
"LATITUDE":"244100N",
"LONGITUDE":"1024800E",
"ICAO_REG":"ZP",
"DECLINATION":"-1",
"FREQUENCY":"0",
"ABSOLUTEHEIGHT":"0",
"SIGNPT_TYPE":"Совмещённый VOR/DME",
"OBJTOTEXT":"0",
"MAGVAR":"-1"} },
{"type":"Feature",
"geometry": {"type": "Point","coordinates": [121.873333333,30.931666667] },"properties":{
"id":"RTS.824",
"STATUS":"Действующий",
"DBIDENT":"1818595",
"NAME":"SHUYUAN",
"":"",
"LATITUDE":"305554N",
"LONGITUDE":"1215224E",
"ICAO_REG":"ZS",
"DECLINATION":"-5",
"FREQUENCY":"0",
"ABSOLUTEHEIGHT":"0",
"SIGNPT_TYPE":"Совмещённый VOR/DME",
"OBJTOTEXT":"0",
"MAGVAR":"-5"} },
{"type":"Feature",
"geometry": {"type": "Point","coordinates": [117.550000000,34.060000000] },"properties":{
"id":"RTS.825",
"STATUS":"Действующий",
"DBIDENT":"1818596",
"NAME":"XUZHOU",
"":"",
"LATITUDE":"340336N",
"LONGITUDE":"1173300E",
"ICAO_REG":"ZS",
"DECLINATION":"-5",
"FREQUENCY":"0",
"ABSOLUTEHEIGHT":"0",
"SIGNPT_TYPE":"Совмещённый VOR/DME",
"OBJTOTEXT":"0",
"MAGVAR":"-5"} },
{"type":"Feature",
"geometry": {"type": "Point","coordinates": [105.420000000,28.171666667] },"properties":{
"id":"RTS.826",
"STATUS":"Действующий",
"DBIDENT":"1818597",
"NAME":"XUYONG",
"":"",
"LATITUDE":"281018N",
"LONGITUDE":"1052512E",
"ICAO_REG":"ZP",
"DECLINATION":"-1.4",
"FREQUENCY":"0",
"ABSOLUTEHEIGHT":"0",
"SIGNPT_TYPE":"Совмещённый VOR/DME",
"OBJTOTEXT":"0",
"MAGVAR":"-1"} },
{"type":"Feature",
"geometry": {"type": "Point","coordinates": [109.635000000,36.685000000] },"properties":{
"id":"RTS.827",
"STATUS":"Действующий",
"DBIDENT":"1818598",
"NAME":"YAN`AN",
"":"",
"LATITUDE":"364106N",
"LONGITUDE":"1093806E",
"ICAO_REG":"ZL",
"DECLINATION":"-4",
"FREQUENCY":"0",
"ABSOLUTEHEIGHT":"0",
"SIGNPT_TYPE":"Совмещённый VOR/DME",
"OBJTOTEXT":"0",
"MAGVAR":"-4"} },
{"type":"Feature",
"geometry": {"type": "Point","coordinates": [102.775000000,39.421666667] },"properties":{
"id":"RTS.828",
"STATUS":"Действующий",
"DBIDENT":"1818599",
"NAME":"YABRAI",
"":"",
"LATITUDE":"392518N",
"LONGITUDE":"1024630E",
"ICAO_REG":"ZL",
"DECLINATION":"-2",
"FREQUENCY":"0",
"ABSOLUTEHEIGHT":"0",
"SIGNPT_TYPE":"Совмещённый VOR/DME",
"OBJTOTEXT":"0",
"MAGVAR":"-2"} },
{"type":"Feature",
"geometry": {"type": "Point","coordinates": [104.556666667,28.798333333] },"properties":{
"id":"RTS.829",
"STATUS":"Действующий",
"DBIDENT":"1818600",
"NAME":"YIBIN",
"":"",
"LATITUDE":"284754N",
"LONGITUDE":"1043324E",
"ICAO_REG":"ZP",
"DECLINATION":"-1",
"FREQUENCY":"0",
"ABSOLUTEHEIGHT":"0",
"SIGNPT_TYPE":"Совмещённый VOR/DME",
"OBJTOTEXT":"0",
"MAGVAR":"-1"} },
{"type":"Feature",
"geometry": {"type": "Point","coordinates": [111.033333333,35.118333333] },"properties":{
"id":"RTS.830",
"STATUS":"Действующий",
"DBIDENT":"1818601",
"NAME":"YUNCHENG",
"":"",
"LATITUDE":"350706N",
"LONGITUDE":"1110200E",
"ICAO_REG":"ZB",
"DECLINATION":"-4",
"FREQUENCY":"0",
"ABSOLUTEHEIGHT":"0",
"SIGNPT_TYPE":"Совмещённый VOR/DME",
"OBJTOTEXT":"0",
"MAGVAR":"-4"} },
{"type":"Feature",
"geometry": {"type": "Point","coordinates": [120.205000000,33.421666667] },"properties":{
"id":"RTS.831",
"STATUS":"Действующий",
"DBIDENT":"1818602",
"NAME":"YANCHENG",
"":"",
"LATITUDE":"332518N",
"LONGITUDE":"1201218E",
"ICAO_REG":"ZS",
"DECLINATION":"-5",
"FREQUENCY":"0",
"ABSOLUTEHEIGHT":"0",
"SIGNPT_TYPE":"Совмещённый VOR/DME",
"OBJTOTEXT":"0",
"MAGVAR":"-5"} },
{"type":"Feature",
"geometry": {"type": "Point","coordinates": [121.000000000,37.678333333] },"properties":{
"id":"RTS.832",
"STATUS":"Действующий",
"DBIDENT":"1818603",
"NAME":"PENGLAI",
"":"",
"LATITUDE":"374042N",
"LONGITUDE":"1210000E",
"ICAO_REG":"ZS",
"DECLINATION":"-7.2",
"FREQUENCY":"0",
"ABSOLUTEHEIGHT":"0",
"SIGNPT_TYPE":"Совмещённый VOR/DME",
"OBJTOTEXT":"0",
"MAGVAR":"-7"} },
{"type":"Feature",
"geometry": {"type": "Point","coordinates": [120.031666667,29.331666667] },"properties":{
"id":"RTS.833",
"STATUS":"Действующий",
"DBIDENT":"1818604",
"NAME":"YIWU",
"":"",
"LATITUDE":"291954N",
"LONGITUDE":"1200154E",
"ICAO_REG":"ZS",
"DECLINATION":"-5",
"FREQUENCY":"0",
"ABSOLUTEHEIGHT":"0",
"SIGNPT_TYPE":"Совмещённый VOR/DME",
"OBJTOTEXT":"0",
"MAGVAR":"-5"} },
{"type":"Feature",
"geometry": {"type": "Point","coordinates": [106.410000000,38.346666667] },"properties":{
"id":"RTS.834",
"STATUS":"Действующий",
"DBIDENT":"1818605",
"NAME":"YINCHUAN",
"":"",
"LATITUDE":"382048N",
"LONGITUDE":"1062436E",
"ICAO_REG":"ZL",
"DECLINATION":"-2.8",
"FREQUENCY":"0",
"ABSOLUTEHEIGHT":"0",
"SIGNPT_TYPE":"Совмещённый VOR/DME",
"OBJTOTEXT":"0",
"MAGVAR":"-3"} },
{"type":"Feature",
"geometry": {"type": "Point","coordinates": [111.506666667,30.535000000] },"properties":{
"id":"RTS.835",
"STATUS":"Действующий",
"DBIDENT":"1818607",
"NAME":"SANXIA",
"":"",
"LATITUDE":"303206N",
"LONGITUDE":"1113024E",
"ICAO_REG":"ZH",
"DECLINATION":"-3",
"FREQUENCY":"0",
"ABSOLUTEHEIGHT":"0",
"SIGNPT_TYPE":"Совмещённый VOR/DME",
"OBJTOTEXT":"0",
"MAGVAR":"-3"} },
{"type":"Feature",
"geometry": {"type": "Point","coordinates": [109.106666667,35.380000000] },"properties":{
"id":"RTS.836",
"STATUS":"Действующий",
"DBIDENT":"1818608",
"NAME":"YIJUN",
"":"",
"LATITUDE":"352248N",
"LONGITUDE":"1090624E",
"ICAO_REG":"ZL",
"DECLINATION":"-2",
"FREQUENCY":"0",
"ABSOLUTEHEIGHT":"0",
"SIGNPT_TYPE":"Совмещённый VOR/DME",
"OBJTOTEXT":"0",
"MAGVAR":"-2"} },
{"type":"Feature",
"geometry": {"type": "Point","coordinates": [113.415000000,24.190000000] },"properties":{
"id":"RTS.837",
"STATUS":"Действующий",
"DBIDENT":"1818609",
"NAME":"YINGDE",
"":"",
"LATITUDE":"241124N",
"LONGITUDE":"1132454E",
"ICAO_REG":"ZG",
"DECLINATION":"-3",
"FREQUENCY":"0",
"ABSOLUTEHEIGHT":"0",
"SIGNPT_TYPE":"Совмещённый VOR/DME",
"OBJTOTEXT":"0",
"MAGVAR":"-3"} },
{"type":"Feature",
"geometry": {"type": "Point","coordinates": [109.578333333,38.381666667] },"properties":{
"id":"RTS.838",
"STATUS":"Действующий",
"DBIDENT":"1818610",
"NAME":"YULIN",
"":"",
"LATITUDE":"382254N",
"LONGITUDE":"1093442E",
"ICAO_REG":"ZL",
"DECLINATION":"-4",
"FREQUENCY":"0",
"ABSOLUTEHEIGHT":"0",
"SIGNPT_TYPE":"Совмещённый VOR/DME",
"OBJTOTEXT":"0",
"MAGVAR":"-4"} },
{"type":"Feature",
"geometry": {"type": "Point","coordinates": [129.451666667,42.883333333] },"properties":{
"id":"RTS.839",
"STATUS":"Действующий",
"DBIDENT":"1818611",
"NAME":"YANJI",
"":"",
"LATITUDE":"425300N",
"LONGITUDE":"1292706E",
"ICAO_REG":"ZY",
"DECLINATION":"-9",
"FREQUENCY":"0",
"ABSOLUTEHEIGHT":"0",
"SIGNPT_TYPE":"Совмещённый VOR/DME",
"OBJTOTEXT":"0",
"MAGVAR":"-9"} },
{"type":"Feature",
"geometry": {"type": "Point","coordinates": [117.215000000,36.833333333] },"properties":{
"id":"RTS.840",
"STATUS":"Действующий",
"DBIDENT":"1818612",
"NAME":"JINAN/YAOQIANG",
"":"",
"LATITUDE":"365000N",
"LONGITUDE":"1171254E",
"ICAO_REG":"ZS",
"DECLINATION":"-6",
"FREQUENCY":"0",
"ABSOLUTEHEIGHT":"0",
"SIGNPT_TYPE":"Совмещённый VOR/DME",
"OBJTOTEXT":"0",
"MAGVAR":"-6"} },
{"type":"Feature",
"geometry": {"type": "Point","coordinates": [113.611666667,22.245000000] },"properties":{
"id":"RTS.841",
"STATUS":"Действующий",
"DBIDENT":"1818614",
"NAME":"JIUZHOU",
"":"",
"LATITUDE":"221442N",
"LONGITUDE":"1133642E",
"ICAO_REG":"VH",
"DECLINATION":"-3",
"FREQUENCY":"0",
"ABSOLUTEHEIGHT":"0",
"SIGNPT_TYPE":"Совмещённый VOR/DME",
"OBJTOTEXT":"0",
"MAGVAR":"-3"} },
{"type":"Feature",
"geometry": {"type": "Point","coordinates": [46.656388889,41.582777778] },"properties":{
"id":"RTS.842",
"STATUS":"Действующий",
"DBIDENT":"1818615",
"NAME":"ZAGATALA",
"DESIGNATOR":"US",
"":"",
"LATITUDE":"413458N",
"LONGITUDE":"0463923E",
"ICAO_REG":"UB",
"DECLINATION":"7",
"FREQUENCY":"0.6",
"ABSOLUTEHEIGHT":"0",
"SIGNPT_TYPE":"Маяк NDB",
"OBJTOTEXT":"0",
"MAGVAR":"7"} },
{"type":"Feature",
"geometry": {"type": "Point","coordinates": [103.755000000,27.323333333] },"properties":{
"id":"RTS.843",
"STATUS":"Действующий",
"DBIDENT":"1818616",
"NAME":"ZHAOTONG",
"":"",
"LATITUDE":"271924N",
"LONGITUDE":"1034518E",
"ICAO_REG":"ZP",
"DECLINATION":"-2",
"FREQUENCY":"0",
"ABSOLUTEHEIGHT":"0",
"SIGNPT_TYPE":"Совмещённый VOR/DME",
"OBJTOTEXT":"0",
"MAGVAR":"-2"} },
{"type":"Feature",
"geometry": {"type": "Point","coordinates": [104.731666667,30.591666667] },"properties":{
"id":"RTS.844",
"STATUS":"Действующий",
"DBIDENT":"1818617",
"NAME":"ZHUGAO",
"":"",
"LATITUDE":"303530N",
"LONGITUDE":"1044354E",
"ICAO_REG":"ZP",
"DECLINATION":"-1.7",
"FREQUENCY":"0",
"ABSOLUTEHEIGHT":"0",
"SIGNPT_TYPE":"Совмещённый VOR/DME",
"OBJTOTEXT":"0",
"MAGVAR":"-2"} },
{"type":"Feature",
"geometry": {"type": "Point","coordinates": [109.708333333,27.450000000] },"properties":{
"id":"RTS.845",
"STATUS":"Действующий",
"DBIDENT":"1818618",
"NAME":"ZHIJIANG",
"":"",
"LATITUDE":"272700N",
"LONGITUDE":"1094230E",
"ICAO_REG":"ZG",
"DECLINATION":"-3",
"FREQUENCY":"0",
"ABSOLUTEHEIGHT":"0",
"SIGNPT_TYPE":"Совмещённый VOR/DME",
"OBJTOTEXT":"0",
"MAGVAR":"-3"} },
{"type":"Feature",
"geometry": {"type": "Point","coordinates": [114.655000000,33.665000000] },"properties":{
"id":"RTS.846",
"STATUS":"Действующий",
"DBIDENT":"1818619",
"NAME":"ZHOUKOU",
"":"",
"LATITUDE":"333954N",
"LONGITUDE":"1143918E",
"ICAO_REG":"ZH",
"DECLINATION":"-4.2",
"FREQUENCY":"0",
"ABSOLUTEHEIGHT":"0",
"SIGNPT_TYPE":"Совмещённый VOR/DME",
"OBJTOTEXT":"0",
"MAGVAR":"-4"} },
{"type":"Feature",
"geometry": {"type": "Point","coordinates": [59.990277778,60.276111111] },"properties":{
"id":"RTS.847",
"STATUS":"Действующий",
"DBIDENT":"1818620",
"NAME":"SEVEROURALSK",
"ALT_NAME":"СЕВЕРОУРАЛЬСК",
"DESIGNATOR":"ZN",
"":"",
"LATITUDE":"601634N",
"LONGITUDE":"0595925E",
"ICAO_REG":"UX",
"":"",
"FREQUENCY":"110.9",
"ABSOLUTEHEIGHT":"270",
"SIGNPT_TYPE":"Дальномер DME",
"OBJTOTEXT":"0"} },
{"type":"Feature",
"geometry": {"type": "Point","coordinates": [108.503333333,34.111666667] },"properties":{
"id":"RTS.848",
"STATUS":"Действующий",
"DBIDENT":"1818622",
"NAME":"ZUAN",
"":"",
"LATITUDE":"340642N",
"LONGITUDE":"1083012E",
"ICAO_REG":"ZL",
"DECLINATION":"-3",
"FREQUENCY":"0",
"ABSOLUTEHEIGHT":"0",
"SIGNPT_TYPE":"Совмещённый VOR/DME",
"OBJTOTEXT":"0",
"MAGVAR":"-3"} },
{"type":"Feature",
"geometry": {"type": "Point","coordinates": [113.466666667,22.221666667] },"properties":{
"id":"RTS.849",
"STATUS":"Действующий",
"DBIDENT":"1818623",
"NAME":"LIANSHENGWEI",
"":"",
"LATITUDE":"221318N",
"LONGITUDE":"1132800E",
"ICAO_REG":"ZG",
"DECLINATION":"-2",
"FREQUENCY":"0",
"ABSOLUTEHEIGHT":"0",
"SIGNPT_TYPE":"Совмещённый VOR/DME",
"OBJTOTEXT":"0",
"MAGVAR":"-2"} },
{"type":"Feature",
"geometry": {"type": "Point","coordinates": [105.125000000,37.573333333] },"properties":{
"id":"RTS.850",
"STATUS":"Действующий",
"DBIDENT":"1818625",
"NAME":"ZHONGWEI",
"":"",
"LATITUDE":"373424N",
"LONGITUDE":"1050730E",
"ICAO_REG":"ZL",
"DECLINATION":"-2.8",
"FREQUENCY":"0",
"ABSOLUTEHEIGHT":"0",
"SIGNPT_TYPE":"Совмещённый VOR/DME",
"OBJTOTEXT":"0",
"MAGVAR":"-3"} },
{"type":"Feature",
"geometry": {"type": "Point","coordinates": [104.671666667,29.940000000] },"properties":{
"id":"RTS.851",
"STATUS":"Действующий",
"DBIDENT":"1818626",
"NAME":"ZIYANG",
"":"",
"LATITUDE":"295624N",
"LONGITUDE":"1044018E",
"ICAO_REG":"ZP",
"DECLINATION":"-1.7",
"FREQUENCY":"0",
"ABSOLUTEHEIGHT":"0",
"SIGNPT_TYPE":"Совмещённый VOR/DME",
"OBJTOTEXT":"0",
"MAGVAR":"-2"} },
{"type":"Feature",
"geometry": {"type": "Point","coordinates": [118.353500000,24.424194444] },"properties":{
"id":"RTS.852",
"STATUS":"Действующий",
"DBIDENT":"1818645",
"NAME":"KINMEN",
"":"",
"LATITUDE":"242527N",
"LONGITUDE":"1182113E",
"ICAO_REG":"RC",
"FREQUENCY":"0",
"ABSOLUTEHEIGHT":"0",
"SIGNPT_TYPE":"Дальномер DME",
"OBJTOTEXT":"0"} },
{"type":"Feature",
"geometry": {"type": "Point","coordinates": [118.369583333,24.431805556] },"properties":{
"id":"RTS.853",
"STATUS":"Действующий",
"DBIDENT":"1818646",
"NAME":"KINMEN",
"":"",
"LATITUDE":"242555N",
"LONGITUDE":"1182210E",
"ICAO_REG":"RC",
"FREQUENCY":"0",
"ABSOLUTEHEIGHT":"0",
"SIGNPT_TYPE":"Дальномер DME",
"OBJTOTEXT":"0"} },
{"type":"Feature",
"geometry": {"type": "Point","coordinates": [71.481750000,51.030833333] },"properties":{
"id":"RTS.854",
"STATUS":"Действующий",
"DBIDENT":"1818651",
"NAME":"ASTANA",
"ALT_NAME":"АСТАНА",
"DESIGNATOR":"IAK",
"":"",
"LATITUDE":"510151N",
"LONGITUDE":"0712854E",
"ICAO_REG":"UA",
"":"",
"FREQUENCY":"333.5",
"ABSOLUTEHEIGHT":"370",
"SIGNPT_TYPE":"Дальномер DME",
"OBJTOTEXT":"0"} },
{"type":"Feature",
"geometry": {"type": "Point","coordinates": [71.453333333,51.012638889] },"properties":{
"id":"RTS.855",
"STATUS":"Действующий",
"DBIDENT":"1818652",
"NAME":"ASTANA",
"ALT_NAME":"АСТАНА",
"DESIGNATOR":"IMO",
"":"",
"LATITUDE":"510046N",
"LONGITUDE":"0712712E",
"ICAO_REG":"UA",
"":"",
"FREQUENCY":"332.6",
"ABSOLUTEHEIGHT":"370",
"SIGNPT_TYPE":"Дальномер DME",
"OBJTOTEXT":"0"} },
{"type":"Feature",
"geometry": {"type": "Point","coordinates": [43.847222222,40.729444444] },"properties":{
"id":"RTS.856",
"STATUS":"Действующий",
"DBIDENT":"1818696",
"NAME":"GYUMRI",
"ALT_NAME":"ГЮМРИ",
"DESIGNATOR":"GRM",
"":"",
"LATITUDE":"404346N",
"LONGITUDE":"0435050E",
"ICAO_REG":"UD",
"DECLINATION":"5",
"FREQUENCY":"113.4",
"ABSOLUTEHEIGHT":"1510",
"SIGNPT_TYPE":"Совмещённый VOR/DME",
"OBJTOTEXT":"0",
"MAGVAR":"5"} },
{"type":"Feature",
"geometry": {"type": "Point","coordinates": [35.317555556,47.875388889] },"properties":{
"id":"RTS.857",
"STATUS":"Действующий",
"DBIDENT":"1818725",
"NAME":"ZAPORIZHZHIA",
"":"",
"LATITUDE":"475231N",
"LONGITUDE":"0351903E",
"ICAO_REG":"UK",
"":"",
"FREQUENCY":"111.5",
"ABSOLUTEHEIGHT":"0",
"SIGNPT_TYPE":"Дальномер DME",
"OBJTOTEXT":"0"} },
{"type":"Feature",
"geometry": {"type": "Point","coordinates": [23.948055556,49.815000000] },"properties":{
"id":"RTS.858",
"STATUS":"Действующий",
"DBIDENT":"1818730",
"NAME":"LVIV",
"":"",
"LATITUDE":"494854N",
"LONGITUDE":"0235653E",
"ICAO_REG":"UK",
"FREQUENCY":"0",
"ABSOLUTEHEIGHT":"0",
"SIGNPT_TYPE":"Дальномер DME",
"OBJTOTEXT":"0"} },
{"type":"Feature",
"geometry": {"type": "Point","coordinates": [23.968333333,49.801388889] },"properties":{
"id":"RTS.859",
"STATUS":"Действующий",
"DBIDENT":"1818731",
"NAME":"LVIV",
"":"",
"LATITUDE":"494805N",
"LONGITUDE":"0235806E",
"ICAO_REG":"UK",
"FREQUENCY":"0",
"ABSOLUTEHEIGHT":"0",
"SIGNPT_TYPE":"Дальномер DME",
"OBJTOTEXT":"0"} },
{"type":"Feature",
"geometry": {"type": "Point","coordinates": [30.669722222,46.426388889] },"properties":{
"id":"RTS.860",
"STATUS":"Действующий",
"DBIDENT":"1818732",
"NAME":"ODESA",
"":"",
"LATITUDE":"462535N",
"LONGITUDE":"0304011E",
"ICAO_REG":"UK",
"DECLINATION":"7",
"FREQUENCY":"114.35",
"ABSOLUTEHEIGHT":"60",
"SIGNPT_TYPE":"Совмещённый VOR/DME",
"OBJTOTEXT":"0",
"MAGVAR":"7"} },
{"type":"Feature",
"geometry": {"type": "Point","coordinates": [74.292500000,71.023333333] },"properties":{
"id":"RTS.861",
"STATUS":"Действующий",
"DBIDENT":"1818788",
"NAME":"UTRENNIY",
"ALT_NAME":"УТРЕННИЙ",
"DESIGNATOR":"UTR",
"":"",
"LATITUDE":"710124N",
"LONGITUDE":"0741733E",
"ICAO_REG":"US",
"DECLINATION":"29",
"FREQUENCY":"110",
"ABSOLUTEHEIGHT":"60",
"SIGNPT_TYPE":"Совмещённый VOR/DME",
"OBJTOTEXT":"0",
"MAGVAR":"29"} },
{"type":"Feature",
"geometry": {"type": "Point","coordinates": [47.898333333,56.705833333] },"properties":{
"id":"RTS.862",
"STATUS":"Действующий",
"DBIDENT":"1818849",
"NAME":"YOSHKAR-OLA",
"ALT_NAME":"ЙОШКАР-ОЛА",
"DESIGNATOR":"IOK",
"":"",
"LATITUDE":"564221N",
"LONGITUDE":"0475354E",
"ICAO_REG":"UX",
"DECLINATION":"14",
"FREQUENCY":"111.8",
"ABSOLUTEHEIGHT":"120",
"SIGNPT_TYPE":"Совмещённый VOR/DME",
"OBJTOTEXT":"0",
"MAGVAR":"14"} },
{"type":"Feature",
"geometry": {"type": "Point","coordinates": [113.930361111,22.305491667] },"properties":{
"id":"RTS.863",
"STATUS":"Действующий",
"DBIDENT":"1818861",
"NAME":"HONG KONG",
"":"",
"LATITUDE":"221820N",
"LONGITUDE":"1135549E",
"ICAO_REG":"VH",
"FREQUENCY":"0",
"ABSOLUTEHEIGHT":"0",
"SIGNPT_TYPE":"Дальномер DME",
"OBJTOTEXT":"0"} },
{"type":"Feature",
"geometry": {"type": "Point","coordinates": [113.902663889,22.296566667] },"properties":{
"id":"RTS.864",
"STATUS":"Действующий",
"DBIDENT":"1818862",
"NAME":"HONG KONG",
"":"",
"LATITUDE":"221748N",
"LONGITUDE":"1135410E",
"ICAO_REG":"VH",
"FREQUENCY":"0",
"ABSOLUTEHEIGHT":"0",
"SIGNPT_TYPE":"Дальномер DME",
"OBJTOTEXT":"0"} },
{"type":"Feature",
"geometry": {"type": "Point","coordinates": [113.926413889,22.321230556] },"properties":{
"id":"RTS.865",
"STATUS":"Действующий",
"DBIDENT":"1818863",
"NAME":"HONG KONG",
"":"",
"LATITUDE":"221916N",
"LONGITUDE":"1135535E",
"ICAO_REG":"VH",
"FREQUENCY":"0",
"ABSOLUTEHEIGHT":"0",
"SIGNPT_TYPE":"Дальномер DME",
"OBJTOTEXT":"0"} },
{"type":"Feature",
"geometry": {"type": "Point","coordinates": [113.910711111,22.331988889] },"properties":{
"id":"RTS.866",
"STATUS":"Действующий",
"DBIDENT":"1818864",
"NAME":"HONG KONG",
"":"",
"LATITUDE":"221955N",
"LONGITUDE":"1135439E",
"ICAO_REG":"VH",
"FREQUENCY":"0",
"ABSOLUTEHEIGHT":"0",
"SIGNPT_TYPE":"Дальномер DME",
"OBJTOTEXT":"0"} },
{"type":"Feature",
"geometry": {"type": "Point","coordinates": [113.900430556,22.312858333] },"properties":{
"id":"RTS.867",
"STATUS":"Действующий",
"DBIDENT":"1818865",
"NAME":"HONG KONG",
"":"",
"LATITUDE":"221846N",
"LONGITUDE":"1135402E",
"ICAO_REG":"VH",
"FREQUENCY":"0",
"ABSOLUTEHEIGHT":"0",
"SIGNPT_TYPE":"Дальномер DME",
"OBJTOTEXT":"0"} },
{"type":"Feature",
"geometry": {"type": "Point","coordinates": [113.884802778,22.323638889] },"properties":{
"id":"RTS.868",
"STATUS":"Действующий",
"DBIDENT":"1818866",
"NAME":"HONG KONG",
"":"",
"LATITUDE":"221925N",
"LONGITUDE":"1135305E",
"ICAO_REG":"VH",
"FREQUENCY":"0",
"ABSOLUTEHEIGHT":"0",
"SIGNPT_TYPE":"Дальномер DME",
"OBJTOTEXT":"0"} },
{"type":"Feature",
"geometry": {"type": "Point","coordinates": [113.595555556,22.141111111] },"properties":{
"id":"RTS.869",
"STATUS":"Действующий",
"DBIDENT":"1818867",
"NAME":"MACAU",
"":"",
"LATITUDE":"220828N",
"LONGITUDE":"1133544E",
"ICAO_REG":"VM",
"FREQUENCY":"0",
"ABSOLUTEHEIGHT":"0",
"SIGNPT_TYPE":"Дальномер DME",
"OBJTOTEXT":"0"} },
{"type":"Feature",
"geometry": {"type": "Point","coordinates": [113.548333333,22.161111111] },"properties":{
"id":"RTS.870",
"STATUS":"Действующий",
"DBIDENT":"1818868",
"NAME":"MACAU",
"":"",
"LATITUDE":"220940N",
"LONGITUDE":"1133254E",
"ICAO_REG":"VM",
"FREQUENCY":"0",
"ABSOLUTEHEIGHT":"0",
"SIGNPT_TYPE":"Дальномер DME",
"OBJTOTEXT":"0"} },
{"type":"Feature",
"geometry": {"type": "Point","coordinates": [116.570000000,40.098333333] },"properties":{
"id":"RTS.871",
"STATUS":"Действующий",
"DBIDENT":"1818869",
"NAME":"BEIJING/CAPITAL",
"":"",
"LATITUDE":"400554N",
"LONGITUDE":"1163412E",
"ICAO_REG":"ZB",
"FREQUENCY":"0",
"ABSOLUTEHEIGHT":"0",
"SIGNPT_TYPE":"Дальномер DME",
"OBJTOTEXT":"0"} },
{"type":"Feature",
"geometry": {"type": "Point","coordinates": [116.616666667,40.063333333] },"properties":{
"id":"RTS.872",
"STATUS":"Действующий",
"DBIDENT":"1818870",
"NAME":"BEIJING/CAPITAL",
"":"",
"LATITUDE":"400348N",
"LONGITUDE":"1163700E",
"ICAO_REG":"ZB",
"FREQUENCY":"0",
"ABSOLUTEHEIGHT":"0",
"SIGNPT_TYPE":"Дальномер DME",
"OBJTOTEXT":"0"} },
{"type":"Feature",
"geometry": {"type": "Point","coordinates": [116.615000000,40.091666667] },"properties":{
"id":"RTS.873",
"STATUS":"Действующий",
"DBIDENT":"1818871",
"NAME":"BEIJING/CAPITAL",
"":"",
"LATITUDE":"400530N",
"LONGITUDE":"1163654E",
"ICAO_REG":"ZB",
"FREQUENCY":"0",
"ABSOLUTEHEIGHT":"0",
"SIGNPT_TYPE":"Дальномер DME",
"OBJTOTEXT":"0"} },
{"type":"Feature",
"geometry": {"type": "Point","coordinates": [116.470222222,39.508686111] },"properties":{
"id":"RTS.874",
"STATUS":"Действующий",
"DBIDENT":"1818872",
"NAME":"BEIJING/DAXING",
"":"",
"LATITUDE":"393031N",
"LONGITUDE":"1162813E",
"ICAO_REG":"ZB",
"FREQUENCY":"0",
"ABSOLUTEHEIGHT":"0",
"SIGNPT_TYPE":"Дальномер DME",
"OBJTOTEXT":"0"} },
{"type":"Feature",
"geometry": {"type": "Point","coordinates": [116.432275000,39.474305556] },"properties":{
"id":"RTS.875",
"STATUS":"Действующий",
"DBIDENT":"1818873",
"NAME":"BEIJING/DAXING",
"":"",
"LATITUDE":"392828N",
"LONGITUDE":"1162556E",
"ICAO_REG":"ZB",
"FREQUENCY":"0",
"ABSOLUTEHEIGHT":"0",
"SIGNPT_TYPE":"Дальномер DME",
"OBJTOTEXT":"0"} },
{"type":"Feature",
"geometry": {"type": "Point","coordinates": [116.428408333,39.498836111] },"properties":{
"id":"RTS.876",
"STATUS":"Действующий",
"DBIDENT":"1818874",
"NAME":"BEIJING/DAXING",
"":"",
"LATITUDE":"392956N",
"LONGITUDE":"1162542E",
"ICAO_REG":"ZB",
"FREQUENCY":"0",
"ABSOLUTEHEIGHT":"0",
"SIGNPT_TYPE":"Дальномер DME",
"OBJTOTEXT":"0"} },
{"type":"Feature",
"geometry": {"type": "Point","coordinates": [116.395163889,39.514880556] },"properties":{
"id":"RTS.877",
"STATUS":"Действующий",
"DBIDENT":"1818875",
"NAME":"BEIJING/DAXING",
"":"",
"LATITUDE":"393054N",
"LONGITUDE":"1162343E",
"ICAO_REG":"ZB",
"FREQUENCY":"0",
"ABSOLUTEHEIGHT":"0",
"SIGNPT_TYPE":"Дальномер DME",
"OBJTOTEXT":"0"} },
{"type":"Feature",
"geometry": {"type": "Point","coordinates": [116.389175000,39.514341667] },"properties":{
"id":"RTS.878",
"STATUS":"Действующий",
"DBIDENT":"1818876",
"NAME":"BEIJING/DAXING",
"":"",
"LATITUDE":"393052N",
"LONGITUDE":"1162321E",
"ICAO_REG":"ZB",
"FREQUENCY":"0",
"ABSOLUTEHEIGHT":"0",
"SIGNPT_TYPE":"Дальномер DME",
"OBJTOTEXT":"0"} },
{"type":"Feature",
"geometry": {"type": "Point","coordinates": [116.399616667,39.486625000] },"properties":{
"id":"RTS.879",
"STATUS":"Действующий",
"DBIDENT":"1818877",
"NAME":"BEIJING/DAXING",
"":"",
"LATITUDE":"392912N",
"LONGITUDE":"1162359E",
"ICAO_REG":"ZB",
"FREQUENCY":"0",
"ABSOLUTEHEIGHT":"0",
"SIGNPT_TYPE":"Дальномер DME",
"OBJTOTEXT":"0"} },
{"type":"Feature",
"geometry": {"type": "Point","coordinates": [116.393652778,39.486066667] },"properties":{
"id":"RTS.880",
"STATUS":"Действующий",
"DBIDENT":"1818878",
"NAME":"BEIJING/DAXING",
"":"",
"LATITUDE":"392910N",
"LONGITUDE":"1162337E",
"ICAO_REG":"ZB",
"FREQUENCY":"0",
"ABSOLUTEHEIGHT":"0",
"SIGNPT_TYPE":"Дальномер DME",
"OBJTOTEXT":"0"} },
{"type":"Feature",
"geometry": {"type": "Point","coordinates": [119.072244444,39.670000000] },"properties":{
"id":"RTS.881",
"STATUS":"Действующий",
"DBIDENT":"1818879",
"NAME":"QINHUANGDAO",
"":"",
"LATITUDE":"394012N",
"LONGITUDE":"1190420E",
"ICAO_REG":"ZB",
"FREQUENCY":"0",
"ABSOLUTEHEIGHT":"0",
"SIGNPT_TYPE":"Дальномер DME",
"OBJTOTEXT":"0"} },
{"type":"Feature",
"geometry": {"type": "Point","coordinates": [109.846586111,39.498891667] },"properties":{
"id":"RTS.882",
"STATUS":"Действующий",
"DBIDENT":"1818880",
"NAME":"ORDOS",
"":"",
"LATITUDE":"392956N",
"LONGITUDE":"1095048E",
"ICAO_REG":"ZB",
"FREQUENCY":"0",
"ABSOLUTEHEIGHT":"0",
"SIGNPT_TYPE":"Дальномер DME",
"OBJTOTEXT":"0"} },
{"type":"Feature",
"geometry": {"type": "Point","coordinates": [109.871438889,39.486477778] },"properties":{
"id":"RTS.883",
"STATUS":"Действующий",
"DBIDENT":"1818881",
"NAME":"ORDOS",
"":"",
"LATITUDE":"392911N",
"LONGITUDE":"1095217E",
"ICAO_REG":"ZB",
"FREQUENCY":"0",
"ABSOLUTEHEIGHT":"0",
"SIGNPT_TYPE":"Дальномер DME",
"OBJTOTEXT":"0"} },
{"type":"Feature",
"geometry": {"type": "Point","coordinates": [112.101466667,43.420258333] },"properties":{
"id":"RTS.884",
"STATUS":"Действующий",
"DBIDENT":"1818882",
"NAME":"ERENHOT",
"":"",
"LATITUDE":"432513N",
"LONGITUDE":"1120605E",
"ICAO_REG":"ZB",
"FREQUENCY":"0",
"ABSOLUTEHEIGHT":"0",
"SIGNPT_TYPE":"Дальномер DME",
"OBJTOTEXT":"0"} },
{"type":"Feature",
"geometry": {"type": "Point","coordinates": [111.807963889,40.844694444] },"properties":{
"id":"RTS.885",
"STATUS":"Действующий",
"DBIDENT":"1818883",
"NAME":"HOHHOT/BAITA",
"":"",
"LATITUDE":"405041N",
"LONGITUDE":"1114829E",
"ICAO_REG":"ZB",
"FREQUENCY":"0",
"ABSOLUTEHEIGHT":"0",
"SIGNPT_TYPE":"Дальномер DME",
"OBJTOTEXT":"0"} },
{"type":"Feature",
"geometry": {"type": "Point","coordinates": [111.841547222,40.852488889] },"properties":{
"id":"RTS.886",
"STATUS":"Действующий",
"DBIDENT":"1818884",
"NAME":"HOHHOT/BAITA",
"":"",
"LATITUDE":"405109N",
"LONGITUDE":"1115030E",
"ICAO_REG":"ZB",
"FREQUENCY":"0",
"ABSOLUTEHEIGHT":"0",
"SIGNPT_TYPE":"Дальномер DME",
"OBJTOTEXT":"0"} },
{"type":"Feature",
"geometry": {"type": "Point","coordinates": [117.317119444,49.566944444] },"properties":{
"id":"RTS.887",
"STATUS":"Действующий",
"DBIDENT":"1818885",
"NAME":"MANZHOULI/XIJIAO",
"":"",
"LATITUDE":"493401N",
"LONGITUDE":"1171902E",
"ICAO_REG":"ZY",
"FREQUENCY":"0",
"ABSOLUTEHEIGHT":"0",
"SIGNPT_TYPE":"Дальномер DME",
"OBJTOTEXT":"0"} },
{"type":"Feature",
"geometry": {"type": "Point","coordinates": [117.345605556,49.561544444] },"properties":{
"id":"RTS.888",
"STATUS":"Действующий",
"DBIDENT":"1818886",
"NAME":"MANZHOULI/XIJIAO",
"":"",
"LATITUDE":"493342N",
"LONGITUDE":"1172044E",
"ICAO_REG":"ZY",
"FREQUENCY":"0",
"ABSOLUTEHEIGHT":"0",
"SIGNPT_TYPE":"Дальномер DME",
"OBJTOTEXT":"0"} },
{"type":"Feature",
"geometry": {"type": "Point","coordinates": [110.010913889,40.552927778] },"properties":{
"id":"RTS.889",
"STATUS":"Действующий",
"DBIDENT":"1818887",
"NAME":"BAOTOU",
"":"",
"LATITUDE":"403311N",
"LONGITUDE":"1100039E",
"ICAO_REG":"ZB",
"FREQUENCY":"0",
"ABSOLUTEHEIGHT":"0",
"SIGNPT_TYPE":"Дальномер DME",
"OBJTOTEXT":"0"} },
{"type":"Feature",
"geometry": {"type": "Point","coordinates": [114.706897222,38.270833333] },"properties":{
"id":"RTS.890",
"STATUS":"Действующий",
"DBIDENT":"1818888",
"NAME":"SHIJIAZHUANG/ZHENGDING",
"":"",
"LATITUDE":"381615N",
"LONGITUDE":"1144225E",
"ICAO_REG":"ZB",
"FREQUENCY":"0",
"ABSOLUTEHEIGHT":"0",
"SIGNPT_TYPE":"Дальномер DME",
"OBJTOTEXT":"0"} },
{"type":"Feature",
"geometry": {"type": "Point","coordinates": [114.709277778,38.291794444] },"properties":{
"id":"RTS.891",
"STATUS":"Действующий",
"DBIDENT":"1818889",
"NAME":"SHIJIAZHUANG/ZHENGDING",
"":"",
"LATITUDE":"381730N",
"LONGITUDE":"1144233E",
"ICAO_REG":"ZB",
"FREQUENCY":"0",
"ABSOLUTEHEIGHT":"0",
"SIGNPT_TYPE":"Дальномер DME",
"OBJTOTEXT":"0"} },
{"type":"Feature",
"geometry": {"type": "Point","coordinates": [117.351163889,39.113463889] },"properties":{
"id":"RTS.892",
"STATUS":"Действующий",
"DBIDENT":"1818890",
"NAME":"TIANJIN",
"":"",
"LATITUDE":"390648N",
"LONGITUDE":"1172104E",
"ICAO_REG":"ZB",
"FREQUENCY":"0",
"ABSOLUTEHEIGHT":"0",
"SIGNPT_TYPE":"Дальномер DME",
"OBJTOTEXT":"0"} },
{"type":"Feature",
"geometry": {"type": "Point","coordinates": [117.365388889,39.139452778] },"properties":{
"id":"RTS.893",
"STATUS":"Действующий",
"DBIDENT":"1818891",
"NAME":"TIANJIN",
"":"",
"LATITUDE":"390822N",
"LONGITUDE":"1172155E",
"ICAO_REG":"ZB",
"FREQUENCY":"0",
"ABSOLUTEHEIGHT":"0",
"SIGNPT_TYPE":"Дальномер DME",
"OBJTOTEXT":"0"} },
{"type":"Feature",
"geometry": {"type": "Point","coordinates": [117.338516667,39.134155556] },"properties":{
"id":"RTS.894",
"STATUS":"Действующий",
"DBIDENT":"1818892",
"NAME":"TIANJIN",
"":"",
"LATITUDE":"390803N",
"LONGITUDE":"1172019E",
"ICAO_REG":"ZB",
"FREQUENCY":"0",
"ABSOLUTEHEIGHT":"0",
"SIGNPT_TYPE":"Дальномер DME",
"OBJTOTEXT":"0"} },
{"type":"Feature",
"geometry": {"type": "Point","coordinates": [117.378233333,39.118386111] },"properties":{
"id":"RTS.895",
"STATUS":"Действующий",
"DBIDENT":"1818893",
"NAME":"TIANJIN",
"":"",
"LATITUDE":"390706N",
"LONGITUDE":"1172242E",
"ICAO_REG":"ZB",
"FREQUENCY":"0",
"ABSOLUTEHEIGHT":"0",
"SIGNPT_TYPE":"Дальномер DME",
"OBJTOTEXT":"0"} },
{"type":"Feature",
"geometry": {"type": "Point","coordinates": [112.642911111,37.736880556] },"properties":{
"id":"RTS.896",
"STATUS":"Действующий",
"DBIDENT":"1818894",
"NAME":"TAIYUAN/WUSU",
"":"",
"LATITUDE":"374413N",
"LONGITUDE":"1123834E",
"ICAO_REG":"ZB",
"FREQUENCY":"0",
"ABSOLUTEHEIGHT":"0",
"SIGNPT_TYPE":"Дальномер DME",
"OBJTOTEXT":"0"} },
{"type":"Feature",
"geometry": {"type": "Point","coordinates": [112.616161111,37.752930556] },"properties":{
"id":"RTS.897",
"STATUS":"Действующий",
"DBIDENT":"1818895",
"NAME":"TAIYUAN/WUSU",
"":"",
"LATITUDE":"374511N",
"LONGITUDE":"1123658E",
"ICAO_REG":"ZB",
"FREQUENCY":"0",
"ABSOLUTEHEIGHT":"0",
"SIGNPT_TYPE":"Дальномер DME",
"OBJTOTEXT":"0"} },
{"type":"Feature",
"geometry": {"type": "Point","coordinates": [110.453952778,29.104327778] },"properties":{
"id":"RTS.898",
"STATUS":"Действующий",
"DBIDENT":"1818896",
"NAME":"ZHANGJIAJIE",
"":"",
"LATITUDE":"290616N",
"LONGITUDE":"1102714E",
"ICAO_REG":"ZG",
"FREQUENCY":"0",
"ABSOLUTEHEIGHT":"0",
"SIGNPT_TYPE":"Дальномер DME",
"OBJTOTEXT":"0"} },
{"type":"Feature",
"geometry": {"type": "Point","coordinates": [110.434113889,29.099733333] },"properties":{
"id":"RTS.899",
"STATUS":"Действующий",
"DBIDENT":"1818897",
"NAME":"ZHANGJIAJIE",
"":"",
"LATITUDE":"290559N",
"LONGITUDE":"1102603E",
"ICAO_REG":"ZG",
"FREQUENCY":"0",
"ABSOLUTEHEIGHT":"0",
"SIGNPT_TYPE":"Дальномер DME",
"OBJTOTEXT":"0"} },
{"type":"Feature",
"geometry": {"type": "Point","coordinates": [113.314302778,23.403963889] },"properties":{
"id":"RTS.900",
"STATUS":"Действующий",
"DBIDENT":"1818898",
"NAME":"GUANGZHOU/BAIYUN",
"":"",
"LATITUDE":"232414N",
"LONGITUDE":"1131851E",
"ICAO_REG":"ZG",
"FREQUENCY":"0",
"ABSOLUTEHEIGHT":"0",
"SIGNPT_TYPE":"Дальномер DME",
"OBJTOTEXT":"0"} },
{"type":"Feature",
"geometry": {"type": "Point","coordinates": [113.307305556,23.378188889] },"properties":{
"id":"RTS.901",
"STATUS":"Действующий",
"DBIDENT":"1818899",
"NAME":"GUANGZHOU/BAIYUN",
"":"",
"LATITUDE":"232241N",
"LONGITUDE":"1131826E",
"ICAO_REG":"ZG",
"FREQUENCY":"0",
"ABSOLUTEHEIGHT":"0",
"SIGNPT_TYPE":"Дальномер DME",
"OBJTOTEXT":"0"} },
{"type":"Feature",
"geometry": {"type": "Point","coordinates": [113.309661111,23.371925000] },"properties":{
"id":"RTS.902",
"STATUS":"Действующий",
"DBIDENT":"1818900",
"NAME":"GUANGZHOU/BAIYUN",
"":"",
"LATITUDE":"232219N",
"LONGITUDE":"1131835E",
"ICAO_REG":"ZG",
"FREQUENCY":"0",
"ABSOLUTEHEIGHT":"0",
"SIGNPT_TYPE":"Дальномер DME",
"OBJTOTEXT":"0"} },
{"type":"Feature",
"geometry": {"type": "Point","coordinates": [113.283030556,23.380088889] },"properties":{
"id":"RTS.903",
"STATUS":"Действующий",
"DBIDENT":"1818901",
"NAME":"GUANGZHOU/BAIYUN",
"":"",
"LATITUDE":"232248N",
"LONGITUDE":"1131659E",
"ICAO_REG":"ZG",
"FREQUENCY":"0",
"ABSOLUTEHEIGHT":"0",
"SIGNPT_TYPE":"Дальномер DME",
"OBJTOTEXT":"0"} },
{"type":"Feature",
"geometry": {"type": "Point","coordinates": [113.289980556,23.405861111] },"properties":{
"id":"RTS.904",
"STATUS":"Действующий",
"DBIDENT":"1818902",
"NAME":"GUANGZHOU/BAIYUN",
"":"",
"LATITUDE":"232421N",
"LONGITUDE":"1131724E",
"ICAO_REG":"ZG",
"FREQUENCY":"0",
"ABSOLUTEHEIGHT":"0",
"SIGNPT_TYPE":"Дальномер DME",
"OBJTOTEXT":"0"} },
{"type":"Feature",
"geometry": {"type": "Point","coordinates": [113.317194444,23.399750000] },"properties":{
"id":"RTS.905",
"STATUS":"Действующий",
"DBIDENT":"1818903",
"NAME":"GUANGZHOU/BAIYUN",
"":"",
"LATITUDE":"232359N",
"LONGITUDE":"1131902E",
"ICAO_REG":"ZG",
"FREQUENCY":"0",
"ABSOLUTEHEIGHT":"0",
"SIGNPT_TYPE":"Дальномер DME",
"OBJTOTEXT":"0"} },
{"type":"Feature",
"geometry": {"type": "Point","coordinates": [113.225608333,28.177216667] },"properties":{
"id":"RTS.906",
"STATUS":"Действующий",
"DBIDENT":"1818904",
"NAME":"CHANGSHA/HUANGHUA",
"":"",
"LATITUDE":"281038N",
"LONGITUDE":"1131332E",
"ICAO_REG":"ZG",
"FREQUENCY":"0",
"ABSOLUTEHEIGHT":"0",
"SIGNPT_TYPE":"Дальномер DME",
"OBJTOTEXT":"0"} },
{"type":"Feature",
"geometry": {"type": "Point","coordinates": [113.223891667,28.206225000] },"properties":{
"id":"RTS.907",
"STATUS":"Действующий",
"DBIDENT":"1818905",
"NAME":"CHANGSHA/HUANGHUA",
"":"",
"LATITUDE":"281222N",
"LONGITUDE":"1131326E",
"ICAO_REG":"ZG",
"FREQUENCY":"0",
"ABSOLUTEHEIGHT":"0",
"SIGNPT_TYPE":"Дальномер DME",
"OBJTOTEXT":"0"} },
{"type":"Feature",
"geometry": {"type": "Point","coordinates": [113.220188889,28.203277778] },"properties":{
"id":"RTS.908",
"STATUS":"Действующий",
"DBIDENT":"1818906",
"NAME":"CHANGSHA/HUANGHUA",
"":"",
"LATITUDE":"281212N",
"LONGITUDE":"1131313E",
"ICAO_REG":"ZG",
"FREQUENCY":"0",
"ABSOLUTEHEIGHT":"0",
"SIGNPT_TYPE":"Дальномер DME",
"OBJTOTEXT":"0"} },
{"type":"Feature",
"geometry": {"type": "Point","coordinates": [110.037172222,25.208911111] },"properties":{
"id":"RTS.909",
"STATUS":"Действующий",
"DBIDENT":"1818907",
"NAME":"GUILIN",
"":"",
"LATITUDE":"251232N",
"LONGITUDE":"1100214E",
"ICAO_REG":"ZG",
"FREQUENCY":"0",
"ABSOLUTEHEIGHT":"0",
"SIGNPT_TYPE":"Дальномер DME",
"OBJTOTEXT":"0"} },
{"type":"Feature",
"geometry": {"type": "Point","coordinates": [110.039327778,25.231466667] },"properties":{
"id":"RTS.910",
"STATUS":"Действующий",
"DBIDENT":"1818908",
"NAME":"GUILIN",
"":"",
"LATITUDE":"251353N",
"LONGITUDE":"1100222E",
"ICAO_REG":"ZG",
"FREQUENCY":"0",
"ABSOLUTEHEIGHT":"0",
"SIGNPT_TYPE":"Дальномер DME",
"OBJTOTEXT":"0"} },
{"type":"Feature",
"geometry": {"type": "Point","coordinates": [116.092527778,24.256313889] },"properties":{
"id":"RTS.911",
"STATUS":"Действующий",
"DBIDENT":"1818909",
"NAME":"MEIXIAN/CHANGGANGJI",
"":"",
"LATITUDE":"241523N",
"LONGITUDE":"1160533E",
"ICAO_REG":"ZG",
"FREQUENCY":"0",
"ABSOLUTEHEIGHT":"0",
"SIGNPT_TYPE":"Дальномер DME",
"OBJTOTEXT":"0"} },
{"type":"Feature",
"geometry": {"type": "Point","coordinates": [108.185638889,22.615816667] },"properties":{
"id":"RTS.912",
"STATUS":"Действующий",
"DBIDENT":"1818910",
"NAME":"NANNING/WUXU",
"":"",
"LATITUDE":"223657N",
"LONGITUDE":"1081108E",
"ICAO_REG":"ZG",
"FREQUENCY":"0",
"ABSOLUTEHEIGHT":"0",
"SIGNPT_TYPE":"Дальномер DME",
"OBJTOTEXT":"0"} },
{"type":"Feature",
"geometry": {"type": "Point","coordinates": [108.167375000,22.599930556] },"properties":{
"id":"RTS.913",
"STATUS":"Действующий",
"DBIDENT":"1818911",
"NAME":"NANNING/WUXU",
"":"",
"LATITUDE":"223600N",
"LONGITUDE":"1081003E",
"ICAO_REG":"ZG",
"FREQUENCY":"0",
"ABSOLUTEHEIGHT":"0",
"SIGNPT_TYPE":"Дальномер DME",
"OBJTOTEXT":"0"} },
{"type":"Feature",
"geometry": {"type": "Point","coordinates": [116.511891667,23.562877778] },"properties":{
"id":"RTS.914",
"STATUS":"Действующий",
"DBIDENT":"1818912",
"NAME":"JIEYANG/CHAOSHAN",
"":"",
"LATITUDE":"233346N",
"LONGITUDE":"1163043E",
"ICAO_REG":"ZG",
"FREQUENCY":"0",
"ABSOLUTEHEIGHT":"0",
"SIGNPT_TYPE":"Дальномер DME",
"OBJTOTEXT":"0"} },
{"type":"Feature",
"geometry": {"type": "Point","coordinates": [116.495972222,23.545388889] },"properties":{
"id":"RTS.915",
"STATUS":"Действующий",
"DBIDENT":"1818913",
"NAME":"JIEYANG/CHAOSHAN",
"":"",
"LATITUDE":"233243N",
"LONGITUDE":"1162945E",
"ICAO_REG":"ZG",
"FREQUENCY":"0",
"ABSOLUTEHEIGHT":"0",
"SIGNPT_TYPE":"Дальномер DME",
"OBJTOTEXT":"0"} },
{"type":"Feature",
"geometry": {"type": "Point","coordinates": [113.389008333,22.016763889] },"properties":{
"id":"RTS.916",
"STATUS":"Действующий",
"DBIDENT":"1818914",
"NAME":"ZHUHAI",
"":"",
"LATITUDE":"220100N",
"LONGITUDE":"1132320E",
"ICAO_REG":"VH",
"FREQUENCY":"0",
"ABSOLUTEHEIGHT":"0",
"SIGNPT_TYPE":"Дальномер DME",
"OBJTOTEXT":"0"} },
{"type":"Feature",
"geometry": {"type": "Point","coordinates": [113.366016667,21.995152778] },"properties":{
"id":"RTS.917",
"STATUS":"Действующий",
"DBIDENT":"1818915",
"NAME":"ZHUHAI",
"":"",
"LATITUDE":"215943N",
"LONGITUDE":"1132158E",
"ICAO_REG":"VH",
"FREQUENCY":"0",
"ABSOLUTEHEIGHT":"0",
"SIGNPT_TYPE":"Дальномер DME",
"OBJTOTEXT":"0"} },
{"type":"Feature",
"geometry": {"type": "Point","coordinates": [113.799188889,22.625925000] },"properties":{
"id":"RTS.918",
"STATUS":"Действующий",
"DBIDENT":"1818916",
"NAME":"SHENZHEN",
"":"",
"LATITUDE":"223733N",
"LONGITUDE":"1134757E",
"ICAO_REG":"ZG",
"FREQUENCY":"0",
"ABSOLUTEHEIGHT":"0",
"SIGNPT_TYPE":"Дальномер DME",
"OBJTOTEXT":"0"} },
{"type":"Feature",
"geometry": {"type": "Point","coordinates": [113.817802778,22.628611111] },"properties":{
"id":"RTS.919",
"STATUS":"Действующий",
"DBIDENT":"1818917",
"NAME":"SHENZHEN",
"":"",
"LATITUDE":"223743N",
"LONGITUDE":"1134904E",
"ICAO_REG":"ZG",
"FREQUENCY":"0",
"ABSOLUTEHEIGHT":"0",
"SIGNPT_TYPE":"Дальномер DME",
"OBJTOTEXT":"0"} },
{"type":"Feature",
"geometry": {"type": "Point","coordinates": [113.805541667,22.600969444] },"properties":{
"id":"RTS.920",
"STATUS":"Действующий",
"DBIDENT":"1818918",
"NAME":"SHENZHEN",
"":"",
"LATITUDE":"223603N",
"LONGITUDE":"1134820E",
"ICAO_REG":"ZG",
"FREQUENCY":"0",
"ABSOLUTEHEIGHT":"0",
"SIGNPT_TYPE":"Дальномер DME",
"OBJTOTEXT":"0"} },
{"type":"Feature",
"geometry": {"type": "Point","coordinates": [113.785341667,22.651358333] },"properties":{
"id":"RTS.921",
"STATUS":"Действующий",
"DBIDENT":"1818919",
"NAME":"SHENZHEN",
"":"",
"LATITUDE":"223905N",
"LONGITUDE":"1134707E",
"ICAO_REG":"ZG",
"FREQUENCY":"0",
"ABSOLUTEHEIGHT":"0",
"SIGNPT_TYPE":"Дальномер DME",
"OBJTOTEXT":"0"} },
{"type":"Feature",
"geometry": {"type": "Point","coordinates": [109.394205556,24.199772222] },"properties":{
"id":"RTS.922",
"STATUS":"Действующий",
"DBIDENT":"1818920",
"NAME":"LIUZHOU/BAILIAN",
"":"",
"LATITUDE":"241159N",
"LONGITUDE":"1092339E",
"ICAO_REG":"ZG",
"FREQUENCY":"0",
"ABSOLUTEHEIGHT":"0",
"SIGNPT_TYPE":"Дальномер DME",
"OBJTOTEXT":"0"} },
{"type":"Feature",
"geometry": {"type": "Point","coordinates": [113.854730556,34.513508333] },"properties":{
"id":"RTS.923",
"STATUS":"Действующий",
"DBIDENT":"1818921",
"NAME":"ZHENGZHOU",
"":"",
"LATITUDE":"343049N",
"LONGITUDE":"1135117E",
"ICAO_REG":"ZH",
"FREQUENCY":"0",
"ABSOLUTEHEIGHT":"0",
"SIGNPT_TYPE":"Дальномер DME",
"OBJTOTEXT":"0"} },
{"type":"Feature",
"geometry": {"type": "Point","coordinates": [113.826686111,34.523080556] },"properties":{
"id":"RTS.924",
"STATUS":"Действующий",
"DBIDENT":"1818922",
"NAME":"ZHENGZHOU",
"":"",
"LATITUDE":"343123N",
"LONGITUDE":"1134936E",
"ICAO_REG":"ZH",
"FREQUENCY":"0",
"ABSOLUTEHEIGHT":"0",
"SIGNPT_TYPE":"Дальномер DME",
"OBJTOTEXT":"0"} },
{"type":"Feature",
"geometry": {"type": "Point","coordinates": [113.844502778,34.539308333] },"properties":{
"id":"RTS.925",
"STATUS":"Действующий",
"DBIDENT":"1818923",
"NAME":"ZHENGZHOU",
"":"",
"LATITUDE":"343222N",
"LONGITUDE":"1135040E",
"ICAO_REG":"ZH",
"FREQUENCY":"0",
"ABSOLUTEHEIGHT":"0",
"SIGNPT_TYPE":"Дальномер DME",
"OBJTOTEXT":"0"} },
{"type":"Feature",
"geometry": {"type": "Point","coordinates": [113.874000000,34.529272222] },"properties":{
"id":"RTS.926",
"STATUS":"Действующий",
"DBIDENT":"1818924",
"NAME":"ZHENGZHOU",
"":"",
"LATITUDE":"343145N",
"LONGITUDE":"1135226E",
"ICAO_REG":"ZH",
"FREQUENCY":"0",
"ABSOLUTEHEIGHT":"0",
"SIGNPT_TYPE":"Дальномер DME",
"OBJTOTEXT":"0"} },
{"type":"Feature",
"geometry": {"type": "Point","coordinates": [114.197419444,30.774827778] },"properties":{
"id":"RTS.927",
"STATUS":"Действующий",
"DBIDENT":"1818925",
"NAME":"WUHAN/TIANHE",
"":"",
"LATITUDE":"304629N",
"LONGITUDE":"1141151E",
"ICAO_REG":"ZH",
"FREQUENCY":"0",
"ABSOLUTEHEIGHT":"0",
"SIGNPT_TYPE":"Дальномер DME",
"OBJTOTEXT":"0"} },
{"type":"Feature",
"geometry": {"type": "Point","coordinates": [114.216822222,30.793822222] },"properties":{
"id":"RTS.928",
"STATUS":"Действующий",
"DBIDENT":"1818926",
"NAME":"WUHAN/TIANHE",
"":"",
"LATITUDE":"304738N",
"LONGITUDE":"1141301E",
"ICAO_REG":"ZH",
"FREQUENCY":"0",
"ABSOLUTEHEIGHT":"0",
"SIGNPT_TYPE":"Дальномер DME",
"OBJTOTEXT":"0"} },
{"type":"Feature",
"geometry": {"type": "Point","coordinates": [114.234333333,30.779150000] },"properties":{
"id":"RTS.929",
"STATUS":"Действующий",
"DBIDENT":"1818927",
"NAME":"WUHAN/TIANHE",
"":"",
"LATITUDE":"304645N",
"LONGITUDE":"1141404E",
"ICAO_REG":"ZH",
"FREQUENCY":"0",
"ABSOLUTEHEIGHT":"0",
"SIGNPT_TYPE":"Дальномер DME",
"OBJTOTEXT":"0"} },
{"type":"Feature",
"geometry": {"type": "Point","coordinates": [114.213569444,30.758805556] },"properties":{
"id":"RTS.930",
"STATUS":"Действующий",
"DBIDENT":"1818928",
"NAME":"WUHAN/TIANHE",
"":"",
"LATITUDE":"304532N",
"LONGITUDE":"1141249E",
"ICAO_REG":"ZH",
"FREQUENCY":"0",
"ABSOLUTEHEIGHT":"0",
"SIGNPT_TYPE":"Дальномер DME",
"OBJTOTEXT":"0"} },
{"type":"Feature",
"geometry": {"type": "Point","coordinates": [111.473736111,30.563122222] },"properties":{
"id":"RTS.931",
"STATUS":"Действующий",
"DBIDENT":"1818929",
"NAME":"YICHANG/SANXIA",
"":"",
"LATITUDE":"303347N",
"LONGITUDE":"1112825E",
"ICAO_REG":"ZH",
"FREQUENCY":"0",
"ABSOLUTEHEIGHT":"0",
"SIGNPT_TYPE":"Дальномер DME",
"OBJTOTEXT":"0"} },
{"type":"Feature",
"geometry": {"type": "Point","coordinates": [110.445233333,19.933491667] },"properties":{
"id":"RTS.932",
"STATUS":"Действующий",
"DBIDENT":"1818930",
"NAME":"HAIKOU/MEILAN",
"":"",
"LATITUDE":"195601N",
"LONGITUDE":"1102643E",
"ICAO_REG":"ZJ",
"FREQUENCY":"0",
"ABSOLUTEHEIGHT":"0",
"SIGNPT_TYPE":"Дальномер DME",
"OBJTOTEXT":"0"} },
{"type":"Feature",
"geometry": {"type": "Point","coordinates": [110.451230556,19.954725000] },"properties":{
"id":"RTS.933",
"STATUS":"Действующий",
"DBIDENT":"1818931",
"NAME":"HAIKOU/MEILAN",
"":"",
"LATITUDE":"195717N",
"LONGITUDE":"1102704E",
"ICAO_REG":"ZJ",
"FREQUENCY":"0",
"ABSOLUTEHEIGHT":"0",
"SIGNPT_TYPE":"Дальномер DME",
"OBJTOTEXT":"0"} },
{"type":"Feature",
"geometry": {"type": "Point","coordinates": [110.472841667,19.933602778] },"properties":{
"id":"RTS.934",
"STATUS":"Действующий",
"DBIDENT":"1818932",
"NAME":"HAIKOU/MEILAN",
"":"",
"LATITUDE":"195601N",
"LONGITUDE":"1102822E",
"ICAO_REG":"ZJ",
"FREQUENCY":"0",
"ABSOLUTEHEIGHT":"0",
"SIGNPT_TYPE":"Дальномер DME",
"OBJTOTEXT":"0"} },
{"type":"Feature",
"geometry": {"type": "Point","coordinates": [110.482647222,19.954819444] },"properties":{
"id":"RTS.935",
"STATUS":"Действующий",
"DBIDENT":"1818933",
"NAME":"HAIKOU/MEILAN",
"":"",
"LATITUDE":"195717N",
"LONGITUDE":"1102858E",
"ICAO_REG":"ZJ",
"FREQUENCY":"0",
"ABSOLUTEHEIGHT":"0",
"SIGNPT_TYPE":"Дальномер DME",
"OBJTOTEXT":"0"} },
{"type":"Feature",
"geometry": {"type": "Point","coordinates": [110.458005556,19.130763889] },"properties":{
"id":"RTS.936",
"STATUS":"Действующий",
"DBIDENT":"1818934",
"NAME":"QIONGHAI/BOAO",
"":"",
"LATITUDE":"190751N",
"LONGITUDE":"1102729E",
"ICAO_REG":"ZJ",
"FREQUENCY":"0",
"ABSOLUTEHEIGHT":"0",
"SIGNPT_TYPE":"Дальномер DME",
"OBJTOTEXT":"0"} },
{"type":"Feature",
"geometry": {"type": "Point","coordinates": [110.445944444,19.150613889] },"properties":{
"id":"RTS.937",
"STATUS":"Действующий",
"DBIDENT":"1818935",
"NAME":"QIONGHAI/BOAO",
"":"",
"LATITUDE":"190902N",
"LONGITUDE":"1102645E",
"ICAO_REG":"ZJ",
"FREQUENCY":"0",
"ABSOLUTEHEIGHT":"0",
"SIGNPT_TYPE":"Дальномер DME",
"OBJTOTEXT":"0"} },
{"type":"Feature",
"geometry": {"type": "Point","coordinates": [109.425569444,18.303575000] },"properties":{
"id":"RTS.938",
"STATUS":"Действующий",
"DBIDENT":"1818936",
"NAME":"SANYA/PHOENIX",
"":"",
"LATITUDE":"181813N",
"LONGITUDE":"1092532E",
"ICAO_REG":"ZJ",
"FREQUENCY":"0",
"ABSOLUTEHEIGHT":"0",
"SIGNPT_TYPE":"Дальномер DME",
"OBJTOTEXT":"0"} },
{"type":"Feature",
"geometry": {"type": "Point","coordinates": [109.399263889,18.300241667] },"properties":{
"id":"RTS.939",
"STATUS":"Действующий",
"DBIDENT":"1818937",
"NAME":"SANYA/PHOENIX",
"":"",
"LATITUDE":"181801N",
"LONGITUDE":"1092357E",
"ICAO_REG":"ZJ",
"FREQUENCY":"0",
"ABSOLUTEHEIGHT":"0",
"SIGNPT_TYPE":"Дальномер DME",
"OBJTOTEXT":"0"} },
{"type":"Feature",
"geometry": {"type": "Point","coordinates": [125.666911111,39.217744444] },"properties":{
"id":"RTS.940",
"STATUS":"Действующий",
"DBIDENT":"1818938",
"NAME":"PYONGYANG/SUNAN",
"":"",
"LATITUDE":"391304N",
"LONGITUDE":"1254001E",
"ICAO_REG":"ZK",
"FREQUENCY":"0",
"ABSOLUTEHEIGHT":"0",
"SIGNPT_TYPE":"Дальномер DME",
"OBJTOTEXT":"0"} },
{"type":"Feature",
"geometry": {"type": "Point","coordinates": [127.478044444,39.175569444] },"properties":{
"id":"RTS.941",
"STATUS":"Действующий",
"DBIDENT":"1818939",
"NAME":"WONSAN/KALMA INTL",
"":"",
"LATITUDE":"391032N",
"LONGITUDE":"1272841E",
"ICAO_REG":"ZK",
"FREQUENCY":"0",
"ABSOLUTEHEIGHT":"0",
"SIGNPT_TYPE":"Дальномер DME",
"OBJTOTEXT":"0"} },
{"type":"Feature",
"geometry": {"type": "Point","coordinates": [106.385044444,38.308897222] },"properties":{
"id":"RTS.942",
"STATUS":"Действующий",
"DBIDENT":"1818940",
"NAME":"YINCHUAN/HEDONG",
"":"",
"LATITUDE":"381832N",
"LONGITUDE":"1062306E",
"ICAO_REG":"ZL",
"FREQUENCY":"0",
"ABSOLUTEHEIGHT":"0",
"SIGNPT_TYPE":"Дальномер DME",
"OBJTOTEXT":"0"} },
{"type":"Feature",
"geometry": {"type": "Point","coordinates": [106.402011111,38.332555556] },"properties":{
"id":"RTS.943",
"STATUS":"Действующий",
"DBIDENT":"1818941",
"NAME":"YINCHUAN/HEDONG",
"":"",
"LATITUDE":"381957N",
"LONGITUDE":"1062407E",
"ICAO_REG":"ZL",
"FREQUENCY":"0",
"ABSOLUTEHEIGHT":"0",
"SIGNPT_TYPE":"Дальномер DME",
"OBJTOTEXT":"0"} },
{"type":"Feature",
"geometry": {"type": "Point","coordinates": [103.621040806,36.528334583] },"properties":{
"id":"RTS.944",
"STATUS":"Действующий",
"DBIDENT":"1818942",
"NAME":"LANZHOU/ZHONGCHUAN",
"":"",
"LATITUDE":"363142N",
"LONGITUDE":"1033716E",
"ICAO_REG":"ZL",
"FREQUENCY":"0",
"ABSOLUTEHEIGHT":"0",
"SIGNPT_TYPE":"Дальномер DME",
"OBJTOTEXT":"0"} },
{"type":"Feature",
"geometry": {"type": "Point","coordinates": [103.623035222,36.497932556] },"properties":{
"id":"RTS.945",
"STATUS":"Действующий",
"DBIDENT":"1818943",
"NAME":"LANZHOU/ZHONGCHUAN",
"":"",
"LATITUDE":"362953N",
"LONGITUDE":"1033723E",
"ICAO_REG":"ZL",
"FREQUENCY":"0",
"ABSOLUTEHEIGHT":"0",
"SIGNPT_TYPE":"Дальномер DME",
"OBJTOTEXT":"0"} },
{"type":"Feature",
"geometry": {"type": "Point","coordinates": [102.023622222,36.535872222] },"properties":{
"id":"RTS.946",
"STATUS":"Действующий",
"DBIDENT":"1818944",
"NAME":"XINING/CAOJIAPU",
"":"",
"LATITUDE":"363209N",
"LONGITUDE":"1020125E",
"ICAO_REG":"ZL",
"FREQUENCY":"0",
"ABSOLUTEHEIGHT":"0",
"SIGNPT_TYPE":"Дальномер DME",
"OBJTOTEXT":"0"} },
{"type":"Feature",
"geometry": {"type": "Point","coordinates": [102.056963889,36.526602778] },"properties":{
"id":"RTS.947",
"STATUS":"Действующий",
"DBIDENT":"1818945",
"NAME":"XINING/CAOJIAPU",
"":"",
"LATITUDE":"363136N",
"LONGITUDE":"1020325E",
"ICAO_REG":"ZL",
"FREQUENCY":"0",
"ABSOLUTEHEIGHT":"0",
"SIGNPT_TYPE":"Дальномер DME",
"OBJTOTEXT":"0"} },
{"type":"Feature",
"geometry": {"type": "Point","coordinates": [108.779972222,34.441047222] },"properties":{
"id":"RTS.948",
"STATUS":"Действующий",
"DBIDENT":"1818946",
"NAME":"XIAN/XIANYANG",
"":"",
"LATITUDE":"342628N",
"LONGITUDE":"1084648E",
"ICAO_REG":"ZL",
"FREQUENCY":"0",
"ABSOLUTEHEIGHT":"0",
"SIGNPT_TYPE":"Дальномер DME",
"OBJTOTEXT":"0"} },
{"type":"Feature",
"geometry": {"type": "Point","coordinates": [108.741594444,34.440638889] },"properties":{
"id":"RTS.949",
"STATUS":"Действующий",
"DBIDENT":"1818947",
"NAME":"XIAN/XIANYANG",
"":"",
"LATITUDE":"342626N",
"LONGITUDE":"1084430E",
"ICAO_REG":"ZL",
"FREQUENCY":"0",
"ABSOLUTEHEIGHT":"0",
"SIGNPT_TYPE":"Дальномер DME",
"OBJTOTEXT":"0"} },
{"type":"Feature",
"geometry": {"type": "Point","coordinates": [108.760975000,34.454861111] },"properties":{
"id":"RTS.950",
"STATUS":"Действующий",
"DBIDENT":"1818948",
"NAME":"XIAN/XIANYANG",
"":"",
"LATITUDE":"342718N",
"LONGITUDE":"1084540E",
"ICAO_REG":"ZL",
"FREQUENCY":"0",
"ABSOLUTEHEIGHT":"0",
"SIGNPT_TYPE":"Дальномер DME",
"OBJTOTEXT":"0"} },
{"type":"Feature",
"geometry": {"type": "Point","coordinates": [108.754658333,34.422075000] },"properties":{
"id":"RTS.951",
"STATUS":"Действующий",
"DBIDENT":"1818949",
"NAME":"XIAN/XIANYANG",
"":"",
"LATITUDE":"342519N",
"LONGITUDE":"1084517E",
"ICAO_REG":"ZL",
"FREQUENCY":"0",
"ABSOLUTEHEIGHT":"0",
"SIGNPT_TYPE":"Дальномер DME",
"OBJTOTEXT":"0"} },
{"type":"Feature",
"geometry": {"type": "Point","coordinates": [109.584672222,38.368702778] },"properties":{
"id":"RTS.952",
"STATUS":"Действующий",
"DBIDENT":"1818950",
"NAME":"YULIN/YUYANG",
"":"",
"LATITUDE":"382207N",
"LONGITUDE":"1093505E",
"ICAO_REG":"ZL",
"FREQUENCY":"0",
"ABSOLUTEHEIGHT":"0",
"SIGNPT_TYPE":"Дальномер DME",
"OBJTOTEXT":"0"} },
{"type":"Feature",
"geometry": {"type": "Point","coordinates": [109.596438889,38.347469444] },"properties":{
"id":"RTS.953",
"STATUS":"Действующий",
"DBIDENT":"1818951",
"NAME":"YULIN/YUYANG",
"":"",
"LATITUDE":"382051N",
"LONGITUDE":"1093547E",
"ICAO_REG":"ZL",
"FREQUENCY":"0",
"ABSOLUTEHEIGHT":"0",
"SIGNPT_TYPE":"Дальномер DME",
"OBJTOTEXT":"0"} },
{"type":"Feature",
"geometry": {"type": "Point","coordinates": [106.754333333,47.850166667] },"properties":{
"id":"RTS.954",
"STATUS":"Действующий",
"DBIDENT":"1818953",
"NAME":"ULAANBAATAR",
"":"",
"LATITUDE":"475101N",
"LONGITUDE":"1064516E",
"ICAO_REG":"ZM",
"FREQUENCY":"0",
"ABSOLUTEHEIGHT":"0",
"SIGNPT_TYPE":"Дальномер DME",
"OBJTOTEXT":"0"} },
{"type":"Feature",
"geometry": {"type": "Point","coordinates": [100.760425000,21.982877778] },"properties":{
"id":"RTS.955",
"STATUS":"Действующий",
"DBIDENT":"1818954",
"NAME":"XISHUANGBANNA",
"":"",
"LATITUDE":"215858N",
"LONGITUDE":"1004538E",
"ICAO_REG":"ZP",
"FREQUENCY":"0",
"ABSOLUTEHEIGHT":"0",
"SIGNPT_TYPE":"Дальномер DME",
"OBJTOTEXT":"0"} },
{"type":"Feature",
"geometry": {"type": "Point","coordinates": [100.766286111,21.967252778] },"properties":{
"id":"RTS.956",
"STATUS":"Действующий",
"DBIDENT":"1818955",
"NAME":"XISHUANGBANNA",
"":"",
"LATITUDE":"215802N",
"LONGITUDE":"1004559E",
"ICAO_REG":"ZP",
"FREQUENCY":"0",
"ABSOLUTEHEIGHT":"0",
"SIGNPT_TYPE":"Дальномер DME",
"OBJTOTEXT":"0"} },
{"type":"Feature",
"geometry": {"type": "Point","coordinates": [100.247147222,26.687972222] },"properties":{
"id":"RTS.957",
"STATUS":"Действующий",
"DBIDENT":"1818956",
"NAME":"LIJIANG/SANYI",
"":"",
"LATITUDE":"264117N",
"LONGITUDE":"1001450E",
"ICAO_REG":"ZP",
"FREQUENCY":"0",
"ABSOLUTEHEIGHT":"0",
"SIGNPT_TYPE":"Дальномер DME",
"OBJTOTEXT":"0"} },
{"type":"Feature",
"geometry": {"type": "Point","coordinates": [100.239961111,26.666863889] },"properties":{
"id":"RTS.958",
"STATUS":"Действующий",
"DBIDENT":"1818957",
"NAME":"LIJIANG SANYI",
"":"",
"LATITUDE":"264001N",
"LONGITUDE":"1001424E",
"ICAO_REG":"ZP",
"FREQUENCY":"0",
"ABSOLUTEHEIGHT":"0",
"SIGNPT_TYPE":"Дальномер DME",
"OBJTOTEXT":"0"} },
{"type":"Feature",
"geometry": {"type": "Point","coordinates": [98.538411111,24.405852778] },"properties":{
"id":"RTS.959",
"STATUS":"Действующий",
"DBIDENT":"1818958",
"NAME":"MANGSHI",
"":"",
"LATITUDE":"242421N",
"LONGITUDE":"0983218E",
"ICAO_REG":"ZP",
"FREQUENCY":"0",
"ABSOLUTEHEIGHT":"0",
"SIGNPT_TYPE":"Дальномер DME",
"OBJTOTEXT":"0"} },
{"type":"Feature",
"geometry": {"type": "Point","coordinates": [102.938680556,25.128983333] },"properties":{
"id":"RTS.960",
"STATUS":"Действующий",
"DBIDENT":"1818959",
"NAME":"KUNMING/CHANGSHUI",
"":"",
"LATITUDE":"250744N",
"LONGITUDE":"1025619E",
"ICAO_REG":"ZP",
"FREQUENCY":"0",
"ABSOLUTEHEIGHT":"0",
"SIGNPT_TYPE":"Дальномер DME",
"OBJTOTEXT":"0"} },
{"type":"Feature",
"geometry": {"type": "Point","coordinates": [102.933577778,25.091116667] },"properties":{
"id":"RTS.961",
"STATUS":"Действующий",
"DBIDENT":"1818960",
"NAME":"KUNMING/CHANGSHUI",
"":"",
"LATITUDE":"250528N",
"LONGITUDE":"1025601E",
"ICAO_REG":"ZP",
"FREQUENCY":"0",
"ABSOLUTEHEIGHT":"0",
"SIGNPT_TYPE":"Дальномер DME",
"OBJTOTEXT":"0"} },
{"type":"Feature",
"geometry": {"type": "Point","coordinates": [102.954411111,25.115016667] },"properties":{
"id":"RTS.962",
"STATUS":"Действующий",
"DBIDENT":"1818961",
"NAME":"KUNMING/CHANGSHUI",
"":"",
"LATITUDE":"250654N",
"LONGITUDE":"1025716E",
"ICAO_REG":"ZP",
"FREQUENCY":"0",
"ABSOLUTEHEIGHT":"0",
"SIGNPT_TYPE":"Дальномер DME",
"OBJTOTEXT":"0"} },
{"type":"Feature",
"geometry": {"type": "Point","coordinates": [102.921202778,25.108950000] },"properties":{
"id":"RTS.963",
"STATUS":"Действующий",
"DBIDENT":"1818962",
"NAME":"KUNMING/CHANGSHUI",
"":"",
"LATITUDE":"250632N",
"LONGITUDE":"1025516E",
"ICAO_REG":"ZP",
"FREQUENCY":"0",
"ABSOLUTEHEIGHT":"0",
"SIGNPT_TYPE":"Дальномер DME",
"OBJTOTEXT":"0"} },
{"type":"Feature",
"geometry": {"type": "Point","coordinates": [118.136655556,24.551305556] },"properties":{
"id":"RTS.964",
"STATUS":"Действующий",
"DBIDENT":"1818963",
"NAME":"XIAMEN/GAOGI",
"":"",
"LATITUDE":"243305N",
"LONGITUDE":"1180812E",
"ICAO_REG":"ZS",
"FREQUENCY":"0",
"ABSOLUTEHEIGHT":"0",
"SIGNPT_TYPE":"Дальномер DME",
"OBJTOTEXT":"0"} },
{"type":"Feature",
"geometry": {"type": "Point","coordinates": [118.117280556,24.537977778] },"properties":{
"id":"RTS.965",
"STATUS":"Действующий",
"DBIDENT":"1818964",
"NAME":"XIAMEN/GAOGI",
"":"",
"LATITUDE":"243217N",
"LONGITUDE":"1180702E",
"ICAO_REG":"ZS",
"FREQUENCY":"0",
"ABSOLUTEHEIGHT":"0",
"SIGNPT_TYPE":"Дальномер DME",
"OBJTOTEXT":"0"} },
{"type":"Feature",
"geometry": {"type": "Point","coordinates": [119.789341667,31.917233333] },"properties":{
"id":"RTS.966",
"STATUS":"Действующий",
"DBIDENT":"1818965",
"NAME":"CHANGZHOU/BENNIU",
"":"",
"LATITUDE":"315502N",
"LONGITUDE":"1194722E",
"ICAO_REG":"ZS",
"FREQUENCY":"0",
"ABSOLUTEHEIGHT":"0",
"SIGNPT_TYPE":"Дальномер DME",
"OBJTOTEXT":"0"} },
{"type":"Feature",
"geometry": {"type": "Point","coordinates": [119.761797222,31.925780556] },"properties":{
"id":"RTS.967",
"STATUS":"Действующий",
"DBIDENT":"1818966",
"NAME":"CHANGZHOU/BENNIU",
"":"",
"LATITUDE":"315533N",
"LONGITUDE":"1194542E",
"ICAO_REG":"ZS",
"FREQUENCY":"0",
"ABSOLUTEHEIGHT":"0",
"SIGNPT_TYPE":"Дальномер DME",
"OBJTOTEXT":"0"} },
{"type":"Feature",
"geometry": {"type": "Point","coordinates": [115.895972222,28.853913889] },"properties":{
"id":"RTS.968",
"STATUS":"Действующий",
"DBIDENT":"1818967",
"NAME":"NANCHANG/CHANGBEI",
"":"",
"LATITUDE":"285114N",
"LONGITUDE":"1155345E",
"ICAO_REG":"ZS",
"FREQUENCY":"0",
"ABSOLUTEHEIGHT":"0",
"SIGNPT_TYPE":"Дальномер DME",
"OBJTOTEXT":"0"} },
{"type":"Feature",
"geometry": {"type": "Point","coordinates": [115.905747222,28.876997222] },"properties":{
"id":"RTS.969",
"STATUS":"Действующий",
"DBIDENT":"1818968",
"NAME":"NANCHANG/CHANGBEI",
"":"",
"LATITUDE":"285237N",
"LONGITUDE":"1155421E",
"ICAO_REG":"ZS",
"FREQUENCY":"0",
"ABSOLUTEHEIGHT":"0",
"SIGNPT_TYPE":"Дальномер DME",
"OBJTOTEXT":"0"} },
{"type":"Feature",
"geometry": {"type": "Point","coordinates": [119.655572222,25.923441667] },"properties":{
"id":"RTS.970",
"STATUS":"Действующий",
"DBIDENT":"1818969",
"NAME":"FUZHOU/CHANGLE",
"":"",
"LATITUDE":"255524N",
"LONGITUDE":"1193920E",
"ICAO_REG":"ZS",
"FREQUENCY":"0",
"ABSOLUTEHEIGHT":"0",
"SIGNPT_TYPE":"Дальномер DME",
"OBJTOTEXT":"0"} },
{"type":"Feature",
"geometry": {"type": "Point","coordinates": [119.668883333,25.946825000] },"properties":{
"id":"RTS.971",
"STATUS":"Действующий",
"DBIDENT":"1818970",
"NAME":"FUZHOU/CHANGLE",
"":"",
"LATITUDE":"255649N",
"LONGITUDE":"1194008E",
"ICAO_REG":"ZS",
"FREQUENCY":"0",
"ABSOLUTEHEIGHT":"0",
"SIGNPT_TYPE":"Дальномер DME",
"OBJTOTEXT":"0"} },
{"type":"Feature",
"geometry": {"type": "Point","coordinates": [120.448730556,30.234600000] },"properties":{
"id":"RTS.972",
"STATUS":"Действующий",
"DBIDENT":"1818971",
"NAME":"HANGZHOU/XIAOSHAN",
"":"",
"LATITUDE":"301405N",
"LONGITUDE":"1202655E",
"ICAO_REG":"ZS",
"FREQUENCY":"0",
"ABSOLUTEHEIGHT":"0",
"SIGNPT_TYPE":"Дальномер DME",
"OBJTOTEXT":"0"} },
{"type":"Feature",
"geometry": {"type": "Point","coordinates": [120.436302778,30.251802778] },"properties":{
"id":"RTS.973",
"STATUS":"Действующий",
"DBIDENT":"1818972",
"NAME":"HANGZHOU/XIAOSHAN",
"":"",
"LATITUDE":"301506N",
"LONGITUDE":"1202611E",
"ICAO_REG":"ZS",
"FREQUENCY":"0",
"ABSOLUTEHEIGHT":"0",
"SIGNPT_TYPE":"Дальномер DME",
"OBJTOTEXT":"0"} },
{"type":"Feature",
"geometry": {"type": "Point","coordinates": [120.410661111,30.240427778] },"properties":{
"id":"RTS.974",
"STATUS":"Действующий",
"DBIDENT":"1818973",
"NAME":"HANGZHOU/XIAOSHAN",
"":"",
"LATITUDE":"301426N",
"LONGITUDE":"1202438E",
"ICAO_REG":"ZS",
"FREQUENCY":"0",
"ABSOLUTEHEIGHT":"0",
"SIGNPT_TYPE":"Дальномер DME",
"OBJTOTEXT":"0"} },
{"type":"Feature",
"geometry": {"type": "Point","coordinates": [120.421233333,30.222475000] },"properties":{
"id":"RTS.975",
"STATUS":"Действующий",
"DBIDENT":"1818974",
"NAME":"HANGZHOU/XIAOSHAN",
"":"",
"LATITUDE":"301321N",
"LONGITUDE":"1202516E",
"ICAO_REG":"ZS",
"FREQUENCY":"0",
"ABSOLUTEHEIGHT":"0",
"SIGNPT_TYPE":"Дальномер DME",
"OBJTOTEXT":"0"} },
{"type":"Feature",
"geometry": {"type": "Point","coordinates": [117.217369444,36.843725000] },"properties":{
"id":"RTS.976",
"STATUS":"Действующий",
"DBIDENT":"1818975",
"NAME":"JINAN/YAOQIANG",
"":"",
"LATITUDE":"365037N",
"LONGITUDE":"1171303E",
"ICAO_REG":"ZS",
"FREQUENCY":"0",
"ABSOLUTEHEIGHT":"0",
"SIGNPT_TYPE":"Дальномер DME",
"OBJTOTEXT":"0"} },
{"type":"Feature",
"geometry": {"type": "Point","coordinates": [117.217372222,36.870744444] },"properties":{
"id":"RTS.977",
"STATUS":"Действующий",
"DBIDENT":"1818976",
"NAME":"JINAN/YAOQIANG",
"":"",
"LATITUDE":"365215N",
"LONGITUDE":"1171303E",
"ICAO_REG":"ZS",
"FREQUENCY":"0",
"ABSOLUTEHEIGHT":"0",
"SIGNPT_TYPE":"Дальномер DME",
"OBJTOTEXT":"0"} },
{"type":"Feature",
"geometry": {"type": "Point","coordinates": [119.172077778,34.404805556] },"properties":{
"id":"RTS.978",
"STATUS":"Действующий",
"DBIDENT":"1818977",
"NAME":"LIANYUNGANG/HUAGUOSHAN",
"":"",
"LATITUDE":"342417N",
"LONGITUDE":"1191019E",
"ICAO_REG":"ZS",
"FREQUENCY":"0",
"ABSOLUTEHEIGHT":"0",
"SIGNPT_TYPE":"Дальномер DME",
"OBJTOTEXT":"0"} },
{"type":"Feature",
"geometry": {"type": "Point","coordinates": [119.182586111,34.422222222] },"properties":{
"id":"RTS.979",
"STATUS":"Действующий",
"DBIDENT":"1818978",
"NAME":"LIANYUNGANG/HUAGUOSHAN",
"":"",
"LATITUDE":"342520N",
"LONGITUDE":"1191057E",
"ICAO_REG":"ZS",
"FREQUENCY":"0",
"ABSOLUTEHEIGHT":"0",
"SIGNPT_TYPE":"Дальномер DME",
"OBJTOTEXT":"0"} },
{"type":"Feature",
"geometry": {"type": "Point","coordinates": [118.413225000,35.064155556] },"properties":{
"id":"RTS.980",
"STATUS":"Действующий",
"DBIDENT":"1818979",
"NAME":"LINYI/SHUBULING",
"":"",
"LATITUDE":"350351N",
"LONGITUDE":"1182448E",
"ICAO_REG":"ZS",
"FREQUENCY":"0",
"ABSOLUTEHEIGHT":"0",
"SIGNPT_TYPE":"Дальномер DME",
"OBJTOTEXT":"0"} },
{"type":"Feature",
"geometry": {"type": "Point","coordinates": [118.413222222,35.040880556] },"properties":{
"id":"RTS.981",
"STATUS":"Действующий",
"DBIDENT":"1818980",
"NAME":"LINYI/SHUBULING",
"":"",
"LATITUDE":"350227N",
"LONGITUDE":"1182448E",
"ICAO_REG":"ZS",
"FREQUENCY":"0",
"ABSOLUTEHEIGHT":"0",
"SIGNPT_TYPE":"Дальномер DME",
"OBJTOTEXT":"0"} },
{"type":"Feature",
"geometry": {"type": "Point","coordinates": [121.450375000,29.835505556] },"properties":{
"id":"RTS.982",
"STATUS":"Действующий",
"DBIDENT":"1818981",
"NAME":"NINGBO/LISHE",
"":"",
"LATITUDE":"295008N",
"LONGITUDE":"1212701E",
"ICAO_REG":"ZS",
"FREQUENCY":"0",
"ABSOLUTEHEIGHT":"0",
"SIGNPT_TYPE":"Дальномер DME",
"OBJTOTEXT":"0"} },
{"type":"Feature",
"geometry": {"type": "Point","coordinates": [121.472111111,29.822755556] },"properties":{
"id":"RTS.983",
"STATUS":"Действующий",
"DBIDENT":"1818982",
"NAME":"NINGBO/LISHE",
"":"",
"LATITUDE":"294922N",
"LONGITUDE":"1212820E",
"ICAO_REG":"ZS",
"FREQUENCY":"0",
"ABSOLUTEHEIGHT":"0",
"SIGNPT_TYPE":"Дальномер DME",
"OBJTOTEXT":"0"} },
{"type":"Feature",
"geometry": {"type": "Point","coordinates": [118.873333333,31.751666667] },"properties":{
"id":"RTS.984",
"STATUS":"Действующий",
"DBIDENT":"1818983",
"NAME":"NANJING/LUKOU",
"":"",
"LATITUDE":"314506N",
"LONGITUDE":"1185224E",
"ICAO_REG":"ZS",
"FREQUENCY":"0",
"ABSOLUTEHEIGHT":"0",
"SIGNPT_TYPE":"Дальномер DME",
"OBJTOTEXT":"0"} },
{"type":"Feature",
"geometry": {"type": "Point","coordinates": [118.846666667,31.735000000] },"properties":{
"id":"RTS.985",
"STATUS":"Действующий",
"DBIDENT":"1818984",
"NAME":"NANJING/LUKOU",
"":"",
"LATITUDE":"314406N",
"LONGITUDE":"1185048E",
"ICAO_REG":"ZS",
"FREQUENCY":"0",
"ABSOLUTEHEIGHT":"0",
"SIGNPT_TYPE":"Дальномер DME",
"OBJTOTEXT":"0"} },
{"type":"Feature",
"geometry": {"type": "Point","coordinates": [118.879730556,31.729533333] },"properties":{
"id":"RTS.986",
"STATUS":"Действующий",
"DBIDENT":"1818985",
"NAME":"NANJING/LUKOU",
"":"",
"LATITUDE":"314346N",
"LONGITUDE":"1185247E",
"ICAO_REG":"ZS",
"FREQUENCY":"0",
"ABSOLUTEHEIGHT":"0",
"SIGNPT_TYPE":"Дальномер DME",
"OBJTOTEXT":"0"} },
{"type":"Feature",
"geometry": {"type": "Point","coordinates": [120.981747222,32.061652778] },"properties":{
"id":"RTS.987",
"STATUS":"Действующий",
"DBIDENT":"1818986",
"NAME":"SHANGHAI/PUDONG",
"":"",
"LATITUDE":"320342N",
"LONGITUDE":"1205854E",
"ICAO_REG":"ZS",
"FREQUENCY":"0",
"ABSOLUTEHEIGHT":"0",
"SIGNPT_TYPE":"Дальномер DME",
"OBJTOTEXT":"0"} },
{"type":"Feature",
"geometry": {"type": "Point","coordinates": [120.980913889,32.086636111] },"properties":{
"id":"RTS.988",
"STATUS":"Действующий",
"DBIDENT":"1818987",
"NAME":"NANTONG/XINGDONG",
"":"",
"LATITUDE":"320512N",
"LONGITUDE":"1205851E",
"ICAO_REG":"ZS",
"FREQUENCY":"0",
"ABSOLUTEHEIGHT":"0",
"SIGNPT_TYPE":"Дальномер DME",
"OBJTOTEXT":"0"} },
{"type":"Feature",
"geometry": {"type": "Point","coordinates": [116.970266667,31.999883333] },"properties":{
"id":"RTS.989",
"STATUS":"Действующий",
"DBIDENT":"1818988",
"NAME":"HEFEI/XINQIAO",
"":"",
"LATITUDE":"320000N",
"LONGITUDE":"1165813E",
"ICAO_REG":"ZS",
"FREQUENCY":"0",
"ABSOLUTEHEIGHT":"0",
"SIGNPT_TYPE":"Дальномер DME",
"OBJTOTEXT":"0"} },
{"type":"Feature",
"geometry": {"type": "Point","coordinates": [116.984936111,31.978175000] },"properties":{
"id":"RTS.990",
"STATUS":"Действующий",
"DBIDENT":"1818989",
"NAME":"HEFEI/XINQIAO",
"":"",
"LATITUDE":"315841N",
"LONGITUDE":"1165906E",
"ICAO_REG":"ZS",
"FREQUENCY":"0",
"ABSOLUTEHEIGHT":"0",
"SIGNPT_TYPE":"Дальномер DME",
"OBJTOTEXT":"0"} },
{"type":"Feature",
"geometry": {"type": "Point","coordinates": [121.794455556,31.128686111] },"properties":{
"id":"RTS.991",
"STATUS":"Действующий",
"DBIDENT":"1818990",
"NAME":"SHANGHAI/PUDONG",
"":"",
"LATITUDE":"310743N",
"LONGITUDE":"1214740E",
"ICAO_REG":"ZS",
"FREQUENCY":"0",
"ABSOLUTEHEIGHT":"0",
"SIGNPT_TYPE":"Дальномер DME",
"OBJTOTEXT":"0"} },
{"type":"Feature",
"geometry": {"type": "Point","coordinates": [121.824297222,31.129219444] },"properties":{
"id":"RTS.992",
"STATUS":"Действующий",
"DBIDENT":"1818991",
"NAME":"SHANGHAI/PUDONG",
"":"",
"LATITUDE":"310745N",
"LONGITUDE":"1214927E",
"ICAO_REG":"ZS",
"FREQUENCY":"0",
"ABSOLUTEHEIGHT":"0",
"SIGNPT_TYPE":"Дальномер DME",
"OBJTOTEXT":"0"} },
{"type":"Feature",
"geometry": {"type": "Point","coordinates": [121.815894444,31.157186111] },"properties":{
"id":"RTS.993",
"STATUS":"Действующий",
"DBIDENT":"1818992",
"NAME":"SHANGHAI/PUDONG",
"":"",
"LATITUDE":"310926N",
"LONGITUDE":"1214857E",
"ICAO_REG":"ZS",
"FREQUENCY":"0",
"ABSOLUTEHEIGHT":"0",
"SIGNPT_TYPE":"Дальномер DME",
"OBJTOTEXT":"0"} },
{"type":"Feature",
"geometry": {"type": "Point","coordinates": [121.785494444,31.152413889] },"properties":{
"id":"RTS.994",
"STATUS":"Действующий",
"DBIDENT":"1818993",
"NAME":"SHANGHAI/PUDONG",
"":"",
"LATITUDE":"310909N",
"LONGITUDE":"1214708E",
"ICAO_REG":"ZS",
"FREQUENCY":"0",
"ABSOLUTEHEIGHT":"0",
"SIGNPT_TYPE":"Дальномер DME",
"OBJTOTEXT":"0"} },
{"type":"Feature",
"geometry": {"type": "Point","coordinates": [121.785663889,31.158130556] },"properties":{
"id":"RTS.995",
"STATUS":"Действующий",
"DBIDENT":"1818994",
"NAME":"SHANGHAI/PUDONG",
"":"",
"LATITUDE":"310929N",
"LONGITUDE":"1214708E",
"ICAO_REG":"ZS",
"FREQUENCY":"0",
"ABSOLUTEHEIGHT":"0",
"SIGNPT_TYPE":"Дальномер DME",
"OBJTOTEXT":"0"} },
{"type":"Feature",
"geometry": {"type": "Point","coordinates": [121.826297222,31.129805556] },"properties":{
"id":"RTS.996",
"STATUS":"Действующий",
"DBIDENT":"1818995",
"NAME":"SHANGHAI/PUDONG",
"":"",
"LATITUDE":"310747N",
"LONGITUDE":"1214935E",
"ICAO_REG":"ZS",
"FREQUENCY":"0",
"ABSOLUTEHEIGHT":"0",
"SIGNPT_TYPE":"Дальномер DME",
"OBJTOTEXT":"0"} },
{"type":"Feature",
"geometry": {"type": "Point","coordinates": [121.813883333,31.156633333] },"properties":{
"id":"RTS.997",
"STATUS":"Действующий",
"DBIDENT":"1818996",
"NAME":"SHANGHAI/PUDONG",
"":"",
"LATITUDE":"310924N",
"LONGITUDE":"1214850E",
"ICAO_REG":"ZS",
"FREQUENCY":"0",
"ABSOLUTEHEIGHT":"0",
"SIGNPT_TYPE":"Дальномер DME",
"OBJTOTEXT":"0"} },
{"type":"Feature",
"geometry": {"type": "Point","coordinates": [120.095502778,36.378944444] },"properties":{
"id":"RTS.998",
"STATUS":"Действующий",
"DBIDENT":"1818997",
"NAME":"QINGDAO",
"":"",
"LATITUDE":"362244N",
"LONGITUDE":"1200544E",
"ICAO_REG":"ZS",
"FREQUENCY":"0",
"ABSOLUTEHEIGHT":"0",
"SIGNPT_TYPE":"Дальномер DME",
"OBJTOTEXT":"0"} },
{"type":"Feature",
"geometry": {"type": "Point","coordinates": [120.105641667,36.353161111] },"properties":{
"id":"RTS.999",
"STATUS":"Действующий",
"DBIDENT":"1818998",
"NAME":"QINGDAO",
"":"",
"LATITUDE":"362111N",
"LONGITUDE":"1200620E",
"ICAO_REG":"ZS",
"FREQUENCY":"0",
"ABSOLUTEHEIGHT":"0",
"SIGNPT_TYPE":"Дальномер DME",
"OBJTOTEXT":"0"} },
{"type":"Feature",
"geometry": {"type": "Point","coordinates": [120.071438889,36.368105556] },"properties":{
"id":"RTS.1000",
"STATUS":"Действующий",
"DBIDENT":"1818999",
"NAME":"QINGDAO",
"":"",
"LATITUDE":"362205N",
"LONGITUDE":"1200417E",
"ICAO_REG":"ZS",
"FREQUENCY":"0",
"ABSOLUTEHEIGHT":"0",
"SIGNPT_TYPE":"Дальномер DME",
"OBJTOTEXT":"0"} },
{"type":"Feature",
"geometry": {"type": "Point","coordinates": [120.081538889,36.342413889] },"properties":{
"id":"RTS.1001",
"STATUS":"Действующий",
"DBIDENT":"1819000",
"NAME":"QINGDAO",
"":"",
"LATITUDE":"362033N",
"LONGITUDE":"1200454E",
"ICAO_REG":"ZS",
"FREQUENCY":"0",
"ABSOLUTEHEIGHT":"0",
"SIGNPT_TYPE":"Дальномер DME",
"OBJTOTEXT":"0"} },
{"type":"Feature",
"geometry": {"type": "Point","coordinates": [118.585288889,24.788938889] },"properties":{
"id":"RTS.1002",
"STATUS":"Действующий",
"DBIDENT":"1819001",
"NAME":"QUANZHOU/JINJIANG",
"":"",
"LATITUDE":"244720N",
"LONGITUDE":"1183507E",
"ICAO_REG":"ZS",
"FREQUENCY":"0",
"ABSOLUTEHEIGHT":"0",
"SIGNPT_TYPE":"Дальномер DME",
"OBJTOTEXT":"0"} },
{"type":"Feature",
"geometry": {"type": "Point","coordinates": [118.595369444,24.804363889] },"properties":{
"id":"RTS.1003",
"STATUS":"Действующий",
"DBIDENT":"1819002",
"NAME":"QUANZHOU/JINJIANG",
"":"",
"LATITUDE":"244816N",
"LONGITUDE":"1183543E",
"ICAO_REG":"ZS",
"FREQUENCY":"0",
"ABSOLUTEHEIGHT":"0",
"SIGNPT_TYPE":"Дальномер DME",
"OBJTOTEXT":"0"} },
{"type":"Feature",
"geometry": {"type": "Point","coordinates": [119.118375000,33.784944444] },"properties":{
"id":"RTS.1004",
"STATUS":"Действующий",
"DBIDENT":"1819003",
"NAME":"HUAIAN/LIANSHUI",
"":"",
"LATITUDE":"334706N",
"LONGITUDE":"1190706E",
"ICAO_REG":"ZS",
"FREQUENCY":"0",
"ABSOLUTEHEIGHT":"0",
"SIGNPT_TYPE":"Дальномер DME",
"OBJTOTEXT":"0"} },
{"type":"Feature",
"geometry": {"type": "Point","coordinates": [119.132233333,33.800866667] },"properties":{
"id":"RTS.1005",
"STATUS":"Действующий",
"DBIDENT":"1819004",
"NAME":"HUAIAN/LIANSHUI",
"":"",
"LATITUDE":"334803N",
"LONGITUDE":"1190756E",
"ICAO_REG":"ZS",
"FREQUENCY":"0",
"ABSOLUTEHEIGHT":"0",
"SIGNPT_TYPE":"Дальномер DME",
"OBJTOTEXT":"0"} },
{"type":"Feature",
"geometry": {"type": "Point","coordinates": [121.333222222,31.207561111] },"properties":{
"id":"RTS.1006",
"STATUS":"Действующий",
"DBIDENT":"1819005",
"NAME":"SHANGHAI/HONGQIAO",
"":"",
"LATITUDE":"311227N",
"LONGITUDE":"1212000E",
"ICAO_REG":"ZS",
"FREQUENCY":"0",
"ABSOLUTEHEIGHT":"0",
"SIGNPT_TYPE":"Дальномер DME",
"OBJTOTEXT":"0"} },
{"type":"Feature",
"geometry": {"type": "Point","coordinates": [121.337111111,31.209444444] },"properties":{
"id":"RTS.1007",
"STATUS":"Действующий",
"DBIDENT":"1819006",
"NAME":"SHANGHAI/HONGQIAO",
"":"",
"LATITUDE":"311234N",
"LONGITUDE":"1212014E",
"ICAO_REG":"ZS",
"FREQUENCY":"0",
"ABSOLUTEHEIGHT":"0",
"SIGNPT_TYPE":"Дальномер DME",
"OBJTOTEXT":"0"} },
{"type":"Feature",
"geometry": {"type": "Point","coordinates": [121.334233333,31.188955556] },"properties":{
"id":"RTS.1008",
"STATUS":"Действующий",
"DBIDENT":"1819007",
"NAME":"SHANGHAI/HONGQIAO",
"":"",
"LATITUDE":"311120N",
"LONGITUDE":"1212003E",
"ICAO_REG":"ZS",
"FREQUENCY":"0",
"ABSOLUTEHEIGHT":"0",
"SIGNPT_TYPE":"Дальномер DME",
"OBJTOTEXT":"0"} },
{"type":"Feature",
"geometry": {"type": "Point","coordinates": [121.338152778,31.186397222] },"properties":{
"id":"RTS.1009",
"STATUS":"Действующий",
"DBIDENT":"1819008",
"NAME":"SHANGHAI/HONGQIAO",
"":"",
"LATITUDE":"311111N",
"LONGITUDE":"1212017E",
"ICAO_REG":"ZS",
"FREQUENCY":"0",
"ABSOLUTEHEIGHT":"0",
"SIGNPT_TYPE":"Дальномер DME",
"OBJTOTEXT":"0"} },
{"type":"Feature",
"geometry": {"type": "Point","coordinates": [118.249041667,29.739933333] },"properties":{
"id":"RTS.1010",
"STATUS":"Действующий",
"DBIDENT":"1819009",
"NAME":"HUANGSHAN/TUNXI",
"":"",
"LATITUDE":"294424N",
"LONGITUDE":"1181457E",
"ICAO_REG":"ZS",
"FREQUENCY":"0",
"ABSOLUTEHEIGHT":"0",
"SIGNPT_TYPE":"Дальномер DME",
"OBJTOTEXT":"0"} },
{"type":"Feature",
"geometry": {"type": "Point","coordinates": [122.232033333,37.196838889] },"properties":{
"id":"RTS.1011",
"STATUS":"Действующий",
"DBIDENT":"1819010",
"NAME":"WEIHAI/DASHUIPO",
"":"",
"LATITUDE":"371149N",
"LONGITUDE":"1221355E",
"ICAO_REG":"ZS",
"FREQUENCY":"0",
"ABSOLUTEHEIGHT":"0",
"SIGNPT_TYPE":"Дальномер DME",
"OBJTOTEXT":"0"} },
{"type":"Feature",
"geometry": {"type": "Point","coordinates": [122.225211111,37.180036111] },"properties":{
"id":"RTS.1012",
"STATUS":"Действующий",
"DBIDENT":"1819011",
"NAME":"WEIHAI/DASHUIPO",
"":"",
"LATITUDE":"371048N",
"LONGITUDE":"1221331E",
"ICAO_REG":"ZS",
"FREQUENCY":"0",
"ABSOLUTEHEIGHT":"0",
"SIGNPT_TYPE":"Дальномер DME",
"OBJTOTEXT":"0"} },
{"type":"Feature",
"geometry": {"type": "Point","coordinates": [120.436416667,31.507822222] },"properties":{
"id":"RTS.1013",
"STATUS":"Действующий",
"DBIDENT":"1819012",
"NAME":"WUXI/SHUOFANG",
"":"",
"LATITUDE":"313028N",
"LONGITUDE":"1202611E",
"ICAO_REG":"ZS",
"FREQUENCY":"0",
"ABSOLUTEHEIGHT":"0",
"SIGNPT_TYPE":"Дальномер DME",
"OBJTOTEXT":"0"} },
{"type":"Feature",
"geometry": {"type": "Point","coordinates": [120.427158333,31.486100000] },"properties":{
"id":"RTS.1014",
"STATUS":"Действующий",
"DBIDENT":"1819013",
"NAME":"WUXI/SHUOFANG",
"":"",
"LATITUDE":"312910N",
"LONGITUDE":"1202538E",
"ICAO_REG":"ZS",
"FREQUENCY":"0",
"ABSOLUTEHEIGHT":"0",
"SIGNPT_TYPE":"Дальномер DME",
"OBJTOTEXT":"0"} },
{"type":"Feature",
"geometry": {"type": "Point","coordinates": [120.847100000,27.897797222] },"properties":{
"id":"RTS.1015",
"STATUS":"Действующий",
"DBIDENT":"1819014",
"NAME":"WENZHOU",
"":"",
"LATITUDE":"275352N",
"LONGITUDE":"1205050E",
"ICAO_REG":"ZS",
"FREQUENCY":"0",
"ABSOLUTEHEIGHT":"0",
"SIGNPT_TYPE":"Дальномер DME",
"OBJTOTEXT":"0"} },
{"type":"Feature",
"geometry": {"type": "Point","coordinates": [120.859380556,27.918144444] },"properties":{
"id":"RTS.1016",
"STATUS":"Действующий",
"DBIDENT":"1819015",
"NAME":"WENZHOU",
"":"",
"LATITUDE":"275505N",
"LONGITUDE":"1205134E",
"ICAO_REG":"ZS",
"FREQUENCY":"0",
"ABSOLUTEHEIGHT":"0",
"SIGNPT_TYPE":"Дальномер DME",
"OBJTOTEXT":"0"} },
{"type":"Feature",
"geometry": {"type": "Point","coordinates": [117.541347222,34.059513889] },"properties":{
"id":"RTS.1017",
"STATUS":"Действующий",
"DBIDENT":"1819016",
"NAME":"XUZHOU/GUANYIN",
"":"",
"LATITUDE":"340334N",
"LONGITUDE":"1173229E",
"ICAO_REG":"ZS",
"FREQUENCY":"0",
"ABSOLUTEHEIGHT":"0",
"SIGNPT_TYPE":"Дальномер DME",
"OBJTOTEXT":"0"} },
{"type":"Feature",
"geometry": {"type": "Point","coordinates": [117.571255556,34.061450000] },"properties":{
"id":"RTS.1018",
"STATUS":"Действующий",
"DBIDENT":"1819017",
"NAME":"XUZHOU/GUANYIN",
"":"",
"LATITUDE":"340341N",
"LONGITUDE":"1173417E",
"ICAO_REG":"ZS",
"FREQUENCY":"0",
"ABSOLUTEHEIGHT":"0",
"SIGNPT_TYPE":"Дальномер DME",
"OBJTOTEXT":"0"} },
{"type":"Feature",
"geometry": {"type": "Point","coordinates": [119.723211111,32.555688889] },"properties":{
"id":"RTS.1019",
"STATUS":"Действующий",
"DBIDENT":"1819018",
"NAME":"YANGZHOU/TAIZHOU",
"":"",
"LATITUDE":"323320N",
"LONGITUDE":"1194324E",
"ICAO_REG":"ZS",
"FREQUENCY":"0",
"ABSOLUTEHEIGHT":"0",
"SIGNPT_TYPE":"Дальномер DME",
"OBJTOTEXT":"0"} },
{"type":"Feature",
"geometry": {"type": "Point","coordinates": [119.717036111,32.578338889] },"properties":{
"id":"RTS.1020",
"STATUS":"Действующий",
"DBIDENT":"1819019",
"NAME":"YANGZHOU/TAIZHOU",
"":"",
"LATITUDE":"323442N",
"LONGITUDE":"1194301E",
"ICAO_REG":"ZS",
"FREQUENCY":"0",
"ABSOLUTEHEIGHT":"0",
"SIGNPT_TYPE":"Дальномер DME",
"OBJTOTEXT":"0"} },
{"type":"Feature",
"geometry": {"type": "Point","coordinates": [120.199086111,33.419980556] },"properties":{
"id":"RTS.1021",
"STATUS":"Действующий",
"DBIDENT":"1819020",
"NAME":"YANCHENG/NANYANG",
"":"",
"LATITUDE":"332512N",
"LONGITUDE":"1201157E",
"ICAO_REG":"ZS",
"FREQUENCY":"0",
"ABSOLUTEHEIGHT":"0",
"SIGNPT_TYPE":"Дальномер DME",
"OBJTOTEXT":"0"} },
{"type":"Feature",
"geometry": {"type": "Point","coordinates": [120.213566667,33.435350000] },"properties":{
"id":"RTS.1022",
"STATUS":"Действующий",
"DBIDENT":"1819021",
"NAME":"YANCHENG/NANYANG",
"":"",
"LATITUDE":"332607N",
"LONGITUDE":"1201249E",
"ICAO_REG":"ZS",
"FREQUENCY":"0",
"ABSOLUTEHEIGHT":"0",
"SIGNPT_TYPE":"Дальномер DME",
"OBJTOTEXT":"0"} },
{"type":"Feature",
"geometry": {"type": "Point","coordinates": [120.967097222,37.651577778] },"properties":{
"id":"RTS.1023",
"STATUS":"Действующий",
"DBIDENT":"1819022",
"NAME":"YANTAI/PENGLAI",
"":"",
"LATITUDE":"373906N",
"LONGITUDE":"1205802E",
"ICAO_REG":"ZS",
"FREQUENCY":"0",
"ABSOLUTEHEIGHT":"0",
"SIGNPT_TYPE":"Дальномер DME",
"OBJTOTEXT":"0"} },
{"type":"Feature",
"geometry": {"type": "Point","coordinates": [120.988097222,37.669911111] },"properties":{
"id":"RTS.1024",
"STATUS":"Действующий",
"DBIDENT":"1819023",
"NAME":"YANTAI/PENGLAI",
"":"",
"LATITUDE":"374012N",
"LONGITUDE":"1205917E",
"ICAO_REG":"ZS",
"FREQUENCY":"0",
"ABSOLUTEHEIGHT":"0",
"SIGNPT_TYPE":"Дальномер DME",
"OBJTOTEXT":"0"} },
{"type":"Feature",
"geometry": {"type": "Point","coordinates": [120.028997222,29.332480556] },"properties":{
"id":"RTS.1025",
"STATUS":"Действующий",
"DBIDENT":"1819024",
"NAME":"YIWU",
"":"",
"LATITUDE":"291957N",
"LONGITUDE":"1200144E",
"ICAO_REG":"ZS",
"FREQUENCY":"0",
"ABSOLUTEHEIGHT":"0",
"SIGNPT_TYPE":"Дальномер DME",
"OBJTOTEXT":"0"} },
{"type":"Feature",
"geometry": {"type": "Point","coordinates": [122.362411111,29.942741667] },"properties":{
"id":"RTS.1026",
"STATUS":"Действующий",
"DBIDENT":"1819025",
"NAME":"ZHOUSHAN/PUTUOSHAN",
"":"",
"LATITUDE":"295634N",
"LONGITUDE":"1222145E",
"ICAO_REG":"ZS",
"FREQUENCY":"0",
"ABSOLUTEHEIGHT":"0",
"SIGNPT_TYPE":"Дальномер DME",
"OBJTOTEXT":"0"} },
{"type":"Feature",
"geometry": {"type": "Point","coordinates": [122.364330556,29.926752778] },"properties":{
"id":"RTS.1027",
"STATUS":"Действующий",
"DBIDENT":"1819026",
"NAME":"ZHOUSHAN/PUTUOSHAN",
"":"",
"LATITUDE":"295536N",
"LONGITUDE":"1222152E",
"ICAO_REG":"ZS",
"FREQUENCY":"0",
"ABSOLUTEHEIGHT":"0",
"SIGNPT_TYPE":"Дальномер DME",
"OBJTOTEXT":"0"} },
{"type":"Feature",
"geometry": {"type": "Point","coordinates": [106.673180556,29.743986111] },"properties":{
"id":"RTS.1028",
"STATUS":"Действующий",
"DBIDENT":"1819027",
"NAME":"CHONGQING/JIANGBEI",
"":"",
"LATITUDE":"294438N",
"LONGITUDE":"1064023E",
"ICAO_REG":"ZP",
"FREQUENCY":"0",
"ABSOLUTEHEIGHT":"0",
"SIGNPT_TYPE":"Дальномер DME",
"OBJTOTEXT":"0"} },
{"type":"Feature",
"geometry": {"type": "Point","coordinates": [106.643327778,29.708727778] },"properties":{
"id":"RTS.1029",
"STATUS":"Действующий",
"DBIDENT":"1819028",
"NAME":"CHONGQING/JIANGBEI",
"":"",
"LATITUDE":"294231N",
"LONGITUDE":"1063836E",
"ICAO_REG":"ZP",
"FREQUENCY":"0",
"ABSOLUTEHEIGHT":"0",
"SIGNPT_TYPE":"Дальномер DME",
"OBJTOTEXT":"0"} },
{"type":"Feature",
"geometry": {"type": "Point","coordinates": [106.651150000,29.731058333] },"properties":{
"id":"RTS.1030",
"STATUS":"Действующий",
"DBIDENT":"1819029",
"NAME":"CHONGQING/JIANGBEI",
"":"",
"LATITUDE":"294352N",
"LONGITUDE":"1063904E",
"ICAO_REG":"ZP",
"FREQUENCY":"0",
"ABSOLUTEHEIGHT":"0",
"SIGNPT_TYPE":"Дальномер DME",
"OBJTOTEXT":"0"} },
{"type":"Feature",
"geometry": {"type": "Point","coordinates": [106.646666667,29.729955556] },"properties":{
"id":"RTS.1031",
"STATUS":"Действующий",
"DBIDENT":"1819030",
"NAME":"CHONGQING/JIANGBEI",
"":"",
"LATITUDE":"294348N",
"LONGITUDE":"1063848E",
"ICAO_REG":"ZP",
"FREQUENCY":"0",
"ABSOLUTEHEIGHT":"0",
"SIGNPT_TYPE":"Дальномер DME",
"OBJTOTEXT":"0"} },
{"type":"Feature",
"geometry": {"type": "Point","coordinates": [106.663533333,29.716455556] },"properties":{
"id":"RTS.1032",
"STATUS":"Действующий",
"DBIDENT":"1819031",
"NAME":"CHONGQING/JIANGBEI",
"":"",
"LATITUDE":"294259N",
"LONGITUDE":"1063949E",
"ICAO_REG":"ZP",
"FREQUENCY":"0",
"ABSOLUTEHEIGHT":"0",
"SIGNPT_TYPE":"Дальномер DME",
"OBJTOTEXT":"0"} },
{"type":"Feature",
"geometry": {"type": "Point","coordinates": [106.638758333,29.707383333] },"properties":{
"id":"RTS.1033",
"STATUS":"Действующий",
"DBIDENT":"1819032",
"NAME":"CHONGQING/JIANGBEI",
"":"",
"LATITUDE":"294227N",
"LONGITUDE":"1063820E",
"ICAO_REG":"ZP",
"FREQUENCY":"0",
"ABSOLUTEHEIGHT":"0",
"SIGNPT_TYPE":"Дальномер DME",
"OBJTOTEXT":"0"} },
{"type":"Feature",
"geometry": {"type": "Point","coordinates": [106.808866667,26.554175000] },"properties":{
"id":"RTS.1034",
"STATUS":"Действующий",
"DBIDENT":"1819033",
"NAME":"GUIYANG LONGDONGBAO",
"":"",
"LATITUDE":"263315N",
"LONGITUDE":"1064832E",
"ICAO_REG":"ZP",
"FREQUENCY":"0",
"ABSOLUTEHEIGHT":"0",
"SIGNPT_TYPE":"Дальномер DME",
"OBJTOTEXT":"0"} },
{"type":"Feature",
"geometry": {"type": "Point","coordinates": [106.800241667,26.526766667] },"properties":{
"id":"RTS.1035",
"STATUS":"Действующий",
"DBIDENT":"1819034",
"NAME":"GUIYANG/LONGDONGBAO",
"":"",
"LATITUDE":"263136N",
"LONGITUDE":"1064801E",
"ICAO_REG":"ZP",
"FREQUENCY":"0",
"ABSOLUTEHEIGHT":"0",
"SIGNPT_TYPE":"Дальномер DME",
"OBJTOTEXT":"0"} },
{"type":"Feature",
"geometry": {"type": "Point","coordinates": [106.804608333,26.549038889] },"properties":{
"id":"RTS.1036",
"STATUS":"Действующий",
"DBIDENT":"1819035",
"NAME":"GUIYANG LONGDONGBAO",
"":"",
"LATITUDE":"263257N",
"LONGITUDE":"1064817E",
"ICAO_REG":"ZP",
"FREQUENCY":"0",
"ABSOLUTEHEIGHT":"0",
"SIGNPT_TYPE":"Дальномер DME",
"OBJTOTEXT":"0"} },
{"type":"Feature",
"geometry": {"type": "Point","coordinates": [106.803427778,26.526427778] },"properties":{
"id":"RTS.1037",
"STATUS":"Действующий",
"DBIDENT":"1819036",
"NAME":"GUIYANG LONGDONGBAO",
"":"",
"LATITUDE":"263135N",
"LONGITUDE":"1064812E",
"ICAO_REG":"ZP",
"FREQUENCY":"0",
"ABSOLUTEHEIGHT":"0",
"SIGNPT_TYPE":"Дальномер DME",
"OBJTOTEXT":"0"} },
{"type":"Feature",
"geometry": {"type": "Point","coordinates": [90.929583333,29.299375000] },"properties":{
"id":"RTS.1038",
"STATUS":"Действующий",
"DBIDENT":"1819037",
"NAME":"LHASA",
"":"",
"LATITUDE":"291758N",
"LONGITUDE":"0905547E",
"ICAO_REG":"ZP",
"FREQUENCY":"0",
"ABSOLUTEHEIGHT":"0",
"SIGNPT_TYPE":"Дальномер DME",
"OBJTOTEXT":"0"} },
{"type":"Feature",
"geometry": {"type": "Point","coordinates": [104.430850000,30.321536111] },"properties":{
"id":"RTS.1039",
"STATUS":"Действующий",
"DBIDENT":"1819038",
"NAME":"CHENGDU/TIANFU",
"":"",
"LATITUDE":"301918N",
"LONGITUDE":"1042551E",
"ICAO_REG":"ZP",
"FREQUENCY":"0",
"ABSOLUTEHEIGHT":"0",
"SIGNPT_TYPE":"Дальномер DME",
"OBJTOTEXT":"0"} },
{"type":"Feature",
"geometry": {"type": "Point","coordinates": [104.450938889,30.301347222] },"properties":{
"id":"RTS.1040",
"STATUS":"Действующий",
"DBIDENT":"1819039",
"NAME":"CHENGDU/TIANFU",
"":"",
"LATITUDE":"301805N",
"LONGITUDE":"1042703E",
"ICAO_REG":"ZP",
"FREQUENCY":"0",
"ABSOLUTEHEIGHT":"0",
"SIGNPT_TYPE":"Дальномер DME",
"OBJTOTEXT":"0"} },
{"type":"Feature",
"geometry": {"type": "Point","coordinates": [104.417569444,30.293363889] },"properties":{
"id":"RTS.1041",
"STATUS":"Действующий",
"DBIDENT":"1819040",
"NAME":"CHENGDU/TIANFU",
"":"",
"LATITUDE":"301736N",
"LONGITUDE":"1042503E",
"ICAO_REG":"ZP",
"FREQUENCY":"0",
"ABSOLUTEHEIGHT":"0",
"SIGNPT_TYPE":"Дальномер DME",
"OBJTOTEXT":"0"} },
{"type":"Feature",
"geometry": {"type": "Point","coordinates": [104.440852778,30.279741667] },"properties":{
"id":"RTS.1042",
"STATUS":"Действующий",
"DBIDENT":"1819041",
"NAME":"CHENGDU/TIANFU",
"":"",
"LATITUDE":"301647N",
"LONGITUDE":"1042627E",
"ICAO_REG":"ZP",
"FREQUENCY":"0",
"ABSOLUTEHEIGHT":"0",
"SIGNPT_TYPE":"Дальномер DME",
"OBJTOTEXT":"0"} },
{"type":"Feature",
"geometry": {"type": "Point","coordinates": [109.303705556,27.880416667] },"properties":{
"id":"RTS.1043",
"STATUS":"Действующий",
"DBIDENT":"1819042",
"NAME":"TONGREN/FENGHUANG",
"":"",
"LATITUDE":"275250N",
"LONGITUDE":"1091813E",
"ICAO_REG":"ZP",
"FREQUENCY":"0",
"ABSOLUTEHEIGHT":"0",
"SIGNPT_TYPE":"Дальномер DME",
"OBJTOTEXT":"0"} },
{"type":"Feature",
"geometry": {"type": "Point","coordinates": [103.951619444,30.591319444] },"properties":{
"id":"RTS.1044",
"STATUS":"Действующий",
"DBIDENT":"1819043",
"NAME":"CHENGDU/SHUANGLIU",
"":"",
"LATITUDE":"303529N",
"LONGITUDE":"1035706E",
"ICAO_REG":"ZP",
"FREQUENCY":"0",
"ABSOLUTEHEIGHT":"0",
"SIGNPT_TYPE":"Дальномер DME",
"OBJTOTEXT":"0"} },
{"type":"Feature",
"geometry": {"type": "Point","coordinates": [103.939208333,30.521936111] },"properties":{
"id":"RTS.1045",
"STATUS":"Действующий",
"DBIDENT":"1819044",
"NAME":"CHENGDU/SHUANGLIU",
"":"",
"LATITUDE":"303119N",
"LONGITUDE":"1035621E",
"ICAO_REG":"ZP",
"FREQUENCY":"0",
"ABSOLUTEHEIGHT":"0",
"SIGNPT_TYPE":"Дальномер DME",
"OBJTOTEXT":"0"} },
{"type":"Feature",
"geometry": {"type": "Point","coordinates": [103.950627778,30.546822222] },"properties":{
"id":"RTS.1046",
"STATUS":"Действующий",
"DBIDENT":"1819045",
"NAME":"CHENGDU/SHUANGLIU",
"":"",
"LATITUDE":"303249N",
"LONGITUDE":"1035702E",
"ICAO_REG":"ZP",
"FREQUENCY":"0",
"ABSOLUTEHEIGHT":"0",
"SIGNPT_TYPE":"Дальномер DME",
"OBJTOTEXT":"0"} },
{"type":"Feature",
"geometry": {"type": "Point","coordinates": [103.940047222,30.566463889] },"properties":{
"id":"RTS.1047",
"STATUS":"Действующий",
"DBIDENT":"1819046",
"NAME":"CHENGDU/SHUANGLIU",
"":"",
"LATITUDE":"303359N",
"LONGITUDE":"1035624E",
"ICAO_REG":"ZP",
"FREQUENCY":"0",
"ABSOLUTEHEIGHT":"0",
"SIGNPT_TYPE":"Дальномер DME",
"OBJTOTEXT":"0"} },
{"type":"Feature",
"geometry": {"type": "Point","coordinates": [108.440833333,30.797961111] },"properties":{
"id":"RTS.1048",
"STATUS":"Действующий",
"DBIDENT":"1819047",
"NAME":"WANZHOU/WUQIAO",
"":"",
"LATITUDE":"304753N",
"LONGITUDE":"1082627E",
"ICAO_REG":"ZP",
"FREQUENCY":"0",
"ABSOLUTEHEIGHT":"0",
"SIGNPT_TYPE":"Дальномер DME",
"OBJTOTEXT":"0"} },
{"type":"Feature",
"geometry": {"type": "Point","coordinates": [102.183755556,27.975913889] },"properties":{
"id":"RTS.1049",
"STATUS":"Действующий",
"DBIDENT":"1819048",
"NAME":"XICHANG",
"":"",
"LATITUDE":"275833N",
"LONGITUDE":"1021102E",
"ICAO_REG":"ZP",
"FREQUENCY":"0",
"ABSOLUTEHEIGHT":"0",
"SIGNPT_TYPE":"Дальномер DME",
"OBJTOTEXT":"0"} },
{"type":"Feature",
"geometry": {"type": "Point","coordinates": [107.245669444,27.821016667] },"properties":{
"id":"RTS.1050",
"STATUS":"Действующий",
"DBIDENT":"1819049",
"NAME":"ZUNYI/XINZHOU",
"":"",
"LATITUDE":"274916N",
"LONGITUDE":"1071444E",
"ICAO_REG":"ZP",
"FREQUENCY":"0",
"ABSOLUTEHEIGHT":"0",
"SIGNPT_TYPE":"Дальномер DME",
"OBJTOTEXT":"0"} },
{"type":"Feature",
"geometry": {"type": "Point","coordinates": [76.034838889,39.544313889] },"properties":{
"id":"RTS.1051",
"STATUS":"Действующий",
"DBIDENT":"1819050",
"NAME":"KASHI",
"ALT_NAME":"КАШИ",
"DESIGNATOR":"ILL",
"":"",
"LATITUDE":"393240N",
"LONGITUDE":"0760205E",
"ICAO_REG":"ZW",
"DECLINATION":"4",
"":"",
"FREQUENCY":"111.1",
"ABSOLUTEHEIGHT":"1385",
"SIGNPT_TYPE":"Дальномер DME",
"OBJTOTEXT":"0",
"MAGVAR":"4"} },
{"type":"Feature",
"geometry": {"type": "Point","coordinates": [76.004666667,39.542697222] },"properties":{
"id":"RTS.1052",
"STATUS":"Действующий",
"DBIDENT":"1819051",
"NAME":"KASHI",
"ALT_NAME":"КАШИ",
"DESIGNATOR":"IXX",
"":"",
"LATITUDE":"393234N",
"LONGITUDE":"0760017E",
"ICAO_REG":"ZW",
"DECLINATION":"4",
"":"",
"FREQUENCY":"109.9",
"ABSOLUTEHEIGHT":"1388",
"SIGNPT_TYPE":"Дальномер DME",
"OBJTOTEXT":"0",
"MAGVAR":"4"} },
{"type":"Feature",
"geometry": {"type": "Point","coordinates": [79.876775000,37.033452778] },"properties":{
"id":"RTS.1053",
"STATUS":"Действующий",
"DBIDENT":"1819052",
"NAME":"HOTAN",
"":"",
"LATITUDE":"370200N",
"LONGITUDE":"0795236E",
"ICAO_REG":"ZW",
"FREQUENCY":"0",
"ABSOLUTEHEIGHT":"0",
"SIGNPT_TYPE":"Дальномер DME",
"OBJTOTEXT":"0"} },
{"type":"Feature",
"geometry": {"type": "Point","coordinates": [87.456241667,43.904438889] },"properties":{
"id":"RTS.1054",
"STATUS":"Действующий",
"DBIDENT":"1819053",
"NAME":"URUMQI/DIWOPU",
"":"",
"LATITUDE":"435416N",
"LONGITUDE":"0872722E",
"ICAO_REG":"ZW",
"FREQUENCY":"0",
"ABSOLUTEHEIGHT":"0",
"SIGNPT_TYPE":"Дальномер DME",
"OBJTOTEXT":"0"} },
{"type":"Feature",
"geometry": {"type": "Point","coordinates": [87.491066667,43.911861111] },"properties":{
"id":"RTS.1055",
"STATUS":"Действующий",
"DBIDENT":"1819054",
"NAME":"URUMQI/DIWOPU",
"":"",
"LATITUDE":"435443N",
"LONGITUDE":"0872928E",
"ICAO_REG":"ZW",
"FREQUENCY":"0",
"ABSOLUTEHEIGHT":"0",
"SIGNPT_TYPE":"Дальномер DME",
"OBJTOTEXT":"0"} },
{"type":"Feature",
"geometry": {"type": "Point","coordinates": [125.672316667,43.989813889] },"properties":{
"id":"RTS.1056",
"STATUS":"Действующий",
"DBIDENT":"1819055",
"NAME":"CHANGCHUN/LONGJIA",
"":"",
"LATITUDE":"435923N",
"LONGITUDE":"1254020E",
"ICAO_REG":"ZY",
"FREQUENCY":"0",
"ABSOLUTEHEIGHT":"0",
"SIGNPT_TYPE":"Дальномер DME",
"OBJTOTEXT":"0"} },
{"type":"Feature",
"geometry": {"type": "Point","coordinates": [125.696533333,44.004844444] },"properties":{
"id":"RTS.1057",
"STATUS":"Действующий",
"DBIDENT":"1819056",
"NAME":"CHANGCHUN/LONGJIA",
"":"",
"LATITUDE":"440017N",
"LONGITUDE":"1254148E",
"ICAO_REG":"ZY",
"FREQUENCY":"0",
"ABSOLUTEHEIGHT":"0",
"SIGNPT_TYPE":"Дальномер DME",
"OBJTOTEXT":"0"} },
{"type":"Feature",
"geometry": {"type": "Point","coordinates": [124.289300000,40.034088889] },"properties":{
"id":"RTS.1058",
"STATUS":"Действующий",
"DBIDENT":"1819057",
"NAME":"DANDONG/LANGTOU",
"":"",
"LATITUDE":"400203N",
"LONGITUDE":"1241721E",
"ICAO_REG":"ZY",
"FREQUENCY":"0",
"ABSOLUTEHEIGHT":"0",
"SIGNPT_TYPE":"Дальномер DME",
"OBJTOTEXT":"0"} },
{"type":"Feature",
"geometry": {"type": "Point","coordinates": [126.241158333,45.614102778] },"properties":{
"id":"RTS.1059",
"STATUS":"Действующий",
"DBIDENT":"1819058",
"NAME":"HARBIN/TAIPING",
"":"",
"LATITUDE":"453651N",
"LONGITUDE":"1261428E",
"ICAO_REG":"ZY",
"FREQUENCY":"0",
"ABSOLUTEHEIGHT":"0",
"SIGNPT_TYPE":"Дальномер DME",
"OBJTOTEXT":"0"} },
{"type":"Feature",
"geometry": {"type": "Point","coordinates": [126.262030556,45.631600000] },"properties":{
"id":"RTS.1060",
"STATUS":"Действующий",
"DBIDENT":"1819059",
"NAME":"HARBIN/TAIPING",
"":"",
"LATITUDE":"453754N",
"LONGITUDE":"1261543E",
"ICAO_REG":"ZY",
"FREQUENCY":"0",
"ABSOLUTEHEIGHT":"0",
"SIGNPT_TYPE":"Дальномер DME",
"OBJTOTEXT":"0"} },
{"type":"Feature",
"geometry": {"type": "Point","coordinates": [129.576033333,44.532263889] },"properties":{
"id":"RTS.1061",
"STATUS":"Действующий",
"DBIDENT":"1819060",
"NAME":"MUDANJIANG/HAILANG",
"":"",
"LATITUDE":"443156N",
"LONGITUDE":"1293434E",
"ICAO_REG":"ZY",
"FREQUENCY":"0",
"ABSOLUTEHEIGHT":"0",
"SIGNPT_TYPE":"Дальномер DME",
"OBJTOTEXT":"0"} },
{"type":"Feature",
"geometry": {"type": "Point","coordinates": [123.915000000,47.248333333] },"properties":{
"id":"RTS.1062",
"STATUS":"Действующий",
"DBIDENT":"1819061",
"NAME":"QIQIHAR/SANJIAZI",
"":"",
"LATITUDE":"471454N",
"LONGITUDE":"1235454E",
"ICAO_REG":"ZY",
"FREQUENCY":"0",
"ABSOLUTEHEIGHT":"0",
"SIGNPT_TYPE":"Дальномер DME",
"OBJTOTEXT":"0"} },
{"type":"Feature",
"geometry": {"type": "Point","coordinates": [121.548313889,38.966316667] },"properties":{
"id":"RTS.1063",
"STATUS":"Действующий",
"DBIDENT":"1819062",
"NAME":"DALIAN/ZHOUSHUIZI",
"":"",
"LATITUDE":"385759N",
"LONGITUDE":"1213254E",
"ICAO_REG":"ZY",
"FREQUENCY":"0",
"ABSOLUTEHEIGHT":"0",
"SIGNPT_TYPE":"Дальномер DME",
"OBJTOTEXT":"0"} },
{"type":"Feature",
"geometry": {"type": "Point","coordinates": [121.525500000,38.965438889] },"properties":{
"id":"RTS.1064",
"STATUS":"Действующий",
"DBIDENT":"1819063",
"NAME":"DALIAN/ZHOUSHUIZI",
"":"",
"LATITUDE":"385756N",
"LONGITUDE":"1213132E",
"ICAO_REG":"ZY",
"FREQUENCY":"0",
"ABSOLUTEHEIGHT":"0",
"SIGNPT_TYPE":"Дальномер DME",
"OBJTOTEXT":"0"} },
{"type":"Feature",
"geometry": {"type": "Point","coordinates": [123.496077778,41.646841667] },"properties":{
"id":"RTS.1065",
"STATUS":"Действующий",
"DBIDENT":"1819064",
"NAME":"SHENYANG/TAOXIAN",
"":"",
"LATITUDE":"413849N",
"LONGITUDE":"1232946E",
"ICAO_REG":"ZY",
"FREQUENCY":"0",
"ABSOLUTEHEIGHT":"0",
"SIGNPT_TYPE":"Дальномер DME",
"OBJTOTEXT":"0"} },
{"type":"Feature",
"geometry": {"type": "Point","coordinates": [123.472902778,41.631472222] },"properties":{
"id":"RTS.1066",
"STATUS":"Действующий",
"DBIDENT":"1819065",
"NAME":"SHENYANG/TAOXIAN",
"":"",
"LATITUDE":"413753N",
"LONGITUDE":"1232822E",
"ICAO_REG":"ZY",
"FREQUENCY":"0",
"ABSOLUTEHEIGHT":"0",
"SIGNPT_TYPE":"Дальномер DME",
"OBJTOTEXT":"0"} },
{"type":"Feature",
"geometry": {"type": "Point","coordinates": [39.026666667,44.139444444] },"properties":{
"id":"RTS.1067",
"STATUS":"Действующий",
"DBIDENT":"1819078",
"NAME":"AGOY",
"ALT_NAME":"АГОЙ",
"DESIGNATOR":"AG",
"":"",
"LATITUDE":"440822N",
"LONGITUDE":"0390136E",
"ICAO_REG":"UX",
"DECLINATION":"7.3",
"FREQUENCY":"0.381",
"ABSOLUTEHEIGHT":"0",
"SIGNPT_TYPE":"Маяк NDB",
"OBJTOTEXT":"0",
"MAGVAR":"7"} },
{"type":"Feature",
"geometry": {"type": "Point","coordinates": [116.916666667,36.723333333] },"properties":{
"id":"RTS.1068",
"STATUS":"Действующий",
"DBIDENT":"1819095",
"NAME":"ZHANGZHUANG",
"DESIGNATOR":"AR",
"":"",
"LATITUDE":"364324N",
"LONGITUDE":"1165500E",
"ICAO_REG":"ZS",
"DECLINATION":"-6.5",
"FREQUENCY":"0.52",
"ABSOLUTEHEIGHT":"0",
"SIGNPT_TYPE":"Маяк NDB",
"OBJTOTEXT":"0",
"MAGVAR":"-7"} },
{"type":"Feature",
"geometry": {"type": "Point","coordinates": [25.239722222,54.927222222] },"properties":{
"id":"RTS.1069",
"STATUS":"Действующий",
"DBIDENT":"1819098",
"NAME":"VILNIUS",
"DESIGNATOR":"PBZ",
"":"",
"LATITUDE":"545538N",
"LONGITUDE":"0251423E",
"ICAO_REG":"EY",
"DECLINATION":"8",
"":"",
"FREQUENCY":"117.25",
"ABSOLUTEHEIGHT":"240",
"SIGNPT_TYPE":"Дальномер DME",
"OBJTOTEXT":"0",
"MAGVAR":"8"} },
{"type":"Feature",
"geometry": {"type": "Point","coordinates": [170.583333333,69.803333333] },"properties":{
"id":"RTS.1070",
"STATUS":"Действующий",
"DBIDENT":"1819101",
"NAME":"PEVEK",
"ALT_NAME":"ПЕВЕК",
"DESIGNATOR":"PK",
"":"",
"LATITUDE":"694812N",
"LONGITUDE":"1703500E",
"ICAO_REG":"UX",
"DECLINATION":"-6",
"FREQUENCY":"0.56",
"ABSOLUTEHEIGHT":"0",
"SIGNPT_TYPE":"Маяк NDB",
"OBJTOTEXT":"0",
"MAGVAR":"-6"} },
{"type":"Feature",
"geometry": {"type": "Point","coordinates": [103.194722222,52.442222222] },"properties":{
"id":"RTS.1071",
"STATUS":"Действующий",
"DBIDENT":"1819112",
"NAME":"RAZDOLYE",
"ALT_NAME":"РАЗДОЛЬЕ",
"DESIGNATOR":"BD",
"":"",
"LATITUDE":"522632N",
"LONGITUDE":"1031141E",
"ICAO_REG":"UX",
"DECLINATION":"-3.5",
"FREQUENCY":"0.635",
"ABSOLUTEHEIGHT":"0",
"SIGNPT_TYPE":"Маяк NDB",
"OBJTOTEXT":"0",
"MAGVAR":"-4"} },
{"type":"Feature",
"geometry": {"type": "Point","coordinates": [121.333333333,29.895000000] },"properties":{
"id":"RTS.1072",
"STATUS":"Действующий",
"DBIDENT":"1819126",
"NAME":"LISHE",
"DESIGNATOR":"BK",
"":"",
"LATITUDE":"295342N",
"LONGITUDE":"1212000E",
"ICAO_REG":"ZS",
"DECLINATION":"-5.8",
"FREQUENCY":"0.227",
"ABSOLUTEHEIGHT":"0",
"SIGNPT_TYPE":"Маяк NDB",
"OBJTOTEXT":"0",
"MAGVAR":"-6"} },
{"type":"Feature",
"geometry": {"type": "Point","coordinates": [112.116666667,43.418333333] },"properties":{
"id":"RTS.1073",
"STATUS":"Действующий",
"DBIDENT":"1819131",
"NAME":"ERENHOT",
"DESIGNATOR":"BN",
"":"",
"LATITUDE":"432506N",
"LONGITUDE":"1120700E",
"ICAO_REG":"ZB",
"DECLINATION":"-6.5",
"FREQUENCY":"0.458",
"ABSOLUTEHEIGHT":"0",
"SIGNPT_TYPE":"Маяк NDB",
"OBJTOTEXT":"0",
"MAGVAR":"-7"} },
{"type":"Feature",
"geometry": {"type": "Point","coordinates": [118.349138889,24.426472222] },"properties":{
"id":"RTS.1074",
"STATUS":"Действующий",
"DBIDENT":"1819134",
"NAME":"KINMEN",
"DESIGNATOR":"BS",
"":"",
"LATITUDE":"242535N",
"LONGITUDE":"1182057E",
"ICAO_REG":"RC",
"DECLINATION":"-4.3",
"FREQUENCY":"0.345",
"ABSOLUTEHEIGHT":"0",
"SIGNPT_TYPE":"Маяк NDB",
"OBJTOTEXT":"0",
"MAGVAR":"-4"} },
{"type":"Feature",
"geometry": {"type": "Point","coordinates": [114.218333333,35.416666667] },"properties":{
"id":"RTS.1075",
"STATUS":"Действующий",
"DBIDENT":"1819136",
"NAME":"LIYUANTUN",
"DESIGNATOR":"BS",
"":"",
"LATITUDE":"352500N",
"LONGITUDE":"1141306E",
"ICAO_REG":"ZH",
"DECLINATION":"-5.5",
"FREQUENCY":"0.285",
"ABSOLUTEHEIGHT":"0",
"SIGNPT_TYPE":"Маяк NDB",
"OBJTOTEXT":"0",
"MAGVAR":"-6"} },
{"type":"Feature",
"geometry": {"type": "Point","coordinates": [119.561666667,28.101666667] },"properties":{
"id":"RTS.1076",
"STATUS":"Действующий",
"DBIDENT":"1819142",
"NAME":"YUNHE",
"DESIGNATOR":"BZ",
"":"",
"LATITUDE":"280606N",
"LONGITUDE":"1193342E",
"ICAO_REG":"ZS",
"DECLINATION":"-5.1",
"FREQUENCY":"0.244",
"ABSOLUTEHEIGHT":"0",
"SIGNPT_TYPE":"Маяк NDB",
"OBJTOTEXT":"0",
"MAGVAR":"-5"} },
{"type":"Feature",
"geometry": {"type": "Point","coordinates": [115.805000000,40.013333333] },"properties":{
"id":"RTS.1077",
"STATUS":"Действующий",
"DBIDENT":"1819150",
"NAME":"QINGBAIKOU",
"DESIGNATOR":"CD",
"":"",
"LATITUDE":"400048N",
"LONGITUDE":"1154818E",
"ICAO_REG":"ZB",
"DECLINATION":"-7",
"FREQUENCY":"0.422",
"ABSOLUTEHEIGHT":"0",
"SIGNPT_TYPE":"Маяк NDB",
"OBJTOTEXT":"0",
"MAGVAR":"-7"} },
{"type":"Feature",
"geometry": {"type": "Point","coordinates": [111.621666667,28.848333333] },"properties":{
"id":"RTS.1078",
"STATUS":"Действующий",
"DBIDENT":"1819151",
"NAME":"CHANGDE",
"DESIGNATOR":"CD",
"":"",
"LATITUDE":"285054N",
"LONGITUDE":"1113718E",
"ICAO_REG":"ZG",
"DECLINATION":"-3.7",
"FREQUENCY":"0.225",
"ABSOLUTEHEIGHT":"0",
"SIGNPT_TYPE":"Маяк NDB",
"OBJTOTEXT":"0",
"MAGVAR":"-4"} },
{"type":"Feature",
"geometry": {"type": "Point","coordinates": [117.223333333,40.578333333] },"properties":{
"id":"RTS.1079",
"STATUS":"Действующий",
"DBIDENT":"1819152",
"NAME":"CHEDAOYU",
"DESIGNATOR":"CDY",
"":"",
"LATITUDE":"403442N",
"LONGITUDE":"1171324E",
"ICAO_REG":"ZB",
"DECLINATION":"-7.5",
"FREQUENCY":"0.292",
"ABSOLUTEHEIGHT":"0",
"SIGNPT_TYPE":"Маяк NDB",
"OBJTOTEXT":"0",
"MAGVAR":"-8"} },
{"type":"Feature",
"geometry": {"type": "Point","coordinates": [117.375000000,39.080000000] },"properties":{
"id":"RTS.1080",
"STATUS":"Действующий",
"DBIDENT":"1819155",
"NAME":"TIANJIN/BINHAI",
"DESIGNATOR":"CG",
"":"",
"LATITUDE":"390448N",
"LONGITUDE":"1172230E",
"ICAO_REG":"ZB",
"DECLINATION":"-7.2",
"FREQUENCY":"0.339",
"ABSOLUTEHEIGHT":"0",
"SIGNPT_TYPE":"Маяк NDB",
"OBJTOTEXT":"0",
"MAGVAR":"-7"} },
{"type":"Feature",
"geometry": {"type": "Point","coordinates": [120.166666667,30.305000000] },"properties":{
"id":"RTS.1081",
"STATUS":"Действующий",
"DBIDENT":"1819159",
"NAME":"JIANQIAO",
"DESIGNATOR":"CJ",
"":"",
"LATITUDE":"301818N",
"LONGITUDE":"1201000E",
"ICAO_REG":"ZS",
"DECLINATION":"-5.7",
"FREQUENCY":"0.324",
"ABSOLUTEHEIGHT":"0",
"SIGNPT_TYPE":"Маяк NDB",
"OBJTOTEXT":"0",
"MAGVAR":"-6"} },
{"type":"Feature",
"geometry": {"type": "Point","coordinates": [114.916666667,25.833333333] },"properties":{
"id":"RTS.1082",
"STATUS":"Действующий",
"DBIDENT":"1819161",
"NAME":"GANZHOU",
"DESIGNATOR":"CM",
"":"",
"LATITUDE":"255000N",
"LONGITUDE":"1145500E",
"ICAO_REG":"ZS",
"DECLINATION":"-3.8",
"FREQUENCY":"0.3",
"ABSOLUTEHEIGHT":"0",
"SIGNPT_TYPE":"Маяк NDB",
"OBJTOTEXT":"0",
"MAGVAR":"-4"} },
{"type":"Feature",
"geometry": {"type": "Point","coordinates": [25.993777778,48.241166667] },"properties":{
"id":"RTS.1083",
"STATUS":"Действующий",
"DBIDENT":"1819166",
"NAME":"CHERNIVTSI",
"DESIGNATOR":"CR",
"":"",
"LATITUDE":"481428N",
"LONGITUDE":"0255938E",
"ICAO_REG":"UK",
"DECLINATION":"6.5",
"FREQUENCY":"0.509",
"ABSOLUTEHEIGHT":"0",
"SIGNPT_TYPE":"Маяк NDB",
"OBJTOTEXT":"0",
"MAGVAR":"7"} },
{"type":"Feature",
"geometry": {"type": "Point","coordinates": [35.928888889,56.914444444] },"properties":{
"id":"RTS.1084",
"STATUS":"Действующий",
"DBIDENT":"1819169",
"NAME":"TVER Zmeyevo",
"ALT_NAME":"ТВЕРЬ Змеево",
"DESIGNATOR":"CU",
"":"",
"LATITUDE":"565452N",
"LONGITUDE":"0355544E",
"ICAO_REG":"UX",
"DECLINATION":"11.5",
"FREQUENCY":"1.195",
"ABSOLUTEHEIGHT":"0",
"SIGNPT_TYPE":"Маяк NDB",
"OBJTOTEXT":"0",
"MAGVAR":"12"} },
{"type":"Feature",
"geometry": {"type": "Point","coordinates": [116.371666667,40.121666667] },"properties":{
"id":"RTS.1085",
"STATUS":"Действующий",
"DBIDENT":"1819170",
"NAME":"SHAHE",
"DESIGNATOR":"CU",
"":"",
"LATITUDE":"400718N",
"LONGITUDE":"1162218E",
"ICAO_REG":"ZB",
"DECLINATION":"-7.2",
"FREQUENCY":"0.555",
"ABSOLUTEHEIGHT":"0",
"SIGNPT_TYPE":"Маяк NDB",
"OBJTOTEXT":"0",
"MAGVAR":"-7"} },
{"type":"Feature",
"geometry": {"type": "Point","coordinates": [124.287825000,39.948947222] },"properties":{
"id":"RTS.1086",
"STATUS":"Действующий",
"DBIDENT":"1819182",
"NAME":"LANGTOU",
"DESIGNATOR":"DF",
"":"",
"LATITUDE":"395656N",
"LONGITUDE":"1241716E",
"ICAO_REG":"ZY",
"DECLINATION":"-8.9",
"FREQUENCY":"0.399",
"ABSOLUTEHEIGHT":"0",
"SIGNPT_TYPE":"Маяк NDB",
"OBJTOTEXT":"0",
"MAGVAR":"-9"} },
{"type":"Feature",
"geometry": {"type": "Point","coordinates": [158.711944444,57.776364917] },"properties":{
"id":"RTS.1087",
"STATUS":"Действующий",
"DBIDENT":"1819184",
"NAME":"TIGIL",
"ALT_NAME":"ТИГИЛЬ",
"DESIGNATOR":"TG",
"":"",
"LATITUDE":"574635N",
"LONGITUDE":"1584243E",
"ICAO_REG":"UX",
"DECLINATION":"-8",
"":"",
"FREQUENCY":"110.5",
"ABSOLUTEHEIGHT":"180",
"SIGNPT_TYPE":"Дальномер DME",
"OBJTOTEXT":"0",
"MAGVAR":"-8"} },
{"type":"Feature",
"geometry": {"type": "Point","coordinates": [91.765000000,29.255000000] },"properties":{
"id":"RTS.1088",
"STATUS":"Действующий",
"DBIDENT":"1819190",
"NAME":"ZEDANG",
"DESIGNATOR":"DM",
"":"",
"LATITUDE":"291518N",
"LONGITUDE":"0914554E",
"ICAO_REG":"ZP",
"DECLINATION":"-0.2",
"FREQUENCY":"0.435",
"ABSOLUTEHEIGHT":"0",
"SIGNPT_TYPE":"Маяк NDB",
"OBJTOTEXT":"0",
"MAGVAR":"0"} },
{"type":"Feature",
"geometry": {"type": "Point","coordinates": [117.811666667,34.075000000] },"properties":{
"id":"RTS.1089",
"STATUS":"Действующий",
"DBIDENT":"1819193",
"NAME":"YAOJI",
"DESIGNATOR":"DO",
"":"",
"LATITUDE":"340430N",
"LONGITUDE":"1174842E",
"ICAO_REG":"ZS",
"DECLINATION":"-6.1",
"FREQUENCY":"0.266",
"ABSOLUTEHEIGHT":"0",
"SIGNPT_TYPE":"Маяк NDB",
"OBJTOTEXT":"0",
"MAGVAR":"-6"} },
{"type":"Feature",
"geometry": {"type": "Point","coordinates": [109.422888889,24.145869444] },"properties":{
"id":"RTS.1090",
"STATUS":"Действующий",
"DBIDENT":"1819199",
"NAME":"LIUZHOU",
"DESIGNATOR":"DR",
"":"",
"LATITUDE":"240845N",
"LONGITUDE":"1092522E",
"ICAO_REG":"ZG",
"DECLINATION":"-2.5",
"FREQUENCY":"0.23",
"ABSOLUTEHEIGHT":"0",
"SIGNPT_TYPE":"Маяк NDB",
"OBJTOTEXT":"0",
"MAGVAR":"-3"} },
{"type":"Feature",
"geometry": {"type": "Point","coordinates": [106.848333333,30.200000000] },"properties":{
"id":"RTS.1091",
"STATUS":"Действующий",
"DBIDENT":"1819200",
"NAME":"HELIUSHUI",
"DESIGNATOR":"DS",
"":"",
"LATITUDE":"301200N",
"LONGITUDE":"1065054E",
"ICAO_REG":"ZP",
"DECLINATION":"-2.8",
"FREQUENCY":"0.25",
"ABSOLUTEHEIGHT":"0",
"SIGNPT_TYPE":"Маяк NDB",
"OBJTOTEXT":"0",
"MAGVAR":"-3"} },
{"type":"Feature",
"geometry": {"type": "Point","coordinates": [104.430194444,43.597972222] },"properties":{
"id":"RTS.1092",
"STATUS":"Действующий",
"DBIDENT":"1819205",
"NAME":"UMNUGOBI",
"DESIGNATOR":"DZ",
"":"",
"LATITUDE":"433553N",
"LONGITUDE":"1042549E",
"ICAO_REG":"ZM",
"DECLINATION":"-4",
"FREQUENCY":"0.51",
"ABSOLUTEHEIGHT":"0",
"SIGNPT_TYPE":"Маяк NDB",
"OBJTOTEXT":"0",
"MAGVAR":"-4"} },
{"type":"Feature",
"geometry": {"type": "Point","coordinates": [121.628333333,38.868333333] },"properties":{
"id":"RTS.1093",
"STATUS":"Действующий",
"DBIDENT":"1819222",
"NAME":"FUJIAZHUANG",
"DESIGNATOR":"FC",
"":"",
"LATITUDE":"385206N",
"LONGITUDE":"1213742E",
"ICAO_REG":"ZY",
"DECLINATION":"-8.2",
"FREQUENCY":"0.213",
"ABSOLUTEHEIGHT":"0",
"SIGNPT_TYPE":"Маяк NDB",
"OBJTOTEXT":"0",
"MAGVAR":"-8"} },
{"type":"Feature",
"geometry": {"type": "Point","coordinates": [120.631666667,36.930000000] },"properties":{
"id":"RTS.1094",
"STATUS":"Действующий",
"DBIDENT":"1819223",
"NAME":"LAIYANG",
"DESIGNATOR":"FD",
"":"",
"LATITUDE":"365548N",
"LONGITUDE":"1203754E",
"ICAO_REG":"ZS",
"DECLINATION":"-7.5",
"FREQUENCY":"0.298",
"ABSOLUTEHEIGHT":"0",
"SIGNPT_TYPE":"Маяк NDB",
"OBJTOTEXT":"0",
"MAGVAR":"-8"} },
{"type":"Feature",
"geometry": {"type": "Point","coordinates": [114.888333333,38.248333333] },"properties":{
"id":"RTS.1095",
"STATUS":"Действующий",
"DBIDENT":"1819229",
"NAME":"WUJI",
"DESIGNATOR":"FL",
"":"",
"LATITUDE":"381454N",
"LONGITUDE":"1145318E",
"ICAO_REG":"ZB",
"DECLINATION":"-6.3",
"FREQUENCY":"0.272",
"ABSOLUTEHEIGHT":"0",
"SIGNPT_TYPE":"Маяк NDB",
"OBJTOTEXT":"0",
"MAGVAR":"-6"} },
{"type":"Feature",
"geometry": {"type": "Point","coordinates": [113.241666667,23.138333333] },"properties":{
"id":"RTS.1096",
"STATUS":"Действующий",
"DBIDENT":"1819230",
"NAME":"LO GUANGZHOU",
"DESIGNATOR":"FO",
"":"",
"LATITUDE":"230818N",
"LONGITUDE":"1131430E",
"ICAO_REG":"ZG",
"DECLINATION":"-3",
"FREQUENCY":"0.41",
"ABSOLUTEHEIGHT":"0",
"SIGNPT_TYPE":"Маяк NDB",
"OBJTOTEXT":"0",
"MAGVAR":"-3"} },
{"type":"Feature",
"geometry": {"type": "Point","coordinates": [111.762266667,40.837019444] },"properties":{
"id":"RTS.1097",
"STATUS":"Действующий",
"DBIDENT":"1819235",
"NAME":"HOHHOT/BAITA",
"DESIGNATOR":"FX",
"":"",
"LATITUDE":"405013N",
"LONGITUDE":"1114544E",
"ICAO_REG":"ZB",
"DECLINATION":"-6.6",
"FREQUENCY":"0.372",
"ABSOLUTEHEIGHT":"0",
"SIGNPT_TYPE":"Маяк NDB",
"OBJTOTEXT":"0",
"MAGVAR":"-7"} },
{"type":"Feature",
"geometry": {"type": "Point","coordinates": [121.178333333,37.451666667] },"properties":{
"id":"RTS.1098",
"STATUS":"Действующий",
"DBIDENT":"1819236",
"NAME":"TUNLI",
"DESIGNATOR":"FZ",
"":"",
"LATITUDE":"372706N",
"LONGITUDE":"1211042E",
"ICAO_REG":"ZS",
"DECLINATION":"-7.7",
"FREQUENCY":"0.247",
"ABSOLUTEHEIGHT":"0",
"SIGNPT_TYPE":"Маяк NDB",
"OBJTOTEXT":"0",
"MAGVAR":"-8"} },
{"type":"Feature",
"geometry": {"type": "Point","coordinates": [109.888769444,39.479088889] },"properties":{
"id":"RTS.1099",
"STATUS":"Действующий",
"DBIDENT":"1819241",
"NAME":"ORDOS",
"DESIGNATOR":"G",
"":"",
"LATITUDE":"392845N",
"LONGITUDE":"1095320E",
"ICAO_REG":"ZB",
"DECLINATION":"-5",
"FREQUENCY":"0.338",
"ABSOLUTEHEIGHT":"0",
"SIGNPT_TYPE":"Маяк NDB",
"OBJTOTEXT":"0",
"MAGVAR":"-5"} },
{"type":"Feature",
"geometry": {"type": "Point","coordinates": [130.485000000,46.855000000] },"properties":{
"id":"RTS.1100",
"STATUS":"Действующий",
"DBIDENT":"1819244",
"NAME":"LM24 JIAMUSI",
"DESIGNATOR":"G",
"":"",
"LATITUDE":"465118N",
"LONGITUDE":"1302906E",
"ICAO_REG":"ZY",
"DECLINATION":"-11.6",
"FREQUENCY":"0.304",
"ABSOLUTEHEIGHT":"0",
"SIGNPT_TYPE":"Маяк NDB",
"OBJTOTEXT":"0",
"MAGVAR":"-12"} },
{"type":"Feature",
"geometry": {"type": "Point","coordinates": [159.896944444,59.084166667] },"properties":{
"id":"RTS.1101",
"STATUS":"Действующий",
"DBIDENT":"1819246",
"NAME":"PALANA",
"ALT_NAME":"ПАЛАНА",
"DESIGNATOR":"PL",
"":"",
"LATITUDE":"590503N",
"LONGITUDE":"1595349E",
"ICAO_REG":"UX",
"DECLINATION":"-8",
"":"",
"FREQUENCY":"114.6",
"ABSOLUTEHEIGHT":"60",
"SIGNPT_TYPE":"Дальномер DME",
"OBJTOTEXT":"0",
"MAGVAR":"-8"} },
{"type":"Feature",
"geometry": {"type": "Point","coordinates": [31.852500000,49.826111111] },"properties":{
"id":"RTS.1102",
"STATUS":"Действующий",
"DBIDENT":"1819247",
"NAME":"HELMIAZIV",
"DESIGNATOR":"GE",
"":"",
"LATITUDE":"494934N",
"LONGITUDE":"0315109E",
"ICAO_REG":"UK",
"DECLINATION":"8",
"FREQUENCY":"0.91",
"ABSOLUTEHEIGHT":"0",
"SIGNPT_TYPE":"Маяк NDB",
"OBJTOTEXT":"0",
"MAGVAR":"8"} },
{"type":"Feature",
"geometry": {"type": "Point","coordinates": [108.585000000,34.325000000] },"properties":{
"id":"RTS.1103",
"STATUS":"Действующий",
"DBIDENT":"1819249",
"NAME":"DOUMA",
"DESIGNATOR":"GF",
"":"",
"LATITUDE":"341930N",
"LONGITUDE":"1083506E",
"ICAO_REG":"ZL",
"DECLINATION":"-3.8",
"FREQUENCY":"0.46",
"ABSOLUTEHEIGHT":"0",
"SIGNPT_TYPE":"Маяк NDB",
"OBJTOTEXT":"0",
"MAGVAR":"-4"} },
{"type":"Feature",
"geometry": {"type": "Point","coordinates": [112.216666667,28.083333333] },"properties":{
"id":"RTS.1104",
"STATUS":"Действующий",
"DBIDENT":"1819252",
"NAME":"LAOLIANGCANG",
"DESIGNATOR":"GJ",
"":"",
"LATITUDE":"280500N",
"LONGITUDE":"1121300E",
"ICAO_REG":"ZG",
"DECLINATION":"-3.7",
"FREQUENCY":"0.245",
"ABSOLUTEHEIGHT":"0",
"SIGNPT_TYPE":"Маяк NDB",
"OBJTOTEXT":"0",
"MAGVAR":"-4"} },
{"type":"Feature",
"geometry": {"type": "Point","coordinates": [119.055000000,31.786666667] },"properties":{
"id":"RTS.1105",
"STATUS":"Действующий",
"DBIDENT":"1819264",
"NAME":"QUNLI",
"DESIGNATOR":"GT",
"":"",
"LATITUDE":"314712N",
"LONGITUDE":"1190318E",
"ICAO_REG":"ZS",
"DECLINATION":"-5.9",
"FREQUENCY":"0.276",
"ABSOLUTEHEIGHT":"0",
"SIGNPT_TYPE":"Маяк NDB",
"OBJTOTEXT":"0",
"MAGVAR":"-6"} },
{"type":"Feature",
"geometry": {"type": "Point","coordinates": [112.530000000,35.110000000] },"properties":{
"id":"RTS.1106",
"STATUS":"Действующий",
"DBIDENT":"1819266",
"NAME":"JIYUAN",
"DESIGNATOR":"GU",
"":"",
"LATITUDE":"350636N",
"LONGITUDE":"1123148E",
"ICAO_REG":"ZH",
"DECLINATION":"-5",
"FREQUENCY":"0.234",
"ABSOLUTEHEIGHT":"0",
"SIGNPT_TYPE":"Маяк NDB",
"OBJTOTEXT":"0",
"MAGVAR":"-5"} },
{"type":"Feature",
"geometry": {"type": "Point","coordinates": [115.705000000,37.716666667] },"properties":{
"id":"RTS.1107",
"STATUS":"Действующий",
"DBIDENT":"1819274",
"NAME":"HENGSHUI",
"DESIGNATOR":"HG",
"":"",
"LATITUDE":"374300N",
"LONGITUDE":"1154218E",
"ICAO_REG":"ZB",
"DECLINATION":"-6.4",
"FREQUENCY":"0.35",
"ABSOLUTEHEIGHT":"0",
"SIGNPT_TYPE":"Маяк NDB",
"OBJTOTEXT":"0",
"MAGVAR":"-6"} },
{"type":"Feature",
"geometry": {"type": "Point","coordinates": [114.350000000,30.925000000] },"properties":{
"id":"RTS.1108",
"STATUS":"Действующий",
"DBIDENT":"1819275",
"NAME":"TIANHE",
"DESIGNATOR":"HG",
"":"",
"LATITUDE":"305530N",
"LONGITUDE":"1142100E",
"ICAO_REG":"ZH",
"DECLINATION":"-4.7",
"FREQUENCY":"0.254",
"ABSOLUTEHEIGHT":"0",
"SIGNPT_TYPE":"Маяк NDB",
"OBJTOTEXT":"0",
"MAGVAR":"-5"} },
{"type":"Feature",
"geometry": {"type": "Point","coordinates": [114.676388889,48.127500000] },"properties":{
"id":"RTS.1109",
"STATUS":"Действующий",
"DBIDENT":"1819279",
"NAME":"CHOIBALSAN",
"DESIGNATOR":"HN",
"":"",
"LATITUDE":"480739N",
"LONGITUDE":"1144035E",
"ICAO_REG":"ZM",
"DECLINATION":"-9",
"FREQUENCY":"0.45",
"ABSOLUTEHEIGHT":"0",
"SIGNPT_TYPE":"Маяк NDB",
"OBJTOTEXT":"0",
"MAGVAR":"-9"} },
{"type":"Feature",
"geometry": {"type": "Point","coordinates": [107.768333333,35.210000000] },"properties":{
"id":"RTS.1110",
"STATUS":"Действующий",
"DBIDENT":"1819280",
"NAME":"CHANGWU",
"DESIGNATOR":"HO",
"":"",
"LATITUDE":"351236N",
"LONGITUDE":"1074606E",
"ICAO_REG":"ZL",
"DECLINATION":"-3.7",
"FREQUENCY":"0.375",
"ABSOLUTEHEIGHT":"0",
"SIGNPT_TYPE":"Маяк NDB",
"OBJTOTEXT":"0",
"MAGVAR":"-4"} },
{"type":"Feature",
"geometry": {"type": "Point","coordinates": [104.281666667,26.860000000] },"properties":{
"id":"RTS.1111",
"STATUS":"Действующий",
"DBIDENT":"1819284",
"NAME":"WEINING",
"DESIGNATOR":"HX",
"":"",
"LATITUDE":"265136N",
"LONGITUDE":"1041654E",
"ICAO_REG":"ZP",
"DECLINATION":"-2",
"FREQUENCY":"0.285",
"ABSOLUTEHEIGHT":"0",
"SIGNPT_TYPE":"Маяк NDB",
"OBJTOTEXT":"0",
"MAGVAR":"-2"} },
{"type":"Feature",
"geometry": {"type": "Point","coordinates": [118.716666667,31.666666667] },"properties":{
"id":"RTS.1112",
"STATUS":"Действующий",
"DBIDENT":"1819290",
"NAME":"XIAODANYANG",
"DESIGNATOR":"ID",
"":"",
"LATITUDE":"314000N",
"LONGITUDE":"1184300E",
"ICAO_REG":"ZS",
"DECLINATION":"-5.8",
"FREQUENCY":"0.44",
"ABSOLUTEHEIGHT":"0",
"SIGNPT_TYPE":"Маяк NDB",
"OBJTOTEXT":"0",
"MAGVAR":"-6"} },
{"type":"Feature",
"geometry": {"type": "Point","coordinates": [116.198333333,39.043333333] },"properties":{
"id":"RTS.1113",
"STATUS":"Действующий",
"DBIDENT":"1819308",
"NAME":"ZANGANGZHEN",
"DESIGNATOR":"JB",
"":"",
"LATITUDE":"390236N",
"LONGITUDE":"1161154E",
"ICAO_REG":"ZB",
"DECLINATION":"-6.9",
"FREQUENCY":"0.403",
"ABSOLUTEHEIGHT":"0",
"SIGNPT_TYPE":"Маяк NDB",
"OBJTOTEXT":"0",
"MAGVAR":"-7"} },
{"type":"Feature",
"geometry": {"type": "Point","coordinates": [118.785000000,37.590000000] },"properties":{
"id":"RTS.1114",
"STATUS":"Действующий",
"DBIDENT":"1819311",
"NAME":"DONGYING",
"DESIGNATOR":"JH",
"":"",
"LATITUDE":"373524N",
"LONGITUDE":"1184706E",
"ICAO_REG":"ZS",
"DECLINATION":"-7.2",
"FREQUENCY":"0.345",
"ABSOLUTEHEIGHT":"0",
"SIGNPT_TYPE":"Маяк NDB",
"OBJTOTEXT":"0",
"MAGVAR":"-7"} },
{"type":"Feature",
"geometry": {"type": "Point","coordinates": [106.980000000,26.461666667] },"properties":{
"id":"RTS.1115",
"STATUS":"Действующий",
"DBIDENT":"1819312",
"NAME":"LONGLI",
"DESIGNATOR":"JK",
"":"",
"LATITUDE":"262742N",
"LONGITUDE":"1065848E",
"ICAO_REG":"ZP",
"DECLINATION":"-2.4",
"FREQUENCY":"0.311",
"ABSOLUTEHEIGHT":"0",
"SIGNPT_TYPE":"Маяк NDB",
"OBJTOTEXT":"0",
"MAGVAR":"-2"} },
{"type":"Feature",
"geometry": {"type": "Point","coordinates": [116.095000000,39.720000000] },"properties":{
"id":"RTS.1116",
"STATUS":"Действующий",
"DBIDENT":"1819314",
"NAME":"LIANGXIANG",
"DESIGNATOR":"JR",
"":"",
"LATITUDE":"394312N",
"LONGITUDE":"1160542E",
"ICAO_REG":"ZB",
"DECLINATION":"-7",
"FREQUENCY":"0.475",
"ABSOLUTEHEIGHT":"0",
"SIGNPT_TYPE":"Маяк NDB",
"OBJTOTEXT":"0",
"MAGVAR":"-7"} },
{"type":"Feature",
"geometry": {"type": "Point","coordinates": [109.367561111,24.254700000] },"properties":{
"id":"RTS.1117",
"STATUS":"Действующий",
"DBIDENT":"1819315",
"NAME":"LIUZHOU",
"DESIGNATOR":"JV",
"":"",
"LATITUDE":"241517N",
"LONGITUDE":"1092203E",
"ICAO_REG":"ZG",
"DECLINATION":"-2.6",
"FREQUENCY":"0.23",
"ABSOLUTEHEIGHT":"0",
"SIGNPT_TYPE":"Маяк NDB",
"OBJTOTEXT":"0",
"MAGVAR":"-3"} },
{"type":"Feature",
"geometry": {"type": "Point","coordinates": [110.016666667,25.008333333] },"properties":{
"id":"RTS.1118",
"STATUS":"Действующий",
"DBIDENT":"1819316",
"NAME":"YONGFU",
"DESIGNATOR":"JW",
"":"",
"LATITUDE":"250030N",
"LONGITUDE":"1100100E",
"ICAO_REG":"ZG",
"DECLINATION":"-2.8",
"FREQUENCY":"0.281",
"ABSOLUTEHEIGHT":"0",
"SIGNPT_TYPE":"Маяк NDB",
"OBJTOTEXT":"0",
"MAGVAR":"-3"} },
{"type":"Feature",
"geometry": {"type": "Point","coordinates": [109.215000000,23.743333333] },"properties":{
"id":"RTS.1119",
"STATUS":"Действующий",
"DBIDENT":"1819333",
"NAME":"LAIBIN",
"DESIGNATOR":"KC",
"":"",
"LATITUDE":"234436N",
"LONGITUDE":"1091254E",
"ICAO_REG":"ZG",
"DECLINATION":"-2.5",
"FREQUENCY":"0.393",
"ABSOLUTEHEIGHT":"0",
"SIGNPT_TYPE":"Маяк NDB",
"OBJTOTEXT":"0",
"MAGVAR":"-3"} },
{"type":"Feature",
"geometry": {"type": "Point","coordinates": [91.655250000,47.908388889] },"properties":{
"id":"RTS.1120",
"STATUS":"Действующий",
"DBIDENT":"1819336",
"NAME":"KHOVD",
"DESIGNATOR":"KD",
"":"",
"LATITUDE":"475430N",
"LONGITUDE":"0913919E",
"ICAO_REG":"ZM",
"DECLINATION":"2",
"FREQUENCY":"0.515",
"ABSOLUTEHEIGHT":"0",
"SIGNPT_TYPE":"Маяк NDB",
"OBJTOTEXT":"0",
"MAGVAR":"2"} },
{"type":"Feature",
"geometry": {"type": "Point","coordinates": [121.603986111,38.961375000] },"properties":{
"id":"RTS.1121",
"STATUS":"Действующий",
"DBIDENT":"1819337",
"NAME":"DALIAN/ZHOUSHUIZI",
"DESIGNATOR":"KD",
"":"",
"LATITUDE":"385741N",
"LONGITUDE":"1213614E",
"ICAO_REG":"ZY",
"DECLINATION":"-8.2",
"FREQUENCY":"0.53",
"ABSOLUTEHEIGHT":"0",
"SIGNPT_TYPE":"Маяк NDB",
"OBJTOTEXT":"0",
"MAGVAR":"-8"} },
{"type":"Feature",
"geometry": {"type": "Point","coordinates": [111.891683333,40.867338889] },"properties":{
"id":"RTS.1122",
"STATUS":"Действующий",
"DBIDENT":"1819345",
"NAME":"CHENJIAYING",
"DESIGNATOR":"KJ",
"":"",
"LATITUDE":"405202N",
"LONGITUDE":"1115330E",
"ICAO_REG":"ZB",
"DECLINATION":"-6.6",
"FREQUENCY":"0.434",
"ABSOLUTEHEIGHT":"0",
"SIGNPT_TYPE":"Маяк NDB",
"OBJTOTEXT":"0",
"MAGVAR":"-7"} },
{"type":"Feature",
"geometry": {"type": "Point","coordinates": [115.496666667,40.388333333] },"properties":{
"id":"RTS.1123",
"STATUS":"Действующий",
"DBIDENT":"1819352",
"NAME":"HUAILAI",
"DESIGNATOR":"KM",
"":"",
"LATITUDE":"402318N",
"LONGITUDE":"1152948E",
"ICAO_REG":"ZB",
"DECLINATION":"-7",
"FREQUENCY":"0.36",
"ABSOLUTEHEIGHT":"0",
"SIGNPT_TYPE":"Маяк NDB",
"OBJTOTEXT":"0",
"MAGVAR":"-7"} },
{"type":"Feature",
"geometry": {"type": "Point","coordinates": [103.616666667,36.616666667] },"properties":{
"id":"RTS.1124",
"STATUS":"Действующий",
"DBIDENT":"1819355",
"NAME":"LANZHOU/ZHONGCHUAN",
"DESIGNATOR":"KQ",
"":"",
"LATITUDE":"363700N",
"LONGITUDE":"1033700E",
"ICAO_REG":"ZL",
"DECLINATION":"-2.6",
"FREQUENCY":"0.237",
"ABSOLUTEHEIGHT":"0",
"SIGNPT_TYPE":"Маяк NDB",
"OBJTOTEXT":"0",
"MAGVAR":"-3"} },
{"type":"Feature",
"geometry": {"type": "Point","coordinates": [114.300000000,30.466666667] },"properties":{
"id":"RTS.1125",
"STATUS":"Действующий",
"DBIDENT":"1819365",
"NAME":"NANHU",
"DESIGNATOR":"KX",
"":"",
"LATITUDE":"302800N",
"LONGITUDE":"1141800E",
"ICAO_REG":"ZH",
"DECLINATION":"-4.6",
"FREQUENCY":"0.242",
"ABSOLUTEHEIGHT":"0",
"SIGNPT_TYPE":"Маяк NDB",
"OBJTOTEXT":"0",
"MAGVAR":"-5"} },
{"type":"Feature",
"geometry": {"type": "Point","coordinates": [123.746666667,41.705000000] },"properties":{
"id":"RTS.1126",
"STATUS":"Действующий",
"DBIDENT":"1819366",
"NAME":"WANGBINGOU",
"DESIGNATOR":"KY",
"":"",
"LATITUDE":"414218N",
"LONGITUDE":"1234448E",
"ICAO_REG":"ZY",
"DECLINATION":"-9.4",
"FREQUENCY":"0.365",
"ABSOLUTEHEIGHT":"0",
"SIGNPT_TYPE":"Маяк NDB",
"OBJTOTEXT":"0",
"MAGVAR":"-9"} },
{"type":"Feature",
"geometry": {"type": "Point","coordinates": [119.785000000,39.998333333] },"properties":{
"id":"RTS.1127",
"STATUS":"Действующий",
"DBIDENT":"1819388",
"NAME":"SHANHAIGUAN",
"DESIGNATOR":"LC",
"":"",
"LATITUDE":"395954N",
"LONGITUDE":"1194706E",
"ICAO_REG":"ZY",
"DECLINATION":"-8.1",
"FREQUENCY":"0.203",
"ABSOLUTEHEIGHT":"0",
"SIGNPT_TYPE":"Маяк NDB",
"OBJTOTEXT":"0",
"MAGVAR":"-8"} },
{"type":"Feature",
"geometry": {"type": "Point","coordinates": [110.333333333,21.135000000] },"properties":{
"id":"RTS.1128",
"STATUS":"Действующий",
"DBIDENT":"1819391",
"NAME":"HUGUANG",
"DESIGNATOR":"LH",
"":"",
"LATITUDE":"210806N",
"LONGITUDE":"1102000E",
"ICAO_REG":"ZG",
"DECLINATION":"-2.3",
"FREQUENCY":"0.356",
"ABSOLUTEHEIGHT":"0",
"SIGNPT_TYPE":"Маяк NDB",
"OBJTOTEXT":"0",
"MAGVAR":"-2"} },
{"type":"Feature",
"geometry": {"type": "Point","coordinates": [126.045000000,45.450000000] },"properties":{
"id":"RTS.1129",
"STATUS":"Действующий",
"DBIDENT":"1819404",
"NAME":"SHUIQUAN",
"DESIGNATOR":"LS",
"":"",
"LATITUDE":"452700N",
"LONGITUDE":"1260242E",
"ICAO_REG":"ZY",
"DECLINATION":"-10.8",
"FREQUENCY":"0.445",
"ABSOLUTEHEIGHT":"0",
"SIGNPT_TYPE":"Маяк NDB",
"OBJTOTEXT":"0",
"MAGVAR":"-11"} },
{"type":"Feature",
"geometry": {"type": "Point","coordinates": [71.436750000,51.003666667] },"properties":{
"id":"RTS.1130",
"STATUS":"Действующий",
"DBIDENT":"1819409",
"NAME":"ASTANA",
"ALT_NAME":"АСТАНА",
"DESIGNATOR":"M",
"":"",
"LATITUDE":"510013N",
"LONGITUDE":"0712612E",
"ICAO_REG":"UA",
"DECLINATION":"9.9",
"FREQUENCY":"0.654",
"ABSOLUTEHEIGHT":"0",
"SIGNPT_TYPE":"Маяк NDB",
"OBJTOTEXT":"0",
"MAGVAR":"10"} },
{"type":"Feature",
"geometry": {"type": "Point","coordinates": [113.466666667,22.223333333] },"properties":{
"id":"RTS.1131",
"STATUS":"Действующий",
"DBIDENT":"1819421",
"NAME":"LIANSHENGWEI",
"DESIGNATOR":"MA",
"":"",
"LATITUDE":"221324N",
"LONGITUDE":"1132800E",
"ICAO_REG":"ZG",
"DECLINATION":"-2.9",
"FREQUENCY":"0.322",
"ABSOLUTEHEIGHT":"0",
"SIGNPT_TYPE":"Маяк NDB",
"OBJTOTEXT":"0",
"MAGVAR":"-3"} },
{"type":"Feature",
"geometry": {"type": "Point","coordinates": [113.785000000,22.416666667] },"properties":{
"id":"RTS.1132",
"STATUS":"Действующий",
"DBIDENT":"1819430",
"NAME":"NEILINGDING",
"DESIGNATOR":"MH",
"":"",
"LATITUDE":"222500N",
"LONGITUDE":"1134706E",
"ICAO_REG":"ZG",
"DECLINATION":"-3",
"FREQUENCY":"0.287",
"ABSOLUTEHEIGHT":"0",
"SIGNPT_TYPE":"Маяк NDB",
"OBJTOTEXT":"0",
"MAGVAR":"-3"} },
{"type":"Feature",
"geometry": {"type": "Point","coordinates": [157.535555556,53.326111111] },"properties":{
"id":"RTS.1133",
"STATUS":"Действующий",
"DBIDENT":"1819432",
"NAME":"MALKA",
"ALT_NAME":"МАЛКА",
"DESIGNATOR":"MK",
"":"",
"LATITUDE":"531934N",
"LONGITUDE":"1573208E",
"ICAO_REG":"UX",
"":"",
"FREQUENCY":"113.8",
"ABSOLUTEHEIGHT":"300",
"SIGNPT_TYPE":"Дальномер DME",
"OBJTOTEXT":"0"} },
{"type":"Feature",
"geometry": {"type": "Point","coordinates": [112.550000000,32.916666667] },"properties":{
"id":"RTS.1134",
"STATUS":"Действующий",
"DBIDENT":"1819434",
"NAME":"NANYANG",
"DESIGNATOR":"ML",
"":"",
"LATITUDE":"325500N",
"LONGITUDE":"1123300E",
"ICAO_REG":"ZH",
"DECLINATION":"-4.6",
"FREQUENCY":"0.446",
"ABSOLUTEHEIGHT":"0",
"SIGNPT_TYPE":"Маяк NDB",
"OBJTOTEXT":"0",
"MAGVAR":"-5"} },
{"type":"Feature",
"geometry": {"type": "Point","coordinates": [100.174166667,49.653027778] },"properties":{
"id":"RTS.1135",
"STATUS":"Действующий",
"DBIDENT":"1819441",
"NAME":"MUREN",
"DESIGNATOR":"MU",
"":"",
"LATITUDE":"493911N",
"LONGITUDE":"1001027E",
"ICAO_REG":"ZM",
"DECLINATION":"-2",
"FREQUENCY":"0.525",
"ABSOLUTEHEIGHT":"0",
"SIGNPT_TYPE":"Маяк NDB",
"OBJTOTEXT":"0",
"MAGVAR":"-2"} },
{"type":"Feature",
"geometry": {"type": "Point","coordinates": [-179.293611111,65.527875861] },"properties":{
"id":"RTS.1136",
"STATUS":"Действующий",
"DBIDENT":"1819453",
"NAME":"UELKAL",
"ALT_NAME":"УЭЛЬКАЛЬ",
"DESIGNATOR":"NB",
"":"",
"LATITUDE":"653140N",
"LONGITUDE":"1791737W",
"ICAO_REG":"UX",
"DECLINATION":"2.1",
"FREQUENCY":"0.4",
"ABSOLUTEHEIGHT":"0",
"SIGNPT_TYPE":"Маяк NDB",
"OBJTOTEXT":"0",
"MAGVAR":"2"} },
{"type":"Feature",
"geometry": {"type": "Point","coordinates": [116.558333333,27.208333333] },"properties":{
"id":"RTS.1137",
"STATUS":"Действующий",
"DBIDENT":"1819458",
"NAME":"NANFENG",
"DESIGNATOR":"NF",
"":"",
"LATITUDE":"271230N",
"LONGITUDE":"1163330E",
"ICAO_REG":"ZS",
"DECLINATION":"-4.4",
"FREQUENCY":"0.292",
"ABSOLUTEHEIGHT":"0",
"SIGNPT_TYPE":"Маяк NDB",
"OBJTOTEXT":"0",
"MAGVAR":"-4"} },
{"type":"Feature",
"geometry": {"type": "Point","coordinates": [128.201666667,43.366666667] },"properties":{
"id":"RTS.1138",
"STATUS":"Действующий",
"DBIDENT":"1819459",
"NAME":"DUNHUA",
"DESIGNATOR":"NG",
"":"",
"LATITUDE":"432200N",
"LONGITUDE":"1281206E",
"ICAO_REG":"ZY",
"DECLINATION":"-10.4",
"FREQUENCY":"0.367",
"ABSOLUTEHEIGHT":"0",
"SIGNPT_TYPE":"Маяк NDB",
"OBJTOTEXT":"0",
"MAGVAR":"-10"} },
{"type":"Feature",
"geometry": {"type": "Point","coordinates": [119.955194444,26.155361111] },"properties":{
"id":"RTS.1139",
"STATUS":"Действующий",
"DBIDENT":"1819465",
"NAME":"MATSU/NANGAN",
"DESIGNATOR":"NK",
"":"",
"LATITUDE":"260919N",
"LONGITUDE":"1195719E",
"ICAO_REG":"RC",
"DECLINATION":"-4",
"FREQUENCY":"0.315",
"ABSOLUTEHEIGHT":"0",
"SIGNPT_TYPE":"Маяк NDB",
"OBJTOTEXT":"0",
"MAGVAR":"-4"} },
{"type":"Feature",
"geometry": {"type": "Point","coordinates": [106.858333333,22.350000000] },"properties":{
"id":"RTS.1140",
"STATUS":"Действующий",
"DBIDENT":"1819471",
"NAME":"LONGZHOU",
"DESIGNATOR":"NL",
"":"",
"LATITUDE":"222100N",
"LONGITUDE":"1065130E",
"ICAO_REG":"ZG",
"DECLINATION":"-1.9",
"FREQUENCY":"0.238",
"ABSOLUTEHEIGHT":"0",
"SIGNPT_TYPE":"Маяк NDB",
"OBJTOTEXT":"0",
"MAGVAR":"-2"} },
{"type":"Feature",
"geometry": {"type": "Point","coordinates": [112.276666667,32.075000000] },"properties":{
"id":"RTS.1141",
"STATUS":"Действующий",
"DBIDENT":"1819479",
"NAME":"XIANGYANG",
"DESIGNATOR":"NO",
"":"",
"LATITUDE":"320430N",
"LONGITUDE":"1121636E",
"ICAO_REG":"ZH",
"DECLINATION":"-4.4",
"FREQUENCY":"0.233",
"ABSOLUTEHEIGHT":"0",
"SIGNPT_TYPE":"Маяк NDB",
"OBJTOTEXT":"0",
"MAGVAR":"-4"} },
{"type":"Feature",
"geometry": {"type": "Point","coordinates": [83.371666667,46.658333333] },"properties":{
"id":"RTS.1142",
"STATUS":"Действующий",
"DBIDENT":"1819495",
"NAME":"TACHENG",
"DESIGNATOR":"O",
"":"",
"LATITUDE":"463930N",
"LONGITUDE":"0832218E",
"ICAO_REG":"ZW",
"DECLINATION":"4.7",
"FREQUENCY":"0.301",
"ABSOLUTEHEIGHT":"0",
"SIGNPT_TYPE":"Маяк NDB",
"OBJTOTEXT":"0",
"MAGVAR":"5"} },
{"type":"Feature",
"geometry": {"type": "Point","coordinates": [116.535000000,40.288333333] },"properties":{
"id":"RTS.1143",
"STATUS":"Действующий",
"DBIDENT":"1819498",
"NAME":"HUAIROU",
"DESIGNATOR":"OB",
"":"",
"LATITUDE":"401718N",
"LONGITUDE":"1163206E",
"ICAO_REG":"ZB",
"DECLINATION":"-7.3",
"FREQUENCY":"0.38",
"ABSOLUTEHEIGHT":"0",
"SIGNPT_TYPE":"Маяк NDB",
"OBJTOTEXT":"0",
"MAGVAR":"-7"} },
{"type":"Feature",
"geometry": {"type": "Point","coordinates": [114.555000000,38.455000000] },"properties":{
"id":"RTS.1144",
"STATUS":"Действующий",
"DBIDENT":"1819499",
"NAME":"XINGTANG",
"DESIGNATOR":"OC",
"":"",
"LATITUDE":"382718N",
"LONGITUDE":"1143318E",
"ICAO_REG":"ZB",
"DECLINATION":"-6.3",
"FREQUENCY":"0.235",
"ABSOLUTEHEIGHT":"0",
"SIGNPT_TYPE":"Маяк NDB",
"OBJTOTEXT":"0",
"MAGVAR":"-6"} },
{"type":"Feature",
"geometry": {"type": "Point","coordinates": [108.915000000,34.598333333] },"properties":{
"id":"RTS.1145",
"STATUS":"Действующий",
"DBIDENT":"1819502",
"NAME":"SANYUAN",
"DESIGNATOR":"OD",
"":"",
"LATITUDE":"343554N",
"LONGITUDE":"1085454E",
"ICAO_REG":"ZL",
"DECLINATION":"-3.9",
"FREQUENCY":"0.202",
"ABSOLUTEHEIGHT":"0",
"SIGNPT_TYPE":"Маяк NDB",
"OBJTOTEXT":"0",
"MAGVAR":"-4"} },
{"type":"Feature",
"geometry": {"type": "Point","coordinates": [118.578333333,32.673333333] },"properties":{
"id":"RTS.1146",
"STATUS":"Действующий",
"DBIDENT":"1819505",
"NAME":"BANTAJI",
"DESIGNATOR":"OF",
"":"",
"LATITUDE":"324024N",
"LONGITUDE":"1183442E",
"ICAO_REG":"ZS",
"DECLINATION":"-6",
"FREQUENCY":"0.34",
"ABSOLUTEHEIGHT":"0",
"SIGNPT_TYPE":"Маяк NDB",
"OBJTOTEXT":"0",
"MAGVAR":"-6"} },
{"type":"Feature",
"geometry": {"type": "Point","coordinates": [102.852444444,46.211166667] },"properties":{
"id":"RTS.1147",
"STATUS":"Действующий",
"DBIDENT":"1819506",
"NAME":"ARVAIKHEER",
"DESIGNATOR":"OG",
"":"",
"LATITUDE":"461240N",
"LONGITUDE":"1025109E",
"ICAO_REG":"ZM",
"DECLINATION":"-3",
"FREQUENCY":"0.505",
"ABSOLUTEHEIGHT":"0",
"SIGNPT_TYPE":"Маяк NDB",
"OBJTOTEXT":"0",
"MAGVAR":"-3"} },
{"type":"Feature",
"geometry": {"type": "Point","coordinates": [106.846666667,29.851666667] },"properties":{
"id":"RTS.1148",
"STATUS":"Действующий",
"DBIDENT":"1819517",
"NAME":"TONGJINGCHANG",
"DESIGNATOR":"OS",
"":"",
"LATITUDE":"295106N",
"LONGITUDE":"1065048E",
"ICAO_REG":"ZP",
"DECLINATION":"-2.8",
"FREQUENCY":"0.241",
"ABSOLUTEHEIGHT":"0",
"SIGNPT_TYPE":"Маяк NDB",
"OBJTOTEXT":"0",
"MAGVAR":"-3"} },
{"type":"Feature",
"geometry": {"type": "Point","coordinates": [110.060000000,25.405000000] },"properties":{
"id":"RTS.1149",
"STATUS":"Действующий",
"DBIDENT":"1819529",
"NAME":"WUTONG",
"DESIGNATOR":"PA",
"":"",
"LATITUDE":"252418N",
"LONGITUDE":"1100336E",
"ICAO_REG":"ZG",
"DECLINATION":"-2.8",
"FREQUENCY":"0.286",
"ABSOLUTEHEIGHT":"0",
"SIGNPT_TYPE":"Маяк NDB",
"OBJTOTEXT":"0",
"MAGVAR":"-3"} },
{"type":"Feature",
"geometry": {"type": "Point","coordinates": [153.724444444,67.475000000] },"properties":{
"id":"RTS.1150",
"STATUS":"Действующий",
"DBIDENT":"1819533",
"NAME":"SREDNEKOLYMSK",
"ALT_NAME":"СРЕДНЕКОЛЫМСК",
"DESIGNATOR":"PJ",
"":"",
"LATITUDE":"672830N",
"LONGITUDE":"1534328E",
"ICAO_REG":"UX",
"DECLINATION":"-13",
"FREQUENCY":"0.815",
"ABSOLUTEHEIGHT":"0",
"SIGNPT_TYPE":"Маяк NDB",
"OBJTOTEXT":"0",
"MAGVAR":"-13"} },
{"type":"Feature",
"geometry": {"type": "Point","coordinates": [101.853333333,36.581666667] },"properties":{
"id":"RTS.1151",
"STATUS":"Действующий",
"DBIDENT":"1819544",
"NAME":"XINING/CAOJIAPU",
"DESIGNATOR":"PQ",
"":"",
"LATITUDE":"363454N",
"LONGITUDE":"1015112E",
"ICAO_REG":"ZL",
"DECLINATION":"-2.1",
"FREQUENCY":"0.3",
"ABSOLUTEHEIGHT":"0",
"SIGNPT_TYPE":"Маяк NDB",
"OBJTOTEXT":"0",
"MAGVAR":"-2"} },
{"type":"Feature",
"geometry": {"type": "Point","coordinates": [123.291666667,41.506666667] },"properties":{
"id":"RTS.1152",
"STATUS":"Действующий",
"DBIDENT":"1819551",
"NAME":"DONGYANGJIAO",
"DESIGNATOR":"PU",
"":"",
"LATITUDE":"413024N",
"LONGITUDE":"1231730E",
"ICAO_REG":"ZY",
"DECLINATION":"-9.2",
"FREQUENCY":"0.296",
"ABSOLUTEHEIGHT":"0",
"SIGNPT_TYPE":"Маяк NDB",
"OBJTOTEXT":"0",
"MAGVAR":"-9"} },
{"type":"Feature",
"geometry": {"type": "Point","coordinates": [113.730000000,22.795000000] },"properties":{
"id":"RTS.1153",
"STATUS":"Действующий",
"DBIDENT":"1819558",
"NAME":"SHENZHEN",
"DESIGNATOR":"QJ",
"":"",
"LATITUDE":"224742N",
"LONGITUDE":"1134348E",
"ICAO_REG":"ZG",
"DECLINATION":"-3",
"FREQUENCY":"0.253",
"ABSOLUTEHEIGHT":"0",
"SIGNPT_TYPE":"Маяк NDB",
"OBJTOTEXT":"0",
"MAGVAR":"-3"} },
{"type":"Feature",
"geometry": {"type": "Point","coordinates": [110.776666667,24.670000000] },"properties":{
"id":"RTS.1154",
"STATUS":"Действующий",
"DBIDENT":"1819559",
"NAME":"ERTANG",
"DESIGNATOR":"QP",
"":"",
"LATITUDE":"244012N",
"LONGITUDE":"1104636E",
"ICAO_REG":"ZG",
"DECLINATION":"-2.9",
"FREQUENCY":"0.213",
"ABSOLUTEHEIGHT":"0",
"SIGNPT_TYPE":"Маяк NDB",
"OBJTOTEXT":"0",
"MAGVAR":"-3"} },
{"type":"Feature",
"geometry": {"type": "Point","coordinates": [116.091666667,24.171666667] },"properties":{
"id":"RTS.1155",
"STATUS":"Действующий",
"DBIDENT":"1819561",
"NAME":"CHENGTAN",
"DESIGNATOR":"QU",
"":"",
"LATITUDE":"241018N",
"LONGITUDE":"1160530E",
"ICAO_REG":"ZG",
"DECLINATION":"-3.7",
"FREQUENCY":"0.304",
"ABSOLUTEHEIGHT":"0",
"SIGNPT_TYPE":"Маяк NDB",
"OBJTOTEXT":"0",
"MAGVAR":"-4"} },
{"type":"Feature",
"geometry": {"type": "Point","coordinates": [109.930000000,33.876666667] },"properties":{
"id":"RTS.1156",
"STATUS":"Действующий",
"DBIDENT":"1819573",
"NAME":"SHANGXIAN",
"DESIGNATOR":"RA",
"":"",
"LATITUDE":"335236N",
"LONGITUDE":"1095548E",
"ICAO_REG":"ZL",
"DECLINATION":"-4.1",
"FREQUENCY":"0.345",
"ABSOLUTEHEIGHT":"0",
"SIGNPT_TYPE":"Маяк NDB",
"OBJTOTEXT":"0",
"MAGVAR":"-4"} },
{"type":"Feature",
"geometry": {"type": "Point","coordinates": [106.146666667,38.450000000] },"properties":{
"id":"RTS.1157",
"STATUS":"Действующий",
"DBIDENT":"1819574",
"NAME":"YINCHUAN",
"DESIGNATOR":"RC",
"":"",
"LATITUDE":"382700N",
"LONGITUDE":"1060848E",
"ICAO_REG":"ZL",
"DECLINATION":"-3.6",
"FREQUENCY":"0.275",
"ABSOLUTEHEIGHT":"0",
"SIGNPT_TYPE":"Маяк NDB",
"OBJTOTEXT":"0",
"MAGVAR":"-4"} },
{"type":"Feature",
"geometry": {"type": "Point","coordinates": [97.176666667,31.146666667] },"properties":{
"id":"RTS.1158",
"STATUS":"Действующий",
"DBIDENT":"1819586",
"NAME":"CHANGDU",
"DESIGNATOR":"RG",
"":"",
"LATITUDE":"310848N",
"LONGITUDE":"0971036E",
"ICAO_REG":"ZP",
"DECLINATION":"-0.9",
"FREQUENCY":"0.247",
"ABSOLUTEHEIGHT":"0",
"SIGNPT_TYPE":"Маяк NDB",
"OBJTOTEXT":"0",
"MAGVAR":"-1"} },
{"type":"Feature",
"geometry": {"type": "Point","coordinates": [109.606666667,25.768333333] },"properties":{
"id":"RTS.1159",
"STATUS":"Действующий",
"DBIDENT":"1819598",
"NAME":"SANJIANG",
"DESIGNATOR":"RO",
"":"",
"LATITUDE":"254606N",
"LONGITUDE":"1093624E",
"ICAO_REG":"ZG",
"DECLINATION":"-2.8",
"FREQUENCY":"0.249",
"ABSOLUTEHEIGHT":"0",
"SIGNPT_TYPE":"Маяк NDB",
"OBJTOTEXT":"0",
"MAGVAR":"-3"} },
{"type":"Feature",
"geometry": {"type": "Point","coordinates": [138.825277778,52.973611111] },"properties":{
"id":"RTS.1160",
"STATUS":"Действующий",
"DBIDENT":"1819599",
"NAME":"KHERPUCHI",
"ALT_NAME":"ХЕРПУЧИ",
"DESIGNATOR":"RP",
"":"",
"LATITUDE":"525825N",
"LONGITUDE":"1384931E",
"ICAO_REG":"UX",
"DECLINATION":"-12.9",
"FREQUENCY":"0.511",
"ABSOLUTEHEIGHT":"0",
"SIGNPT_TYPE":"Маяк NDB",
"OBJTOTEXT":"0",
"MAGVAR":"-13"} },
{"type":"Feature",
"geometry": {"type": "Point","coordinates": [115.708333333,28.618333333] },"properties":{
"id":"RTS.1161",
"STATUS":"Действующий",
"DBIDENT":"1819601",
"NAME":"LIJIA",
"DESIGNATOR":"RP",
"":"",
"LATITUDE":"283706N",
"LONGITUDE":"1154230E",
"ICAO_REG":"ZS",
"DECLINATION":"-4.5",
"FREQUENCY":"0.21",
"ABSOLUTEHEIGHT":"0",
"SIGNPT_TYPE":"Маяк NDB",
"OBJTOTEXT":"0",
"MAGVAR":"-5"} },
{"type":"Feature",
"geometry": {"type": "Point","coordinates": [102.165000000,27.740000000] },"properties":{
"id":"RTS.1162",
"STATUS":"Действующий",
"DBIDENT":"1819615",
"NAME":"HEXI",
"DESIGNATOR":"SB",
"":"",
"LATITUDE":"274424N",
"LONGITUDE":"1020954E",
"ICAO_REG":"ZP",
"DECLINATION":"-1.7",
"FREQUENCY":"0.319",
"ABSOLUTEHEIGHT":"0",
"SIGNPT_TYPE":"Маяк NDB",
"OBJTOTEXT":"0",
"MAGVAR":"-2"} },
{"type":"Feature",
"geometry": {"type": "Point","coordinates": [38.533055556,48.910833333] },"properties":{
"id":"RTS.1163",
"STATUS":"Действующий",
"DBIDENT":"1819617",
"NAME":"SEVERODONETSK",
"DESIGNATOR":"SD",
"":"",
"LATITUDE":"485439N",
"LONGITUDE":"0383159E",
"ICAO_REG":"UK",
"DECLINATION":"8.7",
"FREQUENCY":"0.36",
"ABSOLUTEHEIGHT":"0",
"SIGNPT_TYPE":"Маяк NDB",
"OBJTOTEXT":"0",
"MAGVAR":"9"} },
{"type":"Feature",
"geometry": {"type": "Point","coordinates": [30.280000000,47.403611111] },"properties":{
"id":"RTS.1164",
"STATUS":"Действующий",
"DBIDENT":"1819622",
"NAME":"SHYRIAIEVE",
"DESIGNATOR":"SH",
"":"",
"LATITUDE":"472413N",
"LONGITUDE":"0301648E",
"ICAO_REG":"UK",
"DECLINATION":"7.1",
"FREQUENCY":"0.389",
"ABSOLUTEHEIGHT":"0",
"SIGNPT_TYPE":"Маяк NDB",
"OBJTOTEXT":"0",
"MAGVAR":"7"} },
{"type":"Feature",
"geometry": {"type": "Point","coordinates": [113.116666667,36.240000000] },"properties":{
"id":"RTS.1165",
"STATUS":"Действующий",
"DBIDENT":"1819635",
"NAME":"CHANGZHI",
"DESIGNATOR":"SQ",
"":"",
"LATITUDE":"361424N",
"LONGITUDE":"1130700E",
"ICAO_REG":"ZB",
"DECLINATION":"-5.4",
"FREQUENCY":"0.398",
"ABSOLUTEHEIGHT":"0",
"SIGNPT_TYPE":"Маяк NDB",
"OBJTOTEXT":"0",
"MAGVAR":"-5"} },
{"type":"Feature",
"geometry": {"type": "Point","coordinates": [34.728611111,50.855809306] },"properties":{
"id":"RTS.1166",
"STATUS":"Действующий",
"DBIDENT":"1819641",
"NAME":"SUMY",
"DESIGNATOR":"SU",
"":"",
"LATITUDE":"505121N",
"LONGITUDE":"0344343E",
"ICAO_REG":"UK",
"DECLINATION":"8.8",
"FREQUENCY":"0.303",
"ABSOLUTEHEIGHT":"0",
"SIGNPT_TYPE":"Маяк NDB",
"OBJTOTEXT":"0",
"MAGVAR":"9"} },
{"type":"Feature",
"geometry": {"type": "Point","coordinates": [113.348333333,28.216666667] },"properties":{
"id":"RTS.1167",
"STATUS":"Действующий",
"DBIDENT":"1819644",
"NAME":"LUCHONG",
"DESIGNATOR":"SV",
"":"",
"LATITUDE":"281300N",
"LONGITUDE":"1132054E",
"ICAO_REG":"ZG",
"DECLINATION":"-3.9",
"FREQUENCY":"0.345",
"ABSOLUTEHEIGHT":"0",
"SIGNPT_TYPE":"Маяк NDB",
"OBJTOTEXT":"0",
"MAGVAR":"-4"} },
{"type":"Feature",
"geometry": {"type": "Point","coordinates": [115.265000000,30.436666667] },"properties":{
"id":"RTS.1168",
"STATUS":"Действующий",
"DBIDENT":"1819647",
"NAME":"XISHUI",
"DESIGNATOR":"SY",
"":"",
"LATITUDE":"302612N",
"LONGITUDE":"1151554E",
"ICAO_REG":"ZH",
"DECLINATION":"-4.8",
"FREQUENCY":"0.384",
"ABSOLUTEHEIGHT":"0",
"SIGNPT_TYPE":"Маяк NDB",
"OBJTOTEXT":"0",
"MAGVAR":"-5"} },
{"type":"Feature",
"geometry": {"type": "Point","coordinates": [112.495000000,40.518333333] },"properties":{
"id":"RTS.1169",
"STATUS":"Действующий",
"DBIDENT":"1819649",
"NAME":"LIANGCHENG",
"DESIGNATOR":"SZ",
"":"",
"LATITUDE":"403106N",
"LONGITUDE":"1122942E",
"ICAO_REG":"ZB",
"DECLINATION":"-6.1",
"FREQUENCY":"0.282",
"ABSOLUTEHEIGHT":"0",
"SIGNPT_TYPE":"Маяк NDB",
"OBJTOTEXT":"0",
"MAGVAR":"-6"} },
{"type":"Feature",
"geometry": {"type": "Point","coordinates": [98.274111111,48.740194444] },"properties":{
"id":"RTS.1170",
"STATUS":"Действующий",
"DBIDENT":"1819655",
"NAME":"TOSONTSENGEL",
"DESIGNATOR":"TC",
"":"",
"LATITUDE":"484425N",
"LONGITUDE":"0981627E",
"ICAO_REG":"ZM",
"DECLINATION":"-0.9",
"FREQUENCY":"0.325",
"ABSOLUTEHEIGHT":"0",
"SIGNPT_TYPE":"Маяк NDB",
"OBJTOTEXT":"0",
"MAGVAR":"-1"} },
{"type":"Feature",
"geometry": {"type": "Point","coordinates": [108.823333333,32.730000000] },"properties":{
"id":"RTS.1171",
"STATUS":"Действующий",
"DBIDENT":"1819679",
"NAME":"ANKANG",
"DESIGNATOR":"UF",
"":"",
"LATITUDE":"324348N",
"LONGITUDE":"1084924E",
"ICAO_REG":"ZL",
"DECLINATION":"-3.6",
"FREQUENCY":"0.29",
"ABSOLUTEHEIGHT":"0",
"SIGNPT_TYPE":"Маяк NDB",
"OBJTOTEXT":"0",
"MAGVAR":"-4"} },
{"type":"Feature",
"geometry": {"type": "Point","coordinates": [110.664055556,47.330194444] },"properties":{
"id":"RTS.1172",
"STATUS":"Действующий",
"DBIDENT":"1819682",
"NAME":"UNDURKHAAN",
"DESIGNATOR":"UH",
"":"",
"LATITUDE":"471949N",
"LONGITUDE":"1103951E",
"ICAO_REG":"ZM",
"DECLINATION":"-6.7",
"FREQUENCY":"0.48",
"ABSOLUTEHEIGHT":"0",
"SIGNPT_TYPE":"Маяк NDB",
"OBJTOTEXT":"0",
"MAGVAR":"-7"} },
{"type":"Feature",
"geometry": {"type": "Point","coordinates": [113.293333333,21.920000000] },"properties":{
"id":"RTS.1173",
"STATUS":"Действующий",
"DBIDENT":"1819686",
"NAME":"GAOLAN",
"DESIGNATOR":"UJ",
"":"",
"LATITUDE":"215512N",
"LONGITUDE":"1131736E",
"ICAO_REG":"VH",
"DECLINATION":"-2.8",
"FREQUENCY":"0.204",
"ABSOLUTEHEIGHT":"0",
"SIGNPT_TYPE":"Маяк NDB",
"OBJTOTEXT":"0",
"MAGVAR":"-3"} },
{"type":"Feature",
"geometry": {"type": "Point","coordinates": [112.273333333,30.290000000] },"properties":{
"id":"RTS.1174",
"STATUS":"Действующий",
"DBIDENT":"1819688",
"NAME":"SHASHI",
"DESIGNATOR":"UK",
"":"",
"LATITUDE":"301724N",
"LONGITUDE":"1121624E",
"ICAO_REG":"ZH",
"DECLINATION":"-4.1",
"FREQUENCY":"0.487",
"ABSOLUTEHEIGHT":"0",
"SIGNPT_TYPE":"Маяк NDB",
"OBJTOTEXT":"0",
"MAGVAR":"-4"} },
{"type":"Feature",
"geometry": {"type": "Point","coordinates": [121.616666667,39.250000000] },"properties":{
"id":"RTS.1175",
"STATUS":"Действующий",
"DBIDENT":"1819691",
"NAME":"HULUTAOTUN",
"DESIGNATOR":"UL",
"":"",
"LATITUDE":"391500N",
"LONGITUDE":"1213700E",
"ICAO_REG":"ZY",
"DECLINATION":"-8.3",
"FREQUENCY":"0.23",
"ABSOLUTEHEIGHT":"0",
"SIGNPT_TYPE":"Маяк NDB",
"OBJTOTEXT":"0",
"MAGVAR":"-8"} },
{"type":"Feature",
"geometry": {"type": "Point","coordinates": [22.261277778,48.632972222] },"properties":{
"id":"RTS.1176",
"STATUS":"Действующий",
"DBIDENT":"1819695",
"NAME":"UZHHOROD",
"DESIGNATOR":"UO",
"":"",
"LATITUDE":"483759N",
"LONGITUDE":"0221541E",
"ICAO_REG":"UK",
"DECLINATION":"5.9",
"FREQUENCY":"0.645",
"ABSOLUTEHEIGHT":"0",
"SIGNPT_TYPE":"Маяк NDB",
"OBJTOTEXT":"0",
"MAGVAR":"6"} },
{"type":"Feature",
"geometry": {"type": "Point","coordinates": [92.029063889,50.011972222] },"properties":{
"id":"RTS.1177",
"STATUS":"Действующий",
"DBIDENT":"1819699",
"NAME":"ULAANGOM",
"ALT_NAME":"УЛААНГОМ",
"DESIGNATOR":"US",
"":"",
"LATITUDE":"500043N",
"LONGITUDE":"0920145E",
"ICAO_REG":"ZM",
"DECLINATION":"2",
"FREQUENCY":"0.383",
"ABSOLUTEHEIGHT":"0",
"SIGNPT_TYPE":"Маяк NDB",
"OBJTOTEXT":"0",
"MAGVAR":"2"} },
{"type":"Feature",
"geometry": {"type": "Point","coordinates": [106.407844444,38.343097222] },"properties":{
"id":"RTS.1178",
"STATUS":"Действующий",
"DBIDENT":"1819705",
"NAME":"YINCHUAN/HEDONG",
"DESIGNATOR":"V",
"":"",
"LATITUDE":"382035N",
"LONGITUDE":"1062428E",
"ICAO_REG":"ZL",
"DECLINATION":"-3.7",
"FREQUENCY":"0.249",
"ABSOLUTEHEIGHT":"0",
"SIGNPT_TYPE":"Маяк NDB",
"OBJTOTEXT":"0",
"MAGVAR":"-4"} },
{"type":"Feature",
"geometry": {"type": "Point","coordinates": [111.853333333,30.751666667] },"properties":{
"id":"RTS.1179",
"STATUS":"Действующий",
"DBIDENT":"1819708",
"NAME":"DANGYANG",
"DESIGNATOR":"VL",
"":"",
"LATITUDE":"304506N",
"LONGITUDE":"1115112E",
"ICAO_REG":"ZH",
"DECLINATION":"-4.1",
"FREQUENCY":"0.261",
"ABSOLUTEHEIGHT":"0",
"SIGNPT_TYPE":"Маяк NDB",
"OBJTOTEXT":"0",
"MAGVAR":"-4"} },
{"type":"Feature",
"geometry": {"type": "Point","coordinates": [116.901666667,39.296666667] },"properties":{
"id":"RTS.1180",
"STATUS":"Действующий",
"DBIDENT":"1819709",
"NAME":"SHIGEZHUANG",
"DESIGNATOR":"VM",
"":"",
"LATITUDE":"391748N",
"LONGITUDE":"1165406E",
"ICAO_REG":"ZB",
"DECLINATION":"-7.1",
"FREQUENCY":"0.28",
"ABSOLUTEHEIGHT":"0",
"SIGNPT_TYPE":"Маяк NDB",
"OBJTOTEXT":"0",
"MAGVAR":"-7"} },
{"type":"Feature",
"geometry": {"type": "Point","coordinates": [110.476666667,25.561666667] },"properties":{
"id":"RTS.1181",
"STATUS":"Действующий",
"DBIDENT":"1819710",
"NAME":"DARONGJIANG",
"DESIGNATOR":"VQ",
"":"",
"LATITUDE":"253342N",
"LONGITUDE":"1102836E",
"ICAO_REG":"ZG",
"DECLINATION":"-2.9",
"FREQUENCY":"0.398",
"ABSOLUTEHEIGHT":"0",
"SIGNPT_TYPE":"Маяк NDB",
"OBJTOTEXT":"0",
"MAGVAR":"-3"} },
{"type":"Feature",
"geometry": {"type": "Point","coordinates": [88.161666667,47.720000000] },"properties":{
"id":"RTS.1182",
"STATUS":"Действующий",
"DBIDENT":"1819713",
"NAME":"ALTAY",
"DESIGNATOR":"VZ",
"":"",
"LATITUDE":"474312N",
"LONGITUDE":"0880942E",
"ICAO_REG":"ZW",
"DECLINATION":"3.4",
"FREQUENCY":"0.415",
"ABSOLUTEHEIGHT":"0",
"SIGNPT_TYPE":"Маяк NDB",
"OBJTOTEXT":"0",
"MAGVAR":"3"} },
{"type":"Feature",
"geometry": {"type": "Point","coordinates": [106.633333333,29.696666667] },"properties":{
"id":"RTS.1183",
"STATUS":"Действующий",
"DBIDENT":"1819723",
"NAME":"HUIXING",
"DESIGNATOR":"W",
"":"",
"LATITUDE":"294148N",
"LONGITUDE":"1063800E",
"ICAO_REG":"ZP",
"DECLINATION":"-2.7",
"FREQUENCY":"0.21",
"ABSOLUTEHEIGHT":"0",
"SIGNPT_TYPE":"Маяк NDB",
"OBJTOTEXT":"0",
"MAGVAR":"-3"} },
{"type":"Feature",
"geometry": {"type": "Point","coordinates": [116.875000000,39.945000000] },"properties":{
"id":"RTS.1184",
"STATUS":"Действующий",
"DBIDENT":"1819729",
"NAME":"XILIUHETUN",
"DESIGNATOR":"WF",
"":"",
"LATITUDE":"395642N",
"LONGITUDE":"1165230E",
"ICAO_REG":"ZB",
"DECLINATION":"-7.3",
"FREQUENCY":"0.395",
"ABSOLUTEHEIGHT":"0",
"SIGNPT_TYPE":"Маяк NDB",
"OBJTOTEXT":"0",
"MAGVAR":"-7"} },
{"type":"Feature",
"geometry": {"type": "Point","coordinates": [109.403333333,18.488333333] },"properties":{
"id":"RTS.1185",
"STATUS":"Действующий",
"DBIDENT":"1819735",
"NAME":"BAOLONG",
"DESIGNATOR":"WL",
"":"",
"LATITUDE":"182918N",
"LONGITUDE":"1092412E",
"ICAO_REG":"ZJ",
"DECLINATION":"-1.8",
"FREQUENCY":"0.426",
"ABSOLUTEHEIGHT":"0",
"SIGNPT_TYPE":"Маяк NDB",
"OBJTOTEXT":"0",
"MAGVAR":"-2"} },
{"type":"Feature",
"geometry": {"type": "Point","coordinates": [98.383333333,39.816666667] },"properties":{
"id":"RTS.1186",
"STATUS":"Действующий",
"DBIDENT":"1819741",
"NAME":"JIAYUGUAN",
"DESIGNATOR":"WR",
"":"",
"LATITUDE":"394900N",
"LONGITUDE":"0982300E",
"ICAO_REG":"ZL",
"DECLINATION":"-1.2",
"FREQUENCY":"0.341",
"ABSOLUTEHEIGHT":"0",
"SIGNPT_TYPE":"Маяк NDB",
"OBJTOTEXT":"0",
"MAGVAR":"-1"} },
{"type":"Feature",
"geometry": {"type": "Point","coordinates": [106.660000000,29.518333333] },"properties":{
"id":"RTS.1187",
"STATUS":"Действующий",
"DBIDENT":"1819746",
"NAME":"CHANGSHENGQIAO",
"DESIGNATOR":"WX",
"":"",
"LATITUDE":"293106N",
"LONGITUDE":"1063936E",
"ICAO_REG":"ZP",
"DECLINATION":"-2.7",
"FREQUENCY":"0.306",
"ABSOLUTEHEIGHT":"0",
"SIGNPT_TYPE":"Маяк NDB",
"OBJTOTEXT":"0",
"MAGVAR":"-3"} },
{"type":"Feature",
"geometry": {"type": "Point","coordinates": [120.201666667,30.121666667] },"properties":{
"id":"RTS.1188",
"STATUS":"Действующий",
"DBIDENT":"1819747",
"NAME":"WENYAN",
"DESIGNATOR":"WY",
"":"",
"LATITUDE":"300718N",
"LONGITUDE":"1201206E",
"ICAO_REG":"ZS",
"DECLINATION":"-5.7",
"FREQUENCY":"0.572",
"ABSOLUTEHEIGHT":"0",
"SIGNPT_TYPE":"Маяк NDB",
"OBJTOTEXT":"0",
"MAGVAR":"-6"} },
{"type":"Feature",
"geometry": {"type": "Point","coordinates": [128.035277778,50.635555556] },"properties":{
"id":"RTS.1189",
"STATUS":"Действующий",
"DBIDENT":"1819748",
"NAME":"SREDNEBELAYA",
"ALT_NAME":"СРЕДНЕБЕЛАЯ",
"DESIGNATOR":"WZ",
"":"",
"LATITUDE":"503808N",
"LONGITUDE":"1280207E",
"ICAO_REG":"UX",
"DECLINATION":"-12.6",
"FREQUENCY":"0.46",
"ABSOLUTEHEIGHT":"0",
"SIGNPT_TYPE":"Маяк NDB",
"OBJTOTEXT":"0",
"MAGVAR":"-13"} },
{"type":"Feature",
"geometry": {"type": "Point","coordinates": [109.976194444,40.573061111] },"properties":{
"id":"RTS.1190",
"STATUS":"Действующий",
"DBIDENT":"1819752",
"NAME":"BAOTOU",
"DESIGNATOR":"X",
"":"",
"LATITUDE":"403423N",
"LONGITUDE":"1095834E",
"ICAO_REG":"ZB",
"DECLINATION":"-5.2",
"FREQUENCY":"0.306",
"ABSOLUTEHEIGHT":"0",
"SIGNPT_TYPE":"Маяк NDB",
"OBJTOTEXT":"0",
"MAGVAR":"-5"} },
{"type":"Feature",
"geometry": {"type": "Point","coordinates": [111.002477778,35.111466667] },"properties":{
"id":"RTS.1191",
"STATUS":"Действующий",
"DBIDENT":"1819763",
"NAME":"YUNCHENG",
"DESIGNATOR":"Y",
"":"",
"LATITUDE":"350641N",
"LONGITUDE":"1110009E",
"ICAO_REG":"ZB",
"DECLINATION":"-4.6",
"FREQUENCY":"0.42",
"ABSOLUTEHEIGHT":"0",
"SIGNPT_TYPE":"Маяк NDB",
"OBJTOTEXT":"0",
"MAGVAR":"-5"} },
{"type":"Feature",
"geometry": {"type": "Point","coordinates": [110.318333333,25.171666667] },"properties":{
"id":"RTS.1192",
"STATUS":"Действующий",
"DBIDENT":"1819764",
"NAME":"QIFENGLING",
"DESIGNATOR":"Y",
"":"",
"LATITUDE":"251018N",
"LONGITUDE":"1101906E",
"ICAO_REG":"ZG",
"DECLINATION":"-2.9",
"FREQUENCY":"0.417",
"ABSOLUTEHEIGHT":"0",
"SIGNPT_TYPE":"Маяк NDB",
"OBJTOTEXT":"0",
"MAGVAR":"-3"} },
{"type":"Feature",
"geometry": {"type": "Point","coordinates": [112.411666667,37.875000000] },"properties":{
"id":"RTS.1193",
"STATUS":"Действующий",
"DBIDENT":"1819767",
"NAME":"WOLONG",
"DESIGNATOR":"YF",
"":"",
"LATITUDE":"375230N",
"LONGITUDE":"1122442E",
"ICAO_REG":"ZB",
"DECLINATION":"-5.5",
"FREQUENCY":"0.201",
"ABSOLUTEHEIGHT":"0",
"SIGNPT_TYPE":"Маяк NDB",
"OBJTOTEXT":"0",
"MAGVAR":"-6"} },
{"type":"Feature",
"geometry": {"type": "Point","coordinates": [119.688333333,36.438333333] },"properties":{
"id":"RTS.1194",
"STATUS":"Действующий",
"DBIDENT":"1819769",
"NAME":"GAOMI",
"DESIGNATOR":"YO",
"":"",
"LATITUDE":"362618N",
"LONGITUDE":"1194118E",
"ICAO_REG":"ZS",
"DECLINATION":"-7.1",
"FREQUENCY":"0.443",
"ABSOLUTEHEIGHT":"0",
"SIGNPT_TYPE":"Маяк NDB",
"OBJTOTEXT":"0",
"MAGVAR":"-7"} },
{"type":"Feature",
"geometry": {"type": "Point","coordinates": [116.633333333,40.733333333] },"properties":{
"id":"RTS.1195",
"STATUS":"Действующий",
"DBIDENT":"1819771",
"NAME":"TANGHEKOU",
"DESIGNATOR":"YV",
"":"",
"LATITUDE":"404400N",
"LONGITUDE":"1163800E",
"ICAO_REG":"ZB",
"DECLINATION":"-7.4",
"FREQUENCY":"0.514",
"ABSOLUTEHEIGHT":"0",
"SIGNPT_TYPE":"Маяк NDB",
"OBJTOTEXT":"0",
"MAGVAR":"-7"} },
{"type":"Feature",
"geometry": {"type": "Point","coordinates": [114.922222222,56.359166667] },"properties":{
"id":"RTS.1196",
"STATUS":"Действующий",
"DBIDENT":"1819772",
"NAME":"TAKSIMO",
"ALT_NAME":"ТАКСИМО",
"DESIGNATOR":"YW",
"":"",
"LATITUDE":"562133N",
"LONGITUDE":"1145520E",
"ICAO_REG":"UX",
"DECLINATION":"-11",
"FREQUENCY":"0.35",
"ABSOLUTEHEIGHT":"0",
"SIGNPT_TYPE":"Маяк NDB",
"OBJTOTEXT":"0",
"MAGVAR":"-11"} },
{"type":"Feature",
"geometry": {"type": "Point","coordinates": [118.838333333,31.710000000] },"properties":{
"id":"RTS.1197",
"STATUS":"Действующий",
"DBIDENT":"1819779",
"NAME":"NANJING/LUKOU",
"DESIGNATOR":"Z",
"":"",
"LATITUDE":"314236N",
"LONGITUDE":"1185018E",
"ICAO_REG":"ZS",
"DECLINATION":"-5.8",
"FREQUENCY":"0.42",
"ABSOLUTEHEIGHT":"0",
"SIGNPT_TYPE":"Маяк NDB",
"OBJTOTEXT":"0",
"MAGVAR":"-6"} },
{"type":"Feature",
"geometry": {"type": "Point","coordinates": [35.286388889,47.821611111] },"properties":{
"id":"RTS.1198",
"STATUS":"Действующий",
"DBIDENT":"1819782",
"NAME":"ZAPORIZHZIA",
"DESIGNATOR":"ZA",
"":"",
"LATITUDE":"474918N",
"LONGITUDE":"0351711E",
"ICAO_REG":"UK",
"DECLINATION":"7.4",
"FREQUENCY":"0.295",
"ABSOLUTEHEIGHT":"0",
"SIGNPT_TYPE":"Маяк NDB",
"OBJTOTEXT":"0",
"MAGVAR":"7"} },
{"type":"Feature",
"geometry": {"type": "Point","coordinates": [114.433333333,31.323333333] },"properties":{
"id":"RTS.1199",
"STATUS":"Действующий",
"DBIDENT":"1819786",
"NAME":"HEKOU",
"DESIGNATOR":"ZF",
"":"",
"LATITUDE":"311924N",
"LONGITUDE":"1142600E",
"ICAO_REG":"ZH",
"DECLINATION":"-4.8",
"FREQUENCY":"0.369",
"ABSOLUTEHEIGHT":"0",
"SIGNPT_TYPE":"Маяк NDB",
"OBJTOTEXT":"0",
"MAGVAR":"-5"} },
{"type":"Feature",
"geometry": {"type": "Point","coordinates": [119.710000000,31.941666667] },"properties":{
"id":"RTS.1200",
"STATUS":"Действующий",
"DBIDENT":"1819790",
"NAME":"BENNIU",
"DESIGNATOR":"ZJ",
"":"",
"LATITUDE":"315630N",
"LONGITUDE":"1194236E",
"ICAO_REG":"ZS",
"DECLINATION":"-6",
"FREQUENCY":"0.217",
"ABSOLUTEHEIGHT":"0",
"SIGNPT_TYPE":"Маяк NDB",
"OBJTOTEXT":"0",
"MAGVAR":"-6"} },
{"type":"Feature",
"geometry": {"type": "Point","coordinates": [30.419222222,50.400416667] },"properties":{
"id":"RTS.1201",
"STATUS":"Действующий",
"DBIDENT":"1819792",
"NAME":"ZHULIANY",
"DESIGNATOR":"ZK",
"":"",
"LATITUDE":"502401N",
"LONGITUDE":"0302509E",
"ICAO_REG":"UK",
"DECLINATION":"7.9",
"FREQUENCY":"0.733",
"ABSOLUTEHEIGHT":"0",
"SIGNPT_TYPE":"Маяк NDB",
"OBJTOTEXT":"0",
"MAGVAR":"8"} },
{"type":"Feature",
"geometry": {"type": "Point","coordinates": [112.963333333,28.018333333] },"properties":{
"id":"RTS.1202",
"STATUS":"Действующий",
"DBIDENT":"1819793",
"NAME":"DATUOPU",
"DESIGNATOR":"ZK",
"":"",
"LATITUDE":"280106N",
"LONGITUDE":"1125748E",
"ICAO_REG":"ZG",
"DECLINATION":"-3.8",
"FREQUENCY":"0.52",
"ABSOLUTEHEIGHT":"0",
"SIGNPT_TYPE":"Маяк NDB",
"OBJTOTEXT":"0",
"MAGVAR":"-4"} },
{"type":"Feature",
"geometry": {"type": "Point","coordinates": [35.326805556,47.886000000] },"properties":{
"id":"RTS.1203",
"STATUS":"Действующий",
"DBIDENT":"1819797",
"NAME":"ZAPORIZHZIA",
"DESIGNATOR":"ZP",
"":"",
"LATITUDE":"475310N",
"LONGITUDE":"0351937E",
"ICAO_REG":"UK",
"DECLINATION":"7.4",
"FREQUENCY":"0.608",
"ABSOLUTEHEIGHT":"0",
"SIGNPT_TYPE":"Маяк NDB",
"OBJTOTEXT":"0",
"MAGVAR":"7"} },
{"type":"Feature",
"geometry": {"type": "Point","coordinates": [108.853333333,34.221666667] },"properties":{
"id":"RTS.1204",
"STATUS":"Действующий",
"DBIDENT":"1819799",
"NAME":"YANZHUANG",
"DESIGNATOR":"ZS",
"":"",
"LATITUDE":"341318N",
"LONGITUDE":"1085112E",
"ICAO_REG":"ZL",
"DECLINATION":"-3.9",
"FREQUENCY":"0.359",
"ABSOLUTEHEIGHT":"0",
"SIGNPT_TYPE":"Маяк NDB",
"OBJTOTEXT":"0",
"MAGVAR":"-4"} },
{"type":"Feature",
"geometry": {"type": "Point","coordinates": [42.614166667,53.519166667] },"properties":{
"id":"RTS.1205",
"STATUS":"Действующий",
"DBIDENT":"1821344",
"NAME":"ZEMETCHINO",
"ALT_NAME":"ЗЕМЕТЧИНО",
"DESIGNATOR":"ZMN",
"":"",
"LATITUDE":"533109N",
"LONGITUDE":"0423651E",
"ICAO_REG":"UX",
"":"",
"FREQUENCY":"110.2",
"ABSOLUTEHEIGHT":"150",
"SIGNPT_TYPE":"Дальномер DME",
"OBJTOTEXT":"0"} },
{"type":"Feature",
"geometry": {"type": "Point","coordinates": [46.105833333,52.861111111] },"properties":{
"id":"RTS.1206",
"STATUS":"Действующий",
"DBIDENT":"1821346",
"NAME":"RUSSKIY KAMESHKIR",
"ALT_NAME":"РУССКИЙ КАШЕМИР",
"DESIGNATOR":"IRM",
"":"",
"LATITUDE":"525140N",
"LONGITUDE":"0460621E",
"ICAO_REG":"UX",
"":"",
"FREQUENCY":"109",
"ABSOLUTEHEIGHT":"300",
"SIGNPT_TYPE":"Дальномер DME",
"OBJTOTEXT":"0"} },
{"type":"Feature",
"geometry": {"type": "Point","coordinates": [45.643888889,51.031666667] },"properties":{
"id":"RTS.1207",
"STATUS":"Действующий",
"DBIDENT":"1821347",
"NAME":"KRASNOARMEYSK",
"ALT_NAME":"КРАСНОАРМЕЙСК",
"DESIGNATOR":"DK",
"":"",
"LATITUDE":"510154N",
"LONGITUDE":"0453838E",
"ICAO_REG":"UX",
"":"",
"FREQUENCY":"113.3",
"ABSOLUTEHEIGHT":"270",
"SIGNPT_TYPE":"Дальномер DME",
"OBJTOTEXT":"0"} },
{"type":"Feature",
"geometry": {"type": "Point","coordinates": [54.775277778,53.975000000] },"properties":{
"id":"RTS.1208",
"STATUS":"Действующий",
"DBIDENT":"1821349",
"NAME":"SHAFRANOVO",
"ALT_NAME":"ШАФРАНОВО",
"DESIGNATOR":"AW",
"":"",
"LATITUDE":"535830N",
"LONGITUDE":"0544631E",
"ICAO_REG":"UX",
"":"",
"FREQUENCY":"109.6",
"ABSOLUTEHEIGHT":"330",
"SIGNPT_TYPE":"Дальномер DME",
"OBJTOTEXT":"0"} },
{"type":"Feature",
"geometry": {"type": "Point","coordinates": [17.914444444,59.653333333] },"properties":{
"id":"RTS.1209",
"STATUS":"Действующий",
"DBIDENT":"1822408",
"NAME":"ARLANDA",
"DESIGNATOR":"ARL",
"":"",
"LATITUDE":"593912N",
"LONGITUDE":"0175452E",
"ICAO_REG":"ES",
"DECLINATION":"6",
"FREQUENCY":"116",
"ABSOLUTEHEIGHT":"50",
"SIGNPT_TYPE":"Совмещённый VOR/DME",
"OBJTOTEXT":"0",
"MAGVAR":"6"} },
{"type":"Feature",
"geometry": {"type": "Point","coordinates": [16.650277778,59.586111111] },"properties":{
"id":"RTS.1210",
"STATUS":"Действующий",
"DBIDENT":"1822409",
"NAME":"AROS",
"DESIGNATOR":"ARS",
"":"",
"LATITUDE":"593510N",
"LONGITUDE":"0163901E",
"ICAO_REG":"ES",
"DECLINATION":"6",
"FREQUENCY":"112.8",
"ABSOLUTEHEIGHT":"10",
"SIGNPT_TYPE":"Совмещённый VOR/DME",
"OBJTOTEXT":"0",
"MAGVAR":"6"} },
{"type":"Feature",
"geometry": {"type": "Point","coordinates": [19.262777778,65.597777778] },"properties":{
"id":"RTS.1211",
"STATUS":"Действующий",
"DBIDENT":"1822410",
"NAME":"ARVIDSJAUR",
"DESIGNATOR":"ARV",
"":"",
"LATITUDE":"653552N",
"LONGITUDE":"0191546E",
"ICAO_REG":"ES",
"":"",
"FREQUENCY":"109.35",
"ABSOLUTEHEIGHT":"390",
"SIGNPT_TYPE":"Дальномер DME",
"OBJTOTEXT":"0"} },
{"type":"Feature",
"geometry": {"type": "Point","coordinates": [11.976666667,57.555000000] },"properties":{
"id":"RTS.1212",
"STATUS":"Действующий",
"DBIDENT":"1822411",
"NAME":"BACKA",
"DESIGNATOR":"BAK",
"":"",
"LATITUDE":"573318N",
"LONGITUDE":"0115836E",
"ICAO_REG":"ES",
"":"",
"FREQUENCY":"112.7",
"ABSOLUTEHEIGHT":"100",
"SIGNPT_TYPE":"Дальномер DME",
"OBJTOTEXT":"0"} },
{"type":"Feature",
"geometry": {"type": "Point","coordinates": [15.519166667,60.421388889] },"properties":{
"id":"RTS.1213",
"STATUS":"Действующий",
"DBIDENT":"1822412",
"NAME":"BORLANGE",
"DESIGNATOR":"BOR",
"":"",
"LATITUDE":"602517N",
"LONGITUDE":"0153109E",
"ICAO_REG":"ES",
"DECLINATION":"5",
"FREQUENCY":"117.6",
"ABSOLUTEHEIGHT":"160",
"SIGNPT_TYPE":"Совмещённый VOR/DME",
"OBJTOTEXT":"0",
"MAGVAR":"5"} },
{"type":"Feature",
"geometry": {"type": "Point","coordinates": [19.029444444,57.851666667] },"properties":{
"id":"RTS.1214",
"STATUS":"Действующий",
"DBIDENT":"1822413",
"NAME":"BUNGE",
"DESIGNATOR":"BGE",
"":"",
"LATITUDE":"575106N",
"LONGITUDE":"0190146E",
"ICAO_REG":"ES",
"":"",
"FREQUENCY":"116.6",
"ABSOLUTEHEIGHT":"40",
"SIGNPT_TYPE":"Дальномер DME",
"OBJTOTEXT":"0"} },
{"type":"Feature",
"geometry": {"type": "Point","coordinates": [12.296666667,58.916666667] },"properties":{
"id":"RTS.1215",
"STATUS":"Действующий",
"DBIDENT":"1822414",
"NAME":"FENGERSFORS",
"DESIGNATOR":"FEN",
"":"",
"LATITUDE":"585500N",
"LONGITUDE":"0121748E",
"ICAO_REG":"ES",
"":"",
"FREQUENCY":"115.35",
"ABSOLUTEHEIGHT":"190",
"SIGNPT_TYPE":"Дальномер DME",
"OBJTOTEXT":"0"} },
{"type":"Feature",
"geometry": {"type": "Point","coordinates": [15.845833333,61.818055556] },"properties":{
"id":"RTS.1216",
"STATUS":"Действующий",
"DBIDENT":"1822415",
"NAME":"FARILA",
"DESIGNATOR":"FRL",
"":"",
"LATITUDE":"614905N",
"LONGITUDE":"0155045E",
"ICAO_REG":"ES",
"":"",
"FREQUENCY":"116.5",
"ABSOLUTEHEIGHT":"380",
"SIGNPT_TYPE":"Дальномер DME",
"OBJTOTEXT":"0"} },
{"type":"Feature",
"geometry": {"type": "Point","coordinates": [18.391388889,60.279166667] },"properties":{
"id":"RTS.1217",
"STATUS":"Действующий",
"DBIDENT":"1822416",
"NAME":"HAMMAR",
"DESIGNATOR":"HMR",
"":"",
"LATITUDE":"601645N",
"LONGITUDE":"0182329E",
"ICAO_REG":"ES",
"DECLINATION":"8",
"FREQUENCY":"112.6",
"ABSOLUTEHEIGHT":"30",
"SIGNPT_TYPE":"Совмещённый VOR/DME",
"OBJTOTEXT":"0",
"MAGVAR":"8"} },
{"type":"Feature",
"geometry": {"type": "Point","coordinates": [15.933055556,64.234166667] },"properties":{
"id":"RTS.1218",
"STATUS":"Действующий",
"DBIDENT":"1822417",
"NAME":"HOTING",
"DESIGNATOR":"HOT",
"":"",
"LATITUDE":"641403N",
"LONGITUDE":"0155559E",
"ICAO_REG":"ES",
"":"",
"FREQUENCY":"115.7",
"ABSOLUTEHEIGHT":"660",
"SIGNPT_TYPE":"Дальномер DME",
"OBJTOTEXT":"0"} },
{"type":"Feature",
"geometry": {"type": "Point","coordinates": [14.065277778,57.760277778] },"properties":{
"id":"RTS.1219",
"STATUS":"Действующий",
"DBIDENT":"1822418",
"NAME":"JONKOPING",
"DESIGNATOR":"JON",
"":"",
"LATITUDE":"574537N",
"LONGITUDE":"0140355E",
"ICAO_REG":"ES",
"DECLINATION":"6",
"FREQUENCY":"115.8",
"ABSOLUTEHEIGHT":"240",
"SIGNPT_TYPE":"Совмещённый VOR/DME",
"OBJTOTEXT":"0",
"MAGVAR":"6"} },
{"type":"Feature",
"geometry": {"type": "Point","coordinates": [16.283888889,56.685277778] },"properties":{
"id":"RTS.1220",
"STATUS":"Действующий",
"DBIDENT":"1822419",
"NAME":"KALMAR",
"DESIGNATOR":"KAL",
"":"",
"LATITUDE":"564107N",
"LONGITUDE":"0161702E",
"ICAO_REG":"ES",
"DECLINATION":"7",
"FREQUENCY":"111.6",
"ABSOLUTEHEIGHT":"10",
"SIGNPT_TYPE":"Совмещённый VOR/DME",
"OBJTOTEXT":"0",
"MAGVAR":"7"} },
{"type":"Feature",
"geometry": {"type": "Point","coordinates": [13.331388889,59.442222222] },"properties":{
"id":"RTS.1221",
"STATUS":"Действующий",
"DBIDENT":"1822420",
"NAME":"KARLSTAD",
"DESIGNATOR":"KSD",
"":"",
"LATITUDE":"592632N",
"LONGITUDE":"0131953E",
"ICAO_REG":"ES",
"DECLINATION":"6",
"FREQUENCY":"117.8",
"ABSOLUTEHEIGHT":"100",
"SIGNPT_TYPE":"Совмещённый VOR/DME",
"OBJTOTEXT":"0",
"MAGVAR":"6"} },
{"type":"Feature",
"geometry": {"type": "Point","coordinates": [20.337500000,67.819166667] },"properties":{
"id":"RTS.1222",
"STATUS":"Действующий",
"DBIDENT":"1822421",
"NAME":"KIRUNA",
"DESIGNATOR":"KRA",
"":"",
"LATITUDE":"674909N",
"LONGITUDE":"0202015E",
"ICAO_REG":"ES",
"DECLINATION":"11",
"FREQUENCY":"115.2",
"ABSOLUTEHEIGHT":"460",
"SIGNPT_TYPE":"Совмещённый VOR/DME",
"OBJTOTEXT":"0",
"MAGVAR":"11"} },
{"type":"Feature",
"geometry": {"type": "Point","coordinates": [12.289722222,57.656111111] },"properties":{
"id":"RTS.1223",
"STATUS":"Действующий",
"DBIDENT":"1822422",
"NAME":"LANDVETTER",
"DESIGNATOR":"LAV",
"":"",
"LATITUDE":"573922N",
"LONGITUDE":"0121723E",
"ICAO_REG":"ES",
"DECLINATION":"6",
"FREQUENCY":"114.6",
"ABSOLUTEHEIGHT":"170",
"SIGNPT_TYPE":"Совмещённый VOR/DME",
"OBJTOTEXT":"0",
"MAGVAR":"6"} },
{"type":"Feature",
"geometry": {"type": "Point","coordinates": [22.134166667,65.540000000] },"properties":{
"id":"RTS.1224",
"STATUS":"Действующий",
"DBIDENT":"1822423",
"NAME":"LULEA",
"DESIGNATOR":"SLU",
"":"",
"LATITUDE":"653224N",
"LONGITUDE":"0220803E",
"ICAO_REG":"ES",
"DECLINATION":"10",
"FREQUENCY":"115.1",
"ABSOLUTEHEIGHT":"20",
"SIGNPT_TYPE":"Совмещённый VOR/DME",
"OBJTOTEXT":"0",
"MAGVAR":"10"} },
{"type":"Feature",
"geometry": {"type": "Point","coordinates": [16.408888889,56.272777778] },"properties":{
"id":"RTS.1225",
"STATUS":"Действующий",
"DBIDENT":"1822424",
"NAME":"MORBYLANGA",
"DESIGNATOR":"MBL",
"":"",
"LATITUDE":"561622N",
"LONGITUDE":"0162432E",
"ICAO_REG":"ES",
"":"",
"FREQUENCY":"115.6",
"ABSOLUTEHEIGHT":"30",
"SIGNPT_TYPE":"Дальномер DME",
"OBJTOTEXT":"0"} },
{"type":"Feature",
"geometry": {"type": "Point","coordinates": [21.322500000,66.746388889] },"properties":{
"id":"RTS.1226",
"STATUS":"Действующий",
"DBIDENT":"1822425",
"NAME":"NATTA",
"DESIGNATOR":"NAT",
"":"",
"LATITUDE":"664447N",
"LONGITUDE":"0211921E",
"ICAO_REG":"ES",
"DECLINATION":"10",
"FREQUENCY":"113",
"ABSOLUTEHEIGHT":"390",
"SIGNPT_TYPE":"Совмещённый VOR/DME",
"OBJTOTEXT":"0",
"MAGVAR":"10"} },
{"type":"Feature",
"geometry": {"type": "Point","coordinates": [23.062222222,67.248611111] },"properties":{
"id":"RTS.1227",
"STATUS":"Действующий",
"DBIDENT":"1822426",
"NAME":"PAJALA",
"DESIGNATOR":"PJL",
"":"",
"LATITUDE":"671455N",
"LONGITUDE":"0230344E",
"ICAO_REG":"ES",
"":"",
"FREQUENCY":"115.35",
"ABSOLUTEHEIGHT":"180",
"SIGNPT_TYPE":"Дальномер DME",
"OBJTOTEXT":"0"} },
{"type":"Feature",
"geometry": {"type": "Point","coordinates": [16.413333333,63.598055556] },"properties":{
"id":"RTS.1228",
"STATUS":"Действующий",
"DBIDENT":"1822427",
"NAME":"RAMSELE",
"DESIGNATOR":"RAE",
"":"",
"LATITUDE":"633553N",
"LONGITUDE":"0162448E",
"ICAO_REG":"ES",
"":"",
"FREQUENCY":"116.7",
"ABSOLUTEHEIGHT":"360",
"SIGNPT_TYPE":"Дальномер DME",
"OBJTOTEXT":"0"} },
{"type":"Feature",
"geometry": {"type": "Point","coordinates": [15.264166667,56.254166667] },"properties":{
"id":"RTS.1229",
"STATUS":"Действующий",
"DBIDENT":"1822428",
"NAME":"RONNEBY",
"DESIGNATOR":"RON",
"":"",
"LATITUDE":"561515N",
"LONGITUDE":"0151551E",
"ICAO_REG":"ES",
"":"",
"FREQUENCY":"109.2",
"ABSOLUTEHEIGHT":"60",
"SIGNPT_TYPE":"Дальномер DME",
"OBJTOTEXT":"0"} },
{"type":"Feature",
"geometry": {"type": "Point","coordinates": [14.758611111,55.065555556] },"properties":{
"id":"RTS.1230",
"STATUS":"Действующий",
"DBIDENT":"1822429",
"NAME":"RONNE",
"DESIGNATOR":"ROE",
"":"",
"LATITUDE":"550356N",
"LONGITUDE":"0144531E",
"ICAO_REG":"ES",
"DECLINATION":"4",
"ABSOLUTEHEIGHT":"20",
"SIGNPT_TYPE":"Совмещённый VOR/TACAN",
"OBJTOTEXT":"0",
"MAGVAR":"4"} },
{"type":"Feature",
"geometry": {"type": "Point","coordinates": [21.079166667,64.626666667] },"properties":{
"id":"RTS.1231",
"STATUS":"Действующий",
"DBIDENT":"1822430",
"NAME":"SKELLEFTEA",
"DESIGNATOR":"SKA",
"":"",
"LATITUDE":"643736N",
"LONGITUDE":"0210445E",
"ICAO_REG":"ES",
"DECLINATION":"9",
"FREQUENCY":"113.4",
"ABSOLUTEHEIGHT":"60",
"SIGNPT_TYPE":"Совмещённый VOR/DME",
"OBJTOTEXT":"0",
"MAGVAR":"9"} },
{"type":"Feature",
"geometry": {"type": "Point","coordinates": [21.690277778,68.091944444] },"properties":{
"id":"RTS.1232",
"STATUS":"Действующий",
"DBIDENT":"1822431",
"NAME":"SOPPERO",
"DESIGNATOR":"SPO",
"":"",
"LATITUDE":"680531N",
"LONGITUDE":"0214125E",
"ICAO_REG":"ES",
"":"",
"FREQUENCY":"115.9",
"ABSOLUTEHEIGHT":"400",
"SIGNPT_TYPE":"Дальномер DME",
"OBJTOTEXT":"0"} },
{"type":"Feature",
"geometry": {"type": "Point","coordinates": [17.708055556,64.955277778] },"properties":{
"id":"RTS.1233",
"STATUS":"Действующий",
"DBIDENT":"1822432",
"NAME":"STORUMAN",
"DESIGNATOR":"SUM",
"":"",
"LATITUDE":"645719N",
"LONGITUDE":"0174229E",
"ICAO_REG":"ES",
"DECLINATION":"8",
"FREQUENCY":"116.3",
"ABSOLUTEHEIGHT":"290",
"SIGNPT_TYPE":"Совмещённый VOR/DME",
"OBJTOTEXT":"0",
"MAGVAR":"8"} },
{"type":"Feature",
"geometry": {"type": "Point","coordinates": [13.379444444,55.534444444] },"properties":{
"id":"RTS.1234",
"STATUS":"Действующий",
"DBIDENT":"1822433",
"NAME":"STURUP",
"DESIGNATOR":"SUP",
"":"",
"LATITUDE":"553204N",
"LONGITUDE":"0132246E",
"ICAO_REG":"ES",
"DECLINATION":"4",
"FREQUENCY":"113",
"ABSOLUTEHEIGHT":"80",
"SIGNPT_TYPE":"Совмещённый VOR/DME",
"OBJTOTEXT":"0",
"MAGVAR":"4"} },
{"type":"Feature",
"geometry": {"type": "Point","coordinates": [17.448611111,62.528333333] },"properties":{
"id":"RTS.1235",
"STATUS":"Действующий",
"DBIDENT":"1822434",
"NAME":"SUNDSVALL",
"DESIGNATOR":"SUN",
"":"",
"LATITUDE":"623142N",
"LONGITUDE":"0172655E",
"ICAO_REG":"ES",
"DECLINATION":"7",
"FREQUENCY":"113.1",
"ABSOLUTEHEIGHT":"10",
"SIGNPT_TYPE":"Совмещённый VOR/DME",
"OBJTOTEXT":"0",
"MAGVAR":"7"} },
{"type":"Feature",
"geometry": {"type": "Point","coordinates": [12.573611111,56.168888889] },"properties":{
"id":"RTS.1236",
"STATUS":"Действующий",
"DBIDENT":"1822435",
"NAME":"SVEDA",
"DESIGNATOR":"SVD",
"":"",
"LATITUDE":"561008N",
"LONGITUDE":"0123425E",
"ICAO_REG":"ES",
"":"",
"FREQUENCY":"116.2",
"ABSOLUTEHEIGHT":"10",
"SIGNPT_TYPE":"Дальномер DME",
"OBJTOTEXT":"0"} },
{"type":"Feature",
"geometry": {"type": "Point","coordinates": [14.411944444,62.046388889] },"properties":{
"id":"RTS.1237",
"STATUS":"Действующий",
"DBIDENT":"1822436",
"NAME":"SVEG",
"DESIGNATOR":"SVE",
"":"",
"LATITUDE":"620247N",
"LONGITUDE":"0142443E",
"ICAO_REG":"ES",
"":"",
"FREQUENCY":"113.95",
"ABSOLUTEHEIGHT":"360",
"SIGNPT_TYPE":"Дальномер DME",
"OBJTOTEXT":"0"} },
{"type":"Feature",
"geometry": {"type": "Point","coordinates": [18.203055556,59.531666667] },"properties":{
"id":"RTS.1238",
"STATUS":"Действующий",
"DBIDENT":"1822437",
"NAME":"TEBBY",
"DESIGNATOR":"TEB",
"":"",
"LATITUDE":"593154N",
"LONGITUDE":"0181211E",
"ICAO_REG":"ES",
"DECLINATION":"6",
"FREQUENCY":"117.1",
"ABSOLUTEHEIGHT":"60",
"SIGNPT_TYPE":"Совмещённый VOR/DME",
"OBJTOTEXT":"0",
"MAGVAR":"6"} },
{"type":"Feature",
"geometry": {"type": "Point","coordinates": [17.502222222,58.937777778] },"properties":{
"id":"RTS.1239",
"STATUS":"Действующий",
"DBIDENT":"1822438",
"NAME":"TROSA",
"DESIGNATOR":"TRS",
"":"",
"LATITUDE":"585616N",
"LONGITUDE":"0173008E",
"ICAO_REG":"ES",
"DECLINATION":"7",
"FREQUENCY":"114.3",
"ABSOLUTEHEIGHT":"60",
"SIGNPT_TYPE":"Совмещённый VOR/DME",
"OBJTOTEXT":"0",
"MAGVAR":"7"} },
{"type":"Feature",
"geometry": {"type": "Point","coordinates": [20.285000000,63.788611111] },"properties":{
"id":"RTS.1240",
"STATUS":"Действующий",
"DBIDENT":"1822439",
"NAME":"UMEA",
"DESIGNATOR":"UME",
"":"",
"LATITUDE":"634719N",
"LONGITUDE":"0201706E",
"ICAO_REG":"ES",
"DECLINATION":"10",
"FREQUENCY":"114.1",
"ABSOLUTEHEIGHT":"10",
"SIGNPT_TYPE":"Совмещённый VOR/DME",
"OBJTOTEXT":"0",
"MAGVAR":"10"} },
{"type":"Feature",
"geometry": {"type": "Point","coordinates": [15.709722222,58.303055556] },"properties":{
"id":"RTS.1241",
"STATUS":"Действующий",
"DBIDENT":"1822440",
"NAME":"VASSEN",
"DESIGNATOR":"VSN",
"":"",
"LATITUDE":"581811N",
"LONGITUDE":"0154235E",
"ICAO_REG":"ES",
"DECLINATION":"7",
"FREQUENCY":"115.25",
"ABSOLUTEHEIGHT":"130",
"SIGNPT_TYPE":"Совмещённый VOR/DME",
"OBJTOTEXT":"0",
"MAGVAR":"7"} },
{"type":"Feature",
"geometry": {"type": "Point","coordinates": [18.346666667,57.659444444] },"properties":{
"id":"RTS.1242",
"STATUS":"Действующий",
"DBIDENT":"1822441",
"NAME":"VISBY",
"DESIGNATOR":"VSB",
"":"",
"LATITUDE":"573934N",
"LONGITUDE":"0182048E",
"ICAO_REG":"ES",
"DECLINATION":"6",
"FREQUENCY":"115.1",
"ABSOLUTEHEIGHT":"50",
"SIGNPT_TYPE":"Совмещённый VOR/DME",
"OBJTOTEXT":"0",
"MAGVAR":"6"} },
{"type":"Feature",
"geometry": {"type": "Point","coordinates": [18.993333333,63.405833333] },"properties":{
"id":"RTS.1243",
"STATUS":"Действующий",
"DBIDENT":"1822442",
"NAME":"ORNSKOLDSVIK",
"DESIGNATOR":"OSK",
"":"",
"LATITUDE":"632421N",
"LONGITUDE":"0185936E",
"ICAO_REG":"ES",
"DECLINATION":"8",
"FREQUENCY":"115",
"ABSOLUTEHEIGHT":"110",
"SIGNPT_TYPE":"Совмещённый VOR/DME",
"OBJTOTEXT":"0",
"MAGVAR":"8"} },
{"type":"Feature",
"geometry": {"type": "Point","coordinates": [14.487500000,63.199444444] },"properties":{
"id":"RTS.1244",
"STATUS":"Действующий",
"DBIDENT":"1822443",
"NAME":"OSTERSUND",
"DESIGNATOR":"OSS",
"":"",
"LATITUDE":"631158N",
"LONGITUDE":"0142915E",
"ICAO_REG":"ES",
"DECLINATION":"7",
"FREQUENCY":"114.65",
"ABSOLUTEHEIGHT":"370",
"SIGNPT_TYPE":"Совмещённый VOR/DME",
"OBJTOTEXT":"0",
"MAGVAR":"7"} },
{"type":"Feature",
"geometry": {"type": "Point","coordinates": [17.971666667,53.098333333] },"properties":{
"id":"RTS.1245",
"STATUS":"Действующий",
"DBIDENT":"1822463",
"NAME":"BYDGOSZCZ",
"DESIGNATOR":"BYZ",
"":"",
"LATITUDE":"530554N",
"LONGITUDE":"0175818E",
"ICAO_REG":"EP",
"DECLINATION":"6",
"FREQUENCY":"112.7",
"ABSOLUTEHEIGHT":"90",
"SIGNPT_TYPE":"Совмещённый VOR/DME",
"OBJTOTEXT":"0",
"MAGVAR":"6"} },
{"type":"Feature",
"geometry": {"type": "Point","coordinates": [16.301111111,53.507777778] },"properties":{
"id":"RTS.1246",
"STATUS":"Действующий",
"DBIDENT":"1822464",
"NAME":"CZAPLINEK",
"DESIGNATOR":"CZA",
"":"",
"LATITUDE":"533028N",
"LONGITUDE":"0161804E",
"ICAO_REG":"EP",
"":"",
"FREQUENCY":"0",
"ABSOLUTEHEIGHT":"180",
"SIGNPT_TYPE":"Дальномер DME",
"OBJTOTEXT":"0"} },
{"type":"Feature",
"geometry": {"type": "Point","coordinates": [16.719166667,52.133333333] },"properties":{
"id":"RTS.1247",
"STATUS":"Действующий",
"DBIDENT":"1822465",
"NAME":"CZEMPIN",
"DESIGNATOR":"CMP",
"":"",
"LATITUDE":"520800N",
"LONGITUDE":"0164309E",
"ICAO_REG":"EP",
"DECLINATION":"5",
"FREQUENCY":"114.5",
"ABSOLUTEHEIGHT":"90",
"SIGNPT_TYPE":"Совмещённый VOR/DME",
"OBJTOTEXT":"0",
"MAGVAR":"5"} },
{"type":"Feature",
"geometry": {"type": "Point","coordinates": [16.388055556,54.410277778] },"properties":{
"id":"RTS.1248",
"STATUS":"Действующий",
"DBIDENT":"1822466",
"NAME":"DARLOWO",
"DESIGNATOR":"DAR",
"":"",
"LATITUDE":"542437N",
"LONGITUDE":"0162317E",
"ICAO_REG":"EP",
"DECLINATION":"4",
"FREQUENCY":"114.2",
"ABSOLUTEHEIGHT":"30",
"SIGNPT_TYPE":"Совмещённый VOR/DME",
"OBJTOTEXT":"0",
"MAGVAR":"4"} },
{"type":"Feature",
"geometry": {"type": "Point","coordinates": [15.832500000,52.816944444] },"properties":{
"id":"RTS.1249",
"STATUS":"Действующий",
"DBIDENT":"1822467",
"NAME":"DREZDENKO",
"DESIGNATOR":"DRE",
"":"",
"LATITUDE":"524901N",
"LONGITUDE":"0154957E",
"ICAO_REG":"EP",
"":"",
"FREQUENCY":"0",
"ABSOLUTEHEIGHT":"60",
"SIGNPT_TYPE":"Дальномер DME",
"OBJTOTEXT":"0"} },
{"type":"Feature",
"geometry": {"type": "Point","coordinates": [21.175555556,53.079444444] },"properties":{
"id":"RTS.1250",
"STATUS":"Действующий",
"DBIDENT":"1822468",
"NAME":"DZIALYN",
"DESIGNATOR":"DIA",
"":"",
"LATITUDE":"530446N",
"LONGITUDE":"0211032E",
"ICAO_REG":"EP",
"":"",
"FREQUENCY":"118",
"ABSOLUTEHEIGHT":"150",
"SIGNPT_TYPE":"Дальномер DME",
"OBJTOTEXT":"0"} },
{"type":"Feature",
"geometry": {"type": "Point","coordinates": [18.425277778,54.387777778] },"properties":{
"id":"RTS.1251",
"STATUS":"Действующий",
"DBIDENT":"1822469",
"NAME":"GDANSK",
"DESIGNATOR":"GZD",
"":"",
"LATITUDE":"542316N",
"LONGITUDE":"0182531E",
"ICAO_REG":"EP",
"DECLINATION":"6",
"FREQUENCY":"116.1",
"ABSOLUTEHEIGHT":"150",
"SIGNPT_TYPE":"Совмещённый VOR/DME",
"OBJTOTEXT":"0",
"MAGVAR":"6"} },
{"type":"Feature",
"geometry": {"type": "Point","coordinates": [17.134166667,51.274444444] },"properties":{
"id":"RTS.1252",
"STATUS":"Действующий",
"DBIDENT":"1822470",
"NAME":"GLUCHOW GORNY",
"DESIGNATOR":"TBN",
"":"",
"LATITUDE":"511628N",
"LONGITUDE":"0170803E",
"ICAO_REG":"EP",
"":"",
"FREQUENCY":"0",
"ABSOLUTEHEIGHT":"270",
"SIGNPT_TYPE":"Дальномер DME",
"OBJTOTEXT":"0"} },
{"type":"Feature",
"geometry": {"type": "Point","coordinates": [18.781388889,53.521111111] },"properties":{
"id":"RTS.1253",
"STATUS":"Действующий",
"DBIDENT":"1822471",
"NAME":"GRUDZIADZ",
"DESIGNATOR":"GRU",
"":"",
"LATITUDE":"533116N",
"LONGITUDE":"0184653E",
"ICAO_REG":"EP",
"DECLINATION":"4",
"FREQUENCY":"114.6",
"ABSOLUTEHEIGHT":"90",
"SIGNPT_TYPE":"Совмещённый VOR/DME",
"OBJTOTEXT":"0",
"MAGVAR":"4"} },
{"type":"Feature",
"geometry": {"type": "Point","coordinates": [23.149444444,50.877500000] },"properties":{
"id":"RTS.1254",
"STATUS":"Действующий",
"DBIDENT":"1822472",
"NAME":"IZBICA",
"DESIGNATOR":"IZB",
"":"",
"LATITUDE":"505239N",
"LONGITUDE":"0230858E",
"ICAO_REG":"EP",
"":"",
"FREQUENCY":"117.4",
"ABSOLUTEHEIGHT":"240",
"SIGNPT_TYPE":"Дальномер DME",
"OBJTOTEXT":"0"} },
{"type":"Feature",
"geometry": {"type": "Point","coordinates": [20.251111111,50.647222222] },"properties":{
"id":"RTS.1255",
"STATUS":"Действующий",
"DBIDENT":"1822473",
"NAME":"JEDRZEJOW",
"DESIGNATOR":"JED",
"":"",
"LATITUDE":"503850N",
"LONGITUDE":"0201504E",
"ICAO_REG":"EP",
"":"",
"FREQUENCY":"0",
"ABSOLUTEHEIGHT":"300",
"SIGNPT_TYPE":"Дальномер DME",
"OBJTOTEXT":"0"} },
{"type":"Feature",
"geometry": {"type": "Point","coordinates": [20.444722222,51.946388889] },"properties":{
"id":"RTS.1256",
"STATUS":"Действующий",
"DBIDENT":"1822474",
"NAME":"KARNICE",
"DESIGNATOR":"KRN",
"":"",
"LATITUDE":"515647N",
"LONGITUDE":"0202641E",
"ICAO_REG":"EP",
"":"",
"FREQUENCY":"117.8",
"ABSOLUTEHEIGHT":"180",
"SIGNPT_TYPE":"Дальномер DME",
"OBJTOTEXT":"0"} },
{"type":"Feature",
"geometry": {"type": "Point","coordinates": [19.085000000,50.477777778] },"properties":{
"id":"RTS.1257",
"STATUS":"Действующий",
"DBIDENT":"1822475",
"NAME":"KATOWICE",
"DESIGNATOR":"KAX",
"":"",
"LATITUDE":"502840N",
"LONGITUDE":"0190506E",
"ICAO_REG":"EP",
"DECLINATION":"5",
"FREQUENCY":"114.8",
"ABSOLUTEHEIGHT":"300",
"SIGNPT_TYPE":"Совмещённый VOR/DME",
"OBJTOTEXT":"0",
"MAGVAR":"5"} },
{"type":"Feature",
"geometry": {"type": "Point","coordinates": [19.144722222,54.201666667] },"properties":{
"id":"RTS.1258",
"STATUS":"Действующий",
"DBIDENT":"1822476",
"NAME":"KMIECIN",
"DESIGNATOR":"KMI",
"":"",
"LATITUDE":"541206N",
"LONGITUDE":"0190841E",
"ICAO_REG":"EP",
"":"",
"FREQUENCY":"116.8",
"ABSOLUTEHEIGHT":"30",
"SIGNPT_TYPE":"Дальномер DME",
"OBJTOTEXT":"0"} },
{"type":"Feature",
"geometry": {"type": "Point","coordinates": [19.788055556,50.076666667] },"properties":{
"id":"RTS.1259",
"STATUS":"Действующий",
"DBIDENT":"1822477",
"NAME":"KRAKOW BALICE",
"DESIGNATOR":"KAK",
"":"",
"LATITUDE":"500436N",
"LONGITUDE":"0194717E",
"ICAO_REG":"EP",
"DECLINATION":"6",
"FREQUENCY":"112.8",
"ABSOLUTEHEIGHT":"240",
"SIGNPT_TYPE":"Совмещённый VOR/DME",
"OBJTOTEXT":"0",
"MAGVAR":"6"} },
{"type":"Feature",
"geometry": {"type": "Point","coordinates": [21.158611111,51.932777778] },"properties":{
"id":"RTS.1260",
"STATUS":"Действующий",
"DBIDENT":"1822478",
"NAME":"LININ",
"DESIGNATOR":"LIN",
"":"",
"LATITUDE":"515558N",
"LONGITUDE":"0210931E",
"ICAO_REG":"EP",
"":"",
"FREQUENCY":"113.1",
"ABSOLUTEHEIGHT":"150",
"SIGNPT_TYPE":"Дальномер DME",
"OBJTOTEXT":"0"} },
{"type":"Feature",
"geometry": {"type": "Point","coordinates": [22.134166667,50.108611111] },"properties":{
"id":"RTS.1261",
"STATUS":"Действующий",
"DBIDENT":"1822479",
"NAME":"LUKAWIEC",
"DESIGNATOR":"RSW",
"":"",
"LATITUDE":"500631N",
"LONGITUDE":"0220803E",
"ICAO_REG":"EP",
"DECLINATION":"6",
"FREQUENCY":"110.6",
"ABSOLUTEHEIGHT":"210",
"SIGNPT_TYPE":"Совмещённый VOR/DME",
"OBJTOTEXT":"0",
"MAGVAR":"6"} },
{"type":"Feature",
"geometry": {"type": "Point","coordinates": [21.132777778,53.785000000] },"properties":{
"id":"RTS.1262",
"STATUS":"Действующий",
"DBIDENT":"1822480",
"NAME":"MRAGOWO",
"DESIGNATOR":"MRA",
"":"",
"LATITUDE":"534706N",
"LONGITUDE":"0210758E",
"ICAO_REG":"EP",
"DECLINATION":"5",
"FREQUENCY":"117.3",
"ABSOLUTEHEIGHT":"150",
"SIGNPT_TYPE":"Совмещённый VOR/DME",
"OBJTOTEXT":"0",
"MAGVAR":"5"} },
{"type":"Feature",
"geometry": {"type": "Point","coordinates": [19.967500000,49.342500000] },"properties":{
"id":"RTS.1263",
"STATUS":"Действующий",
"DBIDENT":"1822481",
"NAME":"NOWY TARG",
"DESIGNATOR":"NTA",
"":"",
"LATITUDE":"492033N",
"LONGITUDE":"0195803E",
"ICAO_REG":"EP",
"":"",
"FREQUENCY":"0",
"ABSOLUTEHEIGHT":"990",
"SIGNPT_TYPE":"Дальномер DME",
"OBJTOTEXT":"0"} },
{"type":"Feature",
"geometry": {"type": "Point","coordinates": [20.935555556,50.211666667] },"properties":{
"id":"RTS.1264",
"STATUS":"Действующий",
"DBIDENT":"1822482",
"NAME":"OLESNO",
"DESIGNATOR":"OLX",
"":"",
"LATITUDE":"501242N",
"LONGITUDE":"0205608E",
"ICAO_REG":"EP",
"":"",
"FREQUENCY":"115.4",
"ABSOLUTEHEIGHT":"210",
"SIGNPT_TYPE":"Дальномер DME",
"OBJTOTEXT":"0"} },
{"type":"Feature",
"geometry": {"type": "Point","coordinates": [20.264166667,53.746666667] },"properties":{
"id":"RTS.1265",
"STATUS":"Действующий",
"DBIDENT":"1822483",
"NAME":"OLSZTYN",
"DESIGNATOR":"OSY",
"":"",
"LATITUDE":"534448N",
"LONGITUDE":"0201551E",
"ICAO_REG":"EP",
"":"",
"FREQUENCY":"116.25",
"ABSOLUTEHEIGHT":"180",
"SIGNPT_TYPE":"Дальномер DME",
"OBJTOTEXT":"0"} },
{"type":"Feature",
"geometry": {"type": "Point","coordinates": [19.570000000,52.711666667] },"properties":{
"id":"RTS.1266",
"STATUS":"Действующий",
"DBIDENT":"1822484",
"NAME":"PLOCK",
"DESIGNATOR":"PCK",
"":"",
"LATITUDE":"524242N",
"LONGITUDE":"0193412E",
"ICAO_REG":"EP",
"":"",
"FREQUENCY":"117.65",
"ABSOLUTEHEIGHT":"120",
"SIGNPT_TYPE":"Дальномер DME",
"OBJTOTEXT":"0"} },
{"type":"Feature",
"geometry": {"type": "Point","coordinates": [16.830277778,52.422500000] },"properties":{
"id":"RTS.1267",
"STATUS":"Действующий",
"DBIDENT":"1822485",
"NAME":"POZNAN/LAWICA",
"DESIGNATOR":"LAW",
"":"",
"LATITUDE":"522521N",
"LONGITUDE":"0164949E",
"ICAO_REG":"EP",
"DECLINATION":"5",
"FREQUENCY":"115.8",
"ABSOLUTEHEIGHT":"90",
"SIGNPT_TYPE":"Совмещённый VOR/DME",
"OBJTOTEXT":"0",
"MAGVAR":"5"} },
{"type":"Feature",
"geometry": {"type": "Point","coordinates": [18.851666667,49.992222222] },"properties":{
"id":"RTS.1268",
"STATUS":"Действующий",
"DBIDENT":"1822486",
"NAME":"PSZCZYNA",
"DESIGNATOR":"PSZ",
"":"",
"LATITUDE":"495932N",
"LONGITUDE":"0185106E",
"ICAO_REG":"EP",
"":"",
"FREQUENCY":"0",
"ABSOLUTEHEIGHT":"300",
"SIGNPT_TYPE":"Дальномер DME",
"OBJTOTEXT":"0"} },
{"type":"Feature",
"geometry": {"type": "Point","coordinates": [22.200833333,52.155277778] },"properties":{
"id":"RTS.1269",
"STATUS":"Действующий",
"DBIDENT":"1822487",
"NAME":"SIEDLCE",
"DESIGNATOR":"SIE",
"":"",
"LATITUDE":"520919N",
"LONGITUDE":"0221203E",
"ICAO_REG":"EP",
"DECLINATION":"5",
"FREQUENCY":"114.7",
"ABSOLUTEHEIGHT":"180",
"SIGNPT_TYPE":"Совмещённый VOR/DME",
"OBJTOTEXT":"0",
"MAGVAR":"5"} },
{"type":"Feature",
"geometry": {"type": "Point","coordinates": [23.707222222,52.830555556] },"properties":{
"id":"RTS.1270",
"STATUS":"Действующий",
"DBIDENT":"1822488",
"NAME":"SKUPOWO",
"DESIGNATOR":"RUD",
"":"",
"LATITUDE":"524950N",
"LONGITUDE":"0234226E",
"ICAO_REG":"EP",
"DECLINATION":"6",
"FREQUENCY":"115.1",
"ABSOLUTEHEIGHT":"210",
"SIGNPT_TYPE":"Совмещённый VOR/DME",
"OBJTOTEXT":"0",
"MAGVAR":"6"} },
{"type":"Feature",
"geometry": {"type": "Point","coordinates": [22.900277778,54.069722222] },"properties":{
"id":"RTS.1271",
"STATUS":"Действующий",
"DBIDENT":"1822489",
"NAME":"SUWALKI",
"DESIGNATOR":"SUW",
"":"",
"LATITUDE":"540411N",
"LONGITUDE":"0225401E",
"ICAO_REG":"EP",
"DECLINATION":"6",
"FREQUENCY":"117.7",
"ABSOLUTEHEIGHT":"180",
"SIGNPT_TYPE":"Совмещённый VOR/DME",
"OBJTOTEXT":"0",
"MAGVAR":"6"} },
{"type":"Feature",
"geometry": {"type": "Point","coordinates": [14.881388889,53.595277778] },"properties":{
"id":"RTS.1272",
"STATUS":"Действующий",
"DBIDENT":"1822490",
"NAME":"SZCZECIN",
"DESIGNATOR":"SCZ",
"":"",
"LATITUDE":"533543N",
"LONGITUDE":"0145253E",
"ICAO_REG":"EP",
"DECLINATION":"3",
"FREQUENCY":"114.75",
"ABSOLUTEHEIGHT":"30",
"SIGNPT_TYPE":"Совмещённый VOR/DME",
"OBJTOTEXT":"0",
"MAGVAR":"3"} },
{"type":"Feature",
"geometry": {"type": "Point","coordinates": [21.009166667,53.607222222] },"properties":{
"id":"RTS.1273",
"STATUS":"Действующий",
"DBIDENT":"1822491",
"NAME":"SZYMANY",
"DESIGNATOR":"SYN",
"":"",
"LATITUDE":"533626N",
"LONGITUDE":"0210033E",
"ICAO_REG":"EP",
"DECLINATION":"6",
"FREQUENCY":"111.05",
"ABSOLUTEHEIGHT":"180",
"SIGNPT_TYPE":"Совмещённый VOR/DME",
"OBJTOTEXT":"0",
"MAGVAR":"6"} },
{"type":"Feature",
"geometry": {"type": "Point","coordinates": [22.685555556,51.236111111] },"properties":{
"id":"RTS.1274",
"STATUS":"Действующий",
"DBIDENT":"1822492",
"NAME":"SWIDNIK",
"DESIGNATOR":"SWI",
"":"",
"LATITUDE":"511410N",
"LONGITUDE":"0224108E",
"ICAO_REG":"EP",
"DECLINATION":"6",
"FREQUENCY":"112.2",
"ABSOLUTEHEIGHT":"210",
"SIGNPT_TYPE":"Совмещённый VOR/DME",
"OBJTOTEXT":"0",
"MAGVAR":"6"} },
{"type":"Feature",
"geometry": {"type": "Point","coordinates": [17.073333333,54.210555556] },"properties":{
"id":"RTS.1275",
"STATUS":"Действующий",
"DBIDENT":"1822493",
"NAME":"TRZEBIELINO",
"DESIGNATOR":"TZE",
"":"",
"LATITUDE":"541238N",
"LONGITUDE":"0170424E",
"ICAO_REG":"EP",
"":"",
"FREQUENCY":"0",
"ABSOLUTEHEIGHT":"150",
"SIGNPT_TYPE":"Дальномер DME",
"OBJTOTEXT":"0"} },
{"type":"Feature",
"geometry": {"type": "Point","coordinates": [20.677777778,52.452500000] },"properties":{
"id":"RTS.1276",
"STATUS":"Действующий",
"DBIDENT":"1822494",
"NAME":"WARSZAWA/MODLIN",
"DESIGNATOR":"MOL",
"":"",
"LATITUDE":"522709N",
"LONGITUDE":"0204040E",
"ICAO_REG":"EP",
"DECLINATION":"5",
"FREQUENCY":"116.6",
"ABSOLUTEHEIGHT":"120",
"SIGNPT_TYPE":"Совмещённый VOR/DME",
"OBJTOTEXT":"0",
"MAGVAR":"5"} },
{"type":"Feature",
"geometry": {"type": "Point","coordinates": [20.960000000,52.169722222] },"properties":{
"id":"RTS.1277",
"STATUS":"Действующий",
"DBIDENT":"1822495",
"NAME":"WARSZAWA/OKECIE",
"DESIGNATOR":"OKC",
"":"",
"LATITUDE":"521011N",
"LONGITUDE":"0205736E",
"ICAO_REG":"EP",
"DECLINATION":"6",
"FREQUENCY":"113.45",
"ABSOLUTEHEIGHT":"120",
"SIGNPT_TYPE":"Совмещённый VOR/DME",
"OBJTOTEXT":"0",
"MAGVAR":"6"} },
{"type":"Feature",
"geometry": {"type": "Point","coordinates": [19.624722222,51.776111111] },"properties":{
"id":"RTS.1278",
"STATUS":"Действующий",
"DBIDENT":"1822496",
"NAME":"WIACZYN DOLNY",
"DESIGNATOR":"LOZ",
"":"",
"LATITUDE":"514634N",
"LONGITUDE":"0193729E",
"ICAO_REG":"EP",
"DECLINATION":"5",
"FREQUENCY":"112.4",
"ABSOLUTEHEIGHT":"240",
"SIGNPT_TYPE":"Совмещённый VOR/DME",
"OBJTOTEXT":"0",
"MAGVAR":"5"} },
{"type":"Feature",
"geometry": {"type": "Point","coordinates": [17.675833333,54.679444444] },"properties":{
"id":"RTS.1279",
"STATUS":"Действующий",
"DBIDENT":"1822497",
"NAME":"WICKO",
"DESIGNATOR":"WIC",
"":"",
"LATITUDE":"544046N",
"LONGITUDE":"0174033E",
"ICAO_REG":"EP",
"":"",
"FREQUENCY":"108",
"ABSOLUTEHEIGHT":"60",
"SIGNPT_TYPE":"Дальномер DME",
"OBJTOTEXT":"0"} },
{"type":"Feature",
"geometry": {"type": "Point","coordinates": [18.495277778,50.883055556] },"properties":{
"id":"RTS.1280",
"STATUS":"Действующий",
"DBIDENT":"1822498",
"NAME":"WIELUN",
"DESIGNATOR":"WIE",
"":"",
"LATITUDE":"505259N",
"LONGITUDE":"0182943E",
"ICAO_REG":"EP",
"":"",
"FREQUENCY":"0",
"ABSOLUTEHEIGHT":"60",
"SIGNPT_TYPE":"Дальномер DME",
"OBJTOTEXT":"0"} },
{"type":"Feature",
"geometry": {"type": "Point","coordinates": [16.918888889,51.092777778] },"properties":{
"id":"RTS.1281",
"STATUS":"Действующий",
"DBIDENT":"1822499",
"NAME":"WROCLAW/STRACHOWICE",
"DESIGNATOR":"WCL",
"":"",
"LATITUDE":"510534N",
"LONGITUDE":"0165508E",
"ICAO_REG":"EP",
"DECLINATION":"6",
"FREQUENCY":"111.65",
"ABSOLUTEHEIGHT":"120",
"SIGNPT_TYPE":"Совмещённый VOR/DME",
"OBJTOTEXT":"0",
"MAGVAR":"6"} },
{"type":"Feature",
"geometry": {"type": "Point","coordinates": [15.800555556,52.140833333] },"properties":{
"id":"RTS.1282",
"STATUS":"Действующий",
"DBIDENT":"1822500",
"NAME":"ZIELONA GORA/BABIMOST",
"DESIGNATOR":"ZLG",
"":"",
"LATITUDE":"520827N",
"LONGITUDE":"0154802E",
"ICAO_REG":"EP",
"DECLINATION":"6",
"FREQUENCY":"110.65",
"ABSOLUTEHEIGHT":"60",
"SIGNPT_TYPE":"Совмещённый VOR/DME",
"OBJTOTEXT":"0",
"MAGVAR":"6"} },
{"type":"Feature",
"geometry": {"type": "Point","coordinates": [25.126944444,60.863055556] },"properties":{
"id":"RTS.1283",
"STATUS":"Действующий",
"DBIDENT":"1822770",
"NAME":"ANTONI",
"ALT_NAME":"ANTONI",
"DESIGNATOR":"ANT",
"":"",
"LATITUDE":"605147N",
"LONGITUDE":"0250737E",
"ICAO_REG":"EF",
"":"",
"FREQUENCY":"113.7",
"ABSOLUTEHEIGHT":"100",
"SIGNPT_TYPE":"Дальномер DME",
"OBJTOTEXT":"0"} },
{"type":"Feature",
"geometry": {"type": "Point","coordinates": [23.431666667,68.368333333] },"properties":{
"id":"RTS.1284",
"STATUS":"Действующий",
"DBIDENT":"1822771",
"NAME":"ENONTEKIO",
"ALT_NAME":"ENONTEKIO",
"DESIGNATOR":"ET",
"":"",
"LATITUDE":"682206N",
"LONGITUDE":"0232554E",
"ICAO_REG":"EF",
"":"",
"FREQUENCY":"111.3",
"ABSOLUTEHEIGHT":"320",
"SIGNPT_TYPE":"Дальномер DME",
"OBJTOTEXT":"0"} },
{"type":"Feature",
"geometry": {"type": "Point","coordinates": [24.802500000,61.854722222] },"properties":{
"id":"RTS.1285",
"STATUS":"Действующий",
"DBIDENT":"1822772",
"NAME":"HALLI",
"ALT_NAME":"HALLI",
"DESIGNATOR":"HAL",
"":"",
"LATITUDE":"615117N",
"LONGITUDE":"0244809E",
"ICAO_REG":"EF",
"DECLINATION":"11",
"FREQUENCY":"115.2",
"ABSOLUTEHEIGHT":"150",
"SIGNPT_TYPE":"Совмещённый VOR/DME",
"OBJTOTEXT":"0",
"MAGVAR":"11"} },
{"type":"Feature",
"geometry": {"type": "Point","coordinates": [24.953611111,60.337777778] },"properties":{
"id":"RTS.1286",
"STATUS":"Действующий",
"DBIDENT":"1822773",
"NAME":"HELSINKI",
"ALT_NAME":"HELSINKI",
"DESIGNATOR":"HEL",
"":"",
"LATITUDE":"602016N",
"LONGITUDE":"0245713E",
"ICAO_REG":"EF",
"DECLINATION":"10",
"FREQUENCY":"114.2",
"ABSOLUTEHEIGHT":"70",
"SIGNPT_TYPE":"Совмещённый VOR/DME",
"OBJTOTEXT":"0",
"MAGVAR":"10"} },
{"type":"Feature",
"geometry": {"type": "Point","coordinates": [24.938888889,60.313888889] },"properties":{
"id":"RTS.1287",
"STATUS":"Действующий",
"DBIDENT":"1822774",
"NAME":"HELSINKI-VANTAA",
"ALT_NAME":"HELSINKI-VANTAA",
"DESIGNATOR":"HG",
"":"",
"LATITUDE":"601850N",
"LONGITUDE":"0245620E",
"ICAO_REG":"EF",
"":"",
"FREQUENCY":"111.5",
"ABSOLUTEHEIGHT":"60",
"SIGNPT_TYPE":"Дальномер DME",
"OBJTOTEXT":"0"} },
{"type":"Feature",
"geometry": {"type": "Point","coordinates": [24.968888889,60.328333333] },"properties":{
"id":"RTS.1288",
"STATUS":"Действующий",
"DBIDENT":"1822775",
"NAME":"HELSINKI-VANTAA",
"ALT_NAME":"HELSINKI-VANTAA",
"DESIGNATOR":"HL",
"":"",
"LATITUDE":"601942N",
"LONGITUDE":"0245808E",
"ICAO_REG":"EF",
"":"",
"FREQUENCY":"109.1",
"ABSOLUTEHEIGHT":"70",
"SIGNPT_TYPE":"Дальномер DME",
"OBJTOTEXT":"0"} },
{"type":"Feature",
"geometry": {"type": "Point","coordinates": [29.637500000,62.656666667] },"properties":{
"id":"RTS.1289",
"STATUS":"Действующий",
"DBIDENT":"1822777",
"NAME":"JOENSUU",
"ALT_NAME":"JOENSUU",
"DESIGNATOR":"JO",
"":"",
"LATITUDE":"623924N",
"LONGITUDE":"0293815E",
"ICAO_REG":"EF",
"":"",
"FREQUENCY":"109.5",
"ABSOLUTEHEIGHT":"130",
"SIGNPT_TYPE":"Дальномер DME",
"OBJTOTEXT":"0"} },
{"type":"Feature",
"geometry": {"type": "Point","coordinates": [29.610555556,62.660555556] },"properties":{
"id":"RTS.1290",
"STATUS":"Действующий",
"DBIDENT":"1822778",
"NAME":"JOSIE",
"ALT_NAME":"JOSIE",
"DESIGNATOR":"JNS",
"":"",
"LATITUDE":"623938N",
"LONGITUDE":"0293638E",
"ICAO_REG":"EF",
"":"",
"FREQUENCY":"115.7",
"ABSOLUTEHEIGHT":"130",
"SIGNPT_TYPE":"Дальномер DME",
"OBJTOTEXT":"0"} },
{"type":"Feature",
"geometry": {"type": "Point","coordinates": [25.690555556,62.392500000] },"properties":{
"id":"RTS.1291",
"STATUS":"Действующий",
"DBIDENT":"1822779",
"NAME":"JYVASKYLA",
"ALT_NAME":"JYVASKYLA",
"DESIGNATOR":"JY",
"":"",
"LATITUDE":"622333N",
"LONGITUDE":"0254126E",
"ICAO_REG":"EF",
"":"",
"FREQUENCY":"110.9",
"ABSOLUTEHEIGHT":"468",
"SIGNPT_TYPE":"Дальномер DME",
"OBJTOTEXT":"0"} },
{"type":"Feature",
"geometry": {"type": "Point","coordinates": [25.081111111,60.146944444] },"properties":{
"id":"RTS.1292",
"STATUS":"Действующий",
"DBIDENT":"1822781",
"NAME":"KADIS",
"ALT_NAME":"KADIS",
"DESIGNATOR":"KAD",
"":"",
"LATITUDE":"600849N",
"LONGITUDE":"0250452E",
"ICAO_REG":"EF",
"":"",
"FREQUENCY":"117.5",
"ABSOLUTEHEIGHT":"40",
"SIGNPT_TYPE":"Дальномер DME",
"OBJTOTEXT":"0"} },
{"type":"Feature",
"geometry": {"type": "Point","coordinates": [27.655833333,64.282500000] },"properties":{
"id":"RTS.1293",
"STATUS":"Действующий",
"DBIDENT":"1822782",
"NAME":"KAINUU",
"ALT_NAME":"KAINUU",
"DESIGNATOR":"KNI",
"":"",
"LATITUDE":"641657N",
"LONGITUDE":"0273921E",
"ICAO_REG":"EF",
"":"",
"FREQUENCY":"115",
"ABSOLUTEHEIGHT":"140",
"SIGNPT_TYPE":"Дальномер DME",
"OBJTOTEXT":"0"} },
{"type":"Feature",
"geometry": {"type": "Point","coordinates": [27.672500000,64.285000000] },"properties":{
"id":"RTS.1294",
"STATUS":"Действующий",
"DBIDENT":"1822783",
"NAME":"KAJAANI",
"ALT_NAME":"KAJAANI",
"DESIGNATOR":"KI",
"":"",
"LATITUDE":"641706N",
"LONGITUDE":"0274021E",
"ICAO_REG":"EF",
"":"",
"FREQUENCY":"109.9",
"ABSOLUTEHEIGHT":"150",
"SIGNPT_TYPE":"Дальномер DME",
"OBJTOTEXT":"0"} },
{"type":"Feature",
"geometry": {"type": "Point","coordinates": [29.235833333,65.991666667] },"properties":{
"id":"RTS.1295",
"STATUS":"Действующий",
"DBIDENT":"1822784",
"NAME":"KANTOLA",
"ALT_NAME":"KANTOLA",
"DESIGNATOR":"KLA",
"":"",
"LATITUDE":"655930N",
"LONGITUDE":"0291409E",
"ICAO_REG":"EF",
"":"",
"FREQUENCY":"114.4",
"ABSOLUTEHEIGHT":"280",
"SIGNPT_TYPE":"Дальномер DME",
"OBJTOTEXT":"0"} },
{"type":"Feature",
"geometry": {"type": "Point","coordinates": [27.451388889,68.453888889] },"properties":{
"id":"RTS.1296",
"STATUS":"Действующий",
"DBIDENT":"1822786",
"NAME":"KAUNIS",
"ALT_NAME":"KAUNIS",
"DESIGNATOR":"KNS",
"":"",
"LATITUDE":"682714N",
"LONGITUDE":"0272705E",
"ICAO_REG":"EF",
"":"",
"FREQUENCY":"115.8",
"ABSOLUTEHEIGHT":"420",
"SIGNPT_TYPE":"Дальномер DME",
"OBJTOTEXT":"0"} },
{"type":"Feature",
"geometry": {"type": "Point","coordinates": [24.582222222,65.789722222] },"properties":{
"id":"RTS.1297",
"STATUS":"Действующий",
"DBIDENT":"1822788",
"NAME":"KEMI-TORNIO",
"ALT_NAME":"KEMI-TORNIO",
"DESIGNATOR":"KE",
"":"",
"LATITUDE":"654723N",
"LONGITUDE":"0243456E",
"ICAO_REG":"EF",
"":"",
"FREQUENCY":"110.9",
"ABSOLUTEHEIGHT":"30",
"SIGNPT_TYPE":"Дальномер DME",
"OBJTOTEXT":"0"} },
{"type":"Feature",
"geometry": {"type": "Point","coordinates": [23.143888889,63.727222222] },"properties":{
"id":"RTS.1298",
"STATUS":"Действующий",
"DBIDENT":"1822789",
"NAME":"KOKKOLA-PIETARSAARI",
"ALT_NAME":"KOKKOLA-PIETARSAARI",
"DESIGNATOR":"KK",
"":"",
"LATITUDE":"634338N",
"LONGITUDE":"0230838E",
"ICAO_REG":"EF",
"":"",
"FREQUENCY":"109.3",
"ABSOLUTEHEIGHT":"40",
"SIGNPT_TYPE":"Дальномер DME",
"OBJTOTEXT":"0"} },
{"type":"Feature",
"geometry": {"type": "Point","coordinates": [27.808333333,62.998333333] },"properties":{
"id":"RTS.1299",
"STATUS":"Действующий",
"DBIDENT":"1822791",
"NAME":"KUOPIO",
"ALT_NAME":"KUOPIO",
"DESIGNATOR":"KU",
"":"",
"LATITUDE":"625954N",
"LONGITUDE":"0274830E",
"ICAO_REG":"EF",
"":"",
"FREQUENCY":"110.3",
"ABSOLUTEHEIGHT":"110",
"SIGNPT_TYPE":"Дальномер DME",
"OBJTOTEXT":"0"} },
{"type":"Feature",
"geometry": {"type": "Point","coordinates": [29.222777778,65.992222222] },"properties":{
"id":"RTS.1300",
"STATUS":"Действующий",
"DBIDENT":"1822797",
"NAME":"KUUSAMO",
"ALT_NAME":"KUUSAMO",
"DESIGNATOR":"KO",
"":"",
"LATITUDE":"655932N",
"LONGITUDE":"0291322E",
"ICAO_REG":"EF",
"":"",
"FREQUENCY":"110.3",
"ABSOLUTEHEIGHT":"280",
"SIGNPT_TYPE":"Дальномер DME",
"OBJTOTEXT":"0"} },
{"type":"Feature",
"geometry": {"type": "Point","coordinates": [28.128055556,61.042222222] },"properties":{
"id":"RTS.1301",
"STATUS":"Действующий",
"DBIDENT":"1822799",
"NAME":"LAPPEENRANTA",
"ALT_NAME":"LAPPEENRANTA",
"DESIGNATOR":"LP",
"":"",
"LATITUDE":"610232N",
"LONGITUDE":"0280741E",
"ICAO_REG":"EF",
"":"",
"FREQUENCY":"109.9",
"ABSOLUTEHEIGHT":"120",
"SIGNPT_TYPE":"Дальномер DME",
"OBJTOTEXT":"0"} },
{"type":"Feature",
"geometry": {"type": "Point","coordinates": [28.914166667,61.952777778] },"properties":{
"id":"RTS.1302",
"STATUS":"Действующий",
"DBIDENT":"1822801",
"NAME":"LINNA",
"ALT_NAME":"LINNA",
"DESIGNATOR":"SVL",
"":"",
"LATITUDE":"615710N",
"LONGITUDE":"0285451E",
"ICAO_REG":"EF",
"":"",
"FREQUENCY":"117.9",
"ABSOLUTEHEIGHT":"100",
"SIGNPT_TYPE":"Дальномер DME",
"OBJTOTEXT":"0"} },
{"type":"Feature",
"geometry": {"type": "Point","coordinates": [25.623333333,62.420833333] },"properties":{
"id":"RTS.1303",
"STATUS":"Действующий",
"DBIDENT":"1822804",
"NAME":"LUONET",
"ALT_NAME":"LUONET",
"DESIGNATOR":"LNE",
"":"",
"LATITUDE":"622515N",
"LONGITUDE":"0253724E",
"ICAO_REG":"EF",
"DECLINATION":"12",
"FREQUENCY":"112.3",
"ABSOLUTEHEIGHT":"210",
"SIGNPT_TYPE":"Совмещённый VOR/DME",
"OBJTOTEXT":"0",
"MAGVAR":"12"} },
{"type":"Feature",
"geometry": {"type": "Point","coordinates": [19.914444444,60.141111111] },"properties":{
"id":"RTS.1304",
"STATUS":"Действующий",
"DBIDENT":"1822806",
"NAME":"MARIE",
"ALT_NAME":"MARIE",
"DESIGNATOR":"MAR",
"":"",
"LATITUDE":"600828N",
"LONGITUDE":"0195452E",
"ICAO_REG":"EF",
"DECLINATION":"9",
"FREQUENCY":"114.7",
"ABSOLUTEHEIGHT":"40",
"SIGNPT_TYPE":"Совмещённый VOR/DME",
"OBJTOTEXT":"0",
"MAGVAR":"9"} },
{"type":"Feature",
"geometry": {"type": "Point","coordinates": [25.762222222,60.833611111] },"properties":{
"id":"RTS.1305",
"STATUS":"Действующий",
"DBIDENT":"1822810",
"NAME":"ORIMAA",
"ALT_NAME":"ORIMAA",
"DESIGNATOR":"ORM",
"":"",
"LATITUDE":"605001N",
"LONGITUDE":"0254544E",
"ICAO_REG":"EF",
"":"",
"FREQUENCY":"117.3",
"ABSOLUTEHEIGHT":"80",
"SIGNPT_TYPE":"Дальномер DME",
"OBJTOTEXT":"0"} },
{"type":"Feature",
"geometry": {"type": "Point","coordinates": [25.359166667,64.931666667] },"properties":{
"id":"RTS.1306",
"STATUS":"Действующий",
"DBIDENT":"1822816",
"NAME":"OULU",
"ALT_NAME":"OULU",
"DESIGNATOR":"OUK",
"":"",
"LATITUDE":"645554N",
"LONGITUDE":"0252133E",
"ICAO_REG":"EF",
"FREQUENCY":"113.3",
"ABSOLUTEHEIGHT":"20",
"SIGNPT_TYPE":"Совмещённый VOR/DME",
"OBJTOTEXT":"0"} },
{"type":"Feature",
"geometry": {"type": "Point","coordinates": [25.336111111,64.933611111] },"properties":{
"id":"RTS.1307",
"STATUS":"Действующий",
"DBIDENT":"1822817",
"NAME":"OULU",
"ALT_NAME":"OULU",
"DESIGNATOR":"OU",
"":"",
"LATITUDE":"645601N",
"LONGITUDE":"0252010E",
"ICAO_REG":"EF",
"":"",
"FREQUENCY":"109.5",
"ABSOLUTEHEIGHT":"30",
"SIGNPT_TYPE":"Дальномер DME",
"OBJTOTEXT":"0"} },
{"type":"Feature",
"geometry": {"type": "Point","coordinates": [23.577777778,61.410000000] },"properties":{
"id":"RTS.1308",
"STATUS":"Действующий",
"DBIDENT":"1822819",
"NAME":"PIRKKA",
"ALT_NAME":"PIRKKA",
"DESIGNATOR":"PIR",
"":"",
"LATITUDE":"612436N",
"LONGITUDE":"0233440E",
"ICAO_REG":"EF",
"DECLINATION":"10",
"FREQUENCY":"116.2",
"ABSOLUTEHEIGHT":"140",
"SIGNPT_TYPE":"Совмещённый VOR/DME",
"OBJTOTEXT":"0",
"MAGVAR":"10"} },
{"type":"Feature",
"geometry": {"type": "Point","coordinates": [21.805833333,61.458333333] },"properties":{
"id":"RTS.1309",
"STATUS":"Действующий",
"DBIDENT":"1822822",
"NAME":"PORI",
"ALT_NAME":"PORI",
"DESIGNATOR":"PO",
"":"",
"LATITUDE":"612730N",
"LONGITUDE":"0214821E",
"ICAO_REG":"EF",
"":"",
"FREQUENCY":"108.1",
"ABSOLUTEHEIGHT":"30",
"SIGNPT_TYPE":"Дальномер DME",
"OBJTOTEXT":"0"} },
{"type":"Feature",
"geometry": {"type": "Point","coordinates": [25.588611111,60.294444444] },"properties":{
"id":"RTS.1310",
"STATUS":"Действующий",
"DBIDENT":"1822823",
"NAME":"PORVOO",
"ALT_NAME":"PORVOO",
"DESIGNATOR":"PVO",
"":"",
"LATITUDE":"601740N",
"LONGITUDE":"0253519E",
"ICAO_REG":"EF",
"":"",
"FREQUENCY":"112.8",
"ABSOLUTEHEIGHT":"40",
"SIGNPT_TYPE":"Дальномер DME",
"OBJTOTEXT":"0"} },
{"type":"Feature",
"geometry": {"type": "Point","coordinates": [21.795833333,61.464722222] },"properties":{
"id":"RTS.1311",
"STATUS":"Действующий",
"DBIDENT":"1822824",
"NAME":"PREVIK",
"ALT_NAME":"PREVIK",
"DESIGNATOR":"PRI",
"":"",
"LATITUDE":"612753N",
"LONGITUDE":"0214745E",
"ICAO_REG":"EF",
"DECLINATION":"10",
"FREQUENCY":"113.2",
"ABSOLUTEHEIGHT":"20",
"SIGNPT_TYPE":"Совмещённый VOR/DME",
"OBJTOTEXT":"0",
"MAGVAR":"10"} },
{"type":"Feature",
"geometry": {"type": "Point","coordinates": [25.820277778,66.562500000] },"properties":{
"id":"RTS.1312",
"STATUS":"Действующий",
"DBIDENT":"1822826",
"NAME":"ROVANI",
"ALT_NAME":"ROVANI",
"DESIGNATOR":"ROI",
"":"",
"LATITUDE":"663345N",
"LONGITUDE":"0254913E",
"ICAO_REG":"EF",
"DECLINATION":"13",
"FREQUENCY":"117.7",
"ABSOLUTEHEIGHT":"200",
"SIGNPT_TYPE":"Совмещённый VOR/DME",
"OBJTOTEXT":"0",
"MAGVAR":"13"} },
{"type":"Feature",
"geometry": {"type": "Point","coordinates": [25.845277778,66.574444444] },"properties":{
"id":"RTS.1313",
"STATUS":"Действующий",
"DBIDENT":"1822827",
"NAME":"ROVANIEMI",
"ALT_NAME":"ROVANIEMI",
"DESIGNATOR":"RO",
"":"",
"LATITUDE":"663428N",
"LONGITUDE":"0255043E",
"ICAO_REG":"EF",
"":"",
"FREQUENCY":"111.7",
"ABSOLUTEHEIGHT":"210",
"SIGNPT_TYPE":"Дальномер DME",
"OBJTOTEXT":"0"} },
{"type":"Feature",
"geometry": {"type": "Point","coordinates": [22.256388889,60.515277778] },"properties":{
"id":"RTS.1314",
"STATUS":"Действующий",
"DBIDENT":"1822847",
"NAME":"RUSKO",
"DESIGNATOR":"RUS",
"":"",
"LATITUDE":"603055N",
"LONGITUDE":"0221523E",
"ICAO_REG":"EF",
"DECLINATION":"10",
"FREQUENCY":"115.5",
"ABSOLUTEHEIGHT":"60",
"SIGNPT_TYPE":"Совмещённый VOR/DME",
"OBJTOTEXT":"0",
"MAGVAR":"10"} },
{"type":"Feature",
"geometry": {"type": "Point","coordinates": [23.623055556,61.417222222] },"properties":{
"id":"RTS.1315",
"STATUS":"Действующий",
"DBIDENT":"1822848",
"NAME":"TAMPEREPIRKKALA",
"DESIGNATOR":"TP",
"":"",
"LATITUDE":"612502N",
"LONGITUDE":"0233723E",
"ICAO_REG":"EF",
"":"",
"FREQUENCY":"110.1",
"ABSOLUTEHEIGHT":"130",
"SIGNPT_TYPE":"Дальномер DME",
"OBJTOTEXT":"0"} },
{"type":"Feature",
"geometry": {"type": "Point","coordinates": [22.280277778,60.516111111] },"properties":{
"id":"RTS.1316",
"STATUS":"Действующий",
"DBIDENT":"1822849",
"NAME":"TURKU",
"DESIGNATOR":"TU",
"":"",
"LATITUDE":"603058N",
"LONGITUDE":"0221649E",
"ICAO_REG":"EF",
"":"",
"FREQUENCY":"109.5",
"ABSOLUTEHEIGHT":"60",
"SIGNPT_TYPE":"Дальномер DME",
"OBJTOTEXT":"0"} },
{"type":"Feature",
"geometry": {"type": "Point","coordinates": [26.929444444,60.897222222] },"properties":{
"id":"RTS.1317",
"STATUS":"Действующий",
"DBIDENT":"1822850",
"NAME":"UTTI",
"DESIGNATOR":"UTT",
"":"",
"LATITUDE":"605350N",
"LONGITUDE":"0265546E",
"ICAO_REG":"EF",
"DECLINATION":"11",
"FREQUENCY":"114.6",
"ABSOLUTEHEIGHT":"355",
"SIGNPT_TYPE":"Совмещённый VOR/DME",
"OBJTOTEXT":"0",
"MAGVAR":"11"} },
{"type":"Feature",
"geometry": {"type": "Point","coordinates": [21.765000000,63.041388889] },"properties":{
"id":"RTS.1318",
"STATUS":"Действующий",
"DBIDENT":"1822851",
"NAME":"VAASA",
"DESIGNATOR":"VAS",
"":"",
"LATITUDE":"630229N",
"LONGITUDE":"0214554E",
"ICAO_REG":"EF",
"DECLINATION":"10",
"FREQUENCY":"114.5",
"ABSOLUTEHEIGHT":"10",
"SIGNPT_TYPE":"Совмещённый VOR/DME",
"OBJTOTEXT":"0",
"MAGVAR":"10"} },
{"type":"Feature",
"geometry": {"type": "Point","coordinates": [21.758611111,63.059722222] },"properties":{
"id":"RTS.1319",
"STATUS":"Действующий",
"DBIDENT":"1822852",
"NAME":"VAASA",
"DESIGNATOR":"VA",
"":"",
"LATITUDE":"630335N",
"LONGITUDE":"0214531E",
"ICAO_REG":"EF",
"":"",
"FREQUENCY":"108.5",
"ABSOLUTEHEIGHT":"20",
"SIGNPT_TYPE":"Дальномер DME",
"OBJTOTEXT":"0"} },
{"type":"Feature",
"geometry": {"type": "Point","coordinates": [27.813888889,62.979722222] },"properties":{
"id":"RTS.1320",
"STATUS":"Действующий",
"DBIDENT":"1822853",
"NAME":"VEHKAA",
"DESIGNATOR":"VEH",
"":"",
"LATITUDE":"625847N",
"LONGITUDE":"0274850E",
"ICAO_REG":"EF",
"DECLINATION":"13",
"FREQUENCY":"113",
"ABSOLUTEHEIGHT":"150",
"SIGNPT_TYPE":"Совмещённый VOR/DME",
"OBJTOTEXT":"0",
"MAGVAR":"13"} },
{"type":"Feature",
"geometry": {"type": "Point","coordinates": [24.244166667,60.459166667] },"properties":{
"id":"RTS.1321",
"STATUS":"Действующий",
"DBIDENT":"1822854",
"NAME":"VIHTI",
"DESIGNATOR":"VTI",
"":"",
"LATITUDE":"602733N",
"LONGITUDE":"0241439E",
"ICAO_REG":"EF",
"":"",
"FREQUENCY":"117",
"ABSOLUTEHEIGHT":"60",
"SIGNPT_TYPE":"Дальномер DME",
"OBJTOTEXT":"0"} },
{"type":"Feature",
"geometry": {"type": "Point","coordinates": [28.116944444,61.038888889] },"properties":{
"id":"RTS.1322",
"STATUS":"Действующий",
"DBIDENT":"1822855",
"NAME":"VILMAS",
"DESIGNATOR":"VIL",
"":"",
"LATITUDE":"610220N",
"LONGITUDE":"0280701E",
"ICAO_REG":"EF",
"":"",
"FREQUENCY":"112.5",
"ABSOLUTEHEIGHT":"110",
"SIGNPT_TYPE":"Дальномер DME",
"OBJTOTEXT":"0"} },
{"type":"Feature",
"geometry": {"type": "Point","coordinates": [55.122500000,45.339722222] },"properties":{
"id":"RTS.1323",
"STATUS":"Действующий",
"DBIDENT":"1823445",
"NAME":"BEINEU",
"ALT_NAME":"БЕЙНЕУ",
"DESIGNATOR":"BNU",
"":"",
"LATITUDE":"452023N",
"LONGITUDE":"0550721E",
"ICAO_REG":"UA",
"DECLINATION":"7",
"FREQUENCY":"115",
"ABSOLUTEHEIGHT":"0",
"SIGNPT_TYPE":"Совмещённый VOR/DME",
"OBJTOTEXT":"0",
"MAGVAR":"7"} },
{"type":"Feature",
"geometry": {"type": "Point","coordinates": [45.205277778,53.569722222] },"properties":{
"id":"RTS.1324",
"STATUS":"Действующий",
"DBIDENT":"1823968",
"NAME":"LUNINO",
"ALT_NAME":"ЛУНИНО",
"DESIGNATOR":"LNN",
"":"",
"LATITUDE":"533411N",
"LONGITUDE":"0451219E",
"ICAO_REG":"UX",
"":"",
"FREQUENCY":"115.45",
"ABSOLUTEHEIGHT":"180",
"SIGNPT_TYPE":"Дальномер DME",
"OBJTOTEXT":"0"} },
{"type":"Feature",
"geometry": {"type": "Point","coordinates": [31.252777778,58.508055556] },"properties":{
"id":"RTS.1325",
"STATUS":"Действующий",
"DBIDENT":"1824431",
"NAME":"VELIKIY NOVGOROD",
"ALT_NAME":"ВЕЛИКИЙ НОВГОРОД",
"DESIGNATOR":"NWG",
"":"",
"LATITUDE":"583029N",
"LONGITUDE":"0311510E",
"ICAO_REG":"UX",
"":"",
"FREQUENCY":"113.8",
"ABSOLUTEHEIGHT":"60",
"SIGNPT_TYPE":"Дальномер DME",
"OBJTOTEXT":"0"} },
{"type":"Feature",
"geometry": {"type": "Point","coordinates": [29.111111111,59.005277778] },"properties":{
"id":"RTS.1326",
"STATUS":"Действующий",
"DBIDENT":"1824434",
"NAME":"OSMINO",
"ALT_NAME":"ОСЬМИНО",
"DESIGNATOR":"OGN",
"":"",
"LATITUDE":"590019N",
"LONGITUDE":"0290640E",
"ICAO_REG":"UX",
"":"",
"FREQUENCY":"114.4",
"ABSOLUTEHEIGHT":"90",
"SIGNPT_TYPE":"Дальномер DME",
"OBJTOTEXT":"0"} },
{"type":"Feature",
"geometry": {"type": "Point","coordinates": [68.821952806,38.541766694] },"properties":{
"id":"RTS.1327",
"STATUS":"Действующий",
"DBIDENT":"1825604",
"NAME":"DUSHANBE",
"ALT_NAME":"DUSHANBE",
"DESIGNATOR":"DBE",
"":"",
"LATITUDE":"383230N",
"LONGITUDE":"0684919E",
"ICAO_REG":"UT",
"DECLINATION":"4",
"FREQUENCY":"114.2",
"ABSOLUTEHEIGHT":"780",
"SIGNPT_TYPE":"Дальномер DME",
"OBJTOTEXT":"0",
"MAGVAR":"4"} },
{"type":"Feature",
"geometry": {"type": "Point","coordinates": [68.861944444,37.859722222] },"properties":{
"id":"RTS.1328",
"STATUS":"Действующий",
"DBIDENT":"1825605",
"NAME":"BOKHTAR",
"ALT_NAME":"БОХТАР",
"DESIGNATOR":"KTB",
"":"",
"LATITUDE":"375135N",
"LONGITUDE":"0685143E",
"ICAO_REG":"UT",
"":"",
"FREQUENCY":"114.5",
"ABSOLUTEHEIGHT":"449",
"SIGNPT_TYPE":"Дальномер DME",
"OBJTOTEXT":"0"} },
{"type":"Feature",
"geometry": {"type": "Point","coordinates": [69.221944444,38.263055556] },"properties":{
"id":"RTS.1329",
"STATUS":"Действующий",
"DBIDENT":"1825606",
"NAME":"DANGARA",
"ALT_NAME":"ДАНГАРА",
"DESIGNATOR":"DNR",
"":"",
"LATITUDE":"381547N",
"LONGITUDE":"0691319E",
"ICAO_REG":"UT",
"FREQUENCY":"114.1",
"ABSOLUTEHEIGHT":"2303",
"SIGNPT_TYPE":"Дальномер DME",
"OBJTOTEXT":"0"} },
{"type":"Feature",
"geometry": {"type": "Point","coordinates": [69.313816694,38.543758306] },"properties":{
"id":"RTS.1330",
"STATUS":"Действующий",
"DBIDENT":"1825607",
"NAME":"FAYZOBOD",
"ALT_NAME":"ФАЙЗОБАД",
"DESIGNATOR":"JD",
"":"",
"LATITUDE":"383238N",
"LONGITUDE":"0691850E",
"ICAO_REG":"UT",
"DECLINATION":"4",
"FREQUENCY":"475",
"ABSOLUTEHEIGHT":"1209",
"SIGNPT_TYPE":"Маяк NDB",
"OBJTOTEXT":"0",
"MAGVAR":"4"} },
{"type":"Feature",
"geometry": {"type": "Point","coordinates": [68.945555556,40.060555556] },"properties":{
"id":"RTS.1331",
"STATUS":"Действующий",
"DBIDENT":"1825608",
"NAME":"ISTARAVSHAN",
"ALT_NAME":"ISTARAVSHAN",
"DESIGNATOR":"IRN",
"":"",
"LATITUDE":"400338N",
"LONGITUDE":"0685644E",
"ICAO_REG":"UT",
"FREQUENCY":"113.9",
"ABSOLUTEHEIGHT":"713",
"SIGNPT_TYPE":"Дальномер DME",
"OBJTOTEXT":"0"} },
{"type":"Feature",
"geometry": {"type": "Point","coordinates": [69.701388889,40.213888889] },"properties":{
"id":"RTS.1332",
"STATUS":"Действующий",
"DBIDENT":"1825609",
"NAME":"KHUJAND",
"ALT_NAME":"ХУДЖАНТ",
"DESIGNATOR":"HND",
"":"",
"LATITUDE":"401250N",
"LONGITUDE":"0694205E",
"ICAO_REG":"UT",
"FREQUENCY":"114.3",
"ABSOLUTEHEIGHT":"477",
"SIGNPT_TYPE":"Дальномер DME",
"OBJTOTEXT":"0"} },
{"type":"Feature",
"geometry": {"type": "Point","coordinates": [69.801666667,37.984444444] },"properties":{
"id":"RTS.1333",
"STATUS":"Действующий",
"DBIDENT":"1825610",
"NAME":"KULOB",
"ALT_NAME":"KULOB",
"DESIGNATOR":"KLB",
"":"",
"LATITUDE":"375904N",
"LONGITUDE":"0694806E",
"ICAO_REG":"UT",
"FREQUENCY":"114.4",
"ABSOLUTEHEIGHT":"670",
"SIGNPT_TYPE":"Дальномер DME",
"OBJTOTEXT":"0"} },
{"type":"Feature",
"geometry": {"type": "Point","coordinates": [68.845791694,38.844463889] },"properties":{
"id":"RTS.1334",
"STATUS":"Действующий",
"DBIDENT":"1825612",
"NAME":"PUGUS",
"ALT_NAME":"PUGUS",
"DESIGNATOR":"SX",
"":"",
"LATITUDE":"385040N",
"LONGITUDE":"0685045E",
"ICAO_REG":"UT",
"DECLINATION":"4",
"FREQUENCY":"505",
"ABSOLUTEHEIGHT":"1317",
"SIGNPT_TYPE":"Маяк NDB",
"OBJTOTEXT":"0",
"MAGVAR":"4"} },
{"type":"Feature",
"geometry": {"type": "Point","coordinates": [68.945555556,40.060555556] },"properties":{
"id":"RTS.1335",
"STATUS":"Действующий",
"DBIDENT":"1825613",
"NAME":"URA-TYUBE",
"ALT_NAME":"URA-TYUBE",
"DESIGNATOR":"PF",
"":"",
"LATITUDE":"400338N",
"LONGITUDE":"0685644E",
"ICAO_REG":"UT",
"DECLINATION":"5",
"FREQUENCY":"0.385",
"ABSOLUTEHEIGHT":"690",
"SIGNPT_TYPE":"Маяк NDB",
"OBJTOTEXT":"0",
"MAGVAR":"5"} },
{"type":"Feature",
"geometry": {"type": "Point","coordinates": [156.504166667,51.505277778] },"properties":{
"id":"RTS.1336",
"STATUS":"Действующий",
"DBIDENT":"1827334",
"NAME":"OZERNAYA",
"ALT_NAME":"ОЗЕРНАЯ",
"DESIGNATOR":"ON",
"":"",
"LATITUDE":"513019N",
"LONGITUDE":"1563015E",
"ICAO_REG":"UX",
"":"",
"FREQUENCY":"113.1",
"ABSOLUTEHEIGHT":"30",
"SIGNPT_TYPE":"Дальномер DME",
"OBJTOTEXT":"0"} },
{"type":"Feature",
"geometry": {"type": "Point","coordinates": [41.479444444,44.118055556] },"properties":{
"id":"RTS.1337",
"STATUS":"Действующий",
"DBIDENT":"1827345",
"NAME":"PEREDOVAYA",
"ALT_NAME":"ПЕРЕДОВАЯ",
"DESIGNATOR":"PRD",
"":"",
"LATITUDE":"440705N",
"LONGITUDE":"0412846E",
"ICAO_REG":"UX",
"":"",
"FREQUENCY":"115.1",
"ABSOLUTEHEIGHT":"660",
"SIGNPT_TYPE":"Дальномер DME",
"OBJTOTEXT":"0"} },
{"type":"Feature",
"geometry": {"type": "Point","coordinates": [170.414166667,64.669444444] },"properties":{
"id":"RTS.1338",
"STATUS":"Действующий",
"DBIDENT":"1827347",
"NAME":"MARKOVO",
"ALT_NAME":"МАРКОВО",
"DESIGNATOR":"RK",
"":"",
"LATITUDE":"644010N",
"LONGITUDE":"1702451E",
"ICAO_REG":"UX",
"":"",
"FREQUENCY":"115",
"ABSOLUTEHEIGHT":"60",
"SIGNPT_TYPE":"Дальномер DME",
"OBJTOTEXT":"0"} },
{"type":"Feature",
"geometry": {"type": "Point","coordinates": [-173.241944444,64.376944444] },"properties":{
"id":"RTS.1339",
"STATUS":"Действующий",
"DBIDENT":"1827367",
"NAME":"PROVIDENIYA BAY",
"ALT_NAME":"ПРОВИДЕНИЯ БУХТА",
"DESIGNATOR":"BC",
"":"",
"LATITUDE":"642237N",
"LONGITUDE":"1731431W",
"ICAO_REG":"UH",
"DECLINATION":"5",
"FREQUENCY":"0.96",
"ABSOLUTEHEIGHT":"0",
"SIGNPT_TYPE":"Маяк NDB",
"OBJTOTEXT":"0",
"MAGVAR":"5"} },
{"type":"Feature",
"geometry": {"type": "Point","coordinates": [179.303888889,63.038055556] },"properties":{
"id":"RTS.1340",
"STATUS":"Действующий",
"DBIDENT":"1827497",
"NAME":"BERINGOVSKIY",
"ALT_NAME":"БЕРИНГОВСКИЙ",
"DESIGNATOR":"BW",
"":"",
"LATITUDE":"630217N",
"LONGITUDE":"1791814E",
"ICAO_REG":"UX",
"":"",
"FREQUENCY":"111",
"ABSOLUTEHEIGHT":"30",
"SIGNPT_TYPE":"Дальномер DME",
"OBJTOTEXT":"0"} },
{"type":"Feature",
"geometry": {"type": "Point","coordinates": [111.045555556,59.854444444] },"properties":{
"id":"RTS.1341",
"STATUS":"Действующий",
"DBIDENT":"1827512",
"NAME":"TALAKAN",
"ALT_NAME":"ТАЛАКАН",
"DESIGNATOR":"TRN",
"":"",
"LATITUDE":"595116N",
"LONGITUDE":"1110244E",
"ICAO_REG":"WRL",
"DECLINATION":"-9",
"FREQUENCY":"112.9",
"ABSOLUTEHEIGHT":"430",
"SIGNPT_TYPE":"Совмещённый VOR/DME",
"OBJTOTEXT":"0",
"MAGVAR":"-9"} },
{"type":"Feature",
"geometry": {"type": "Point","coordinates": [143.047777778,59.393611111] },"properties":{
"id":"RTS.1342",
"STATUS":"Действующий",
"DBIDENT":"1827514",
"NAME":"OKHOTSK",
"ALT_NAME":"ОХОТСК",
"DESIGNATOR":"BR",
"":"",
"LATITUDE":"592337N",
"LONGITUDE":"1430252E",
"ICAO_REG":"UX",
"DECLINATION":"-14",
"FREQUENCY":"0.483",
"ABSOLUTEHEIGHT":"0",
"SIGNPT_TYPE":"Маяк NDB",
"OBJTOTEXT":"0",
"MAGVAR":"-14"} },
{"type":"Feature",
"geometry": {"type": "Point","coordinates": [143.068333333,59.432500000] },"properties":{
"id":"RTS.1343",
"STATUS":"Действующий",
"DBIDENT":"1827515",
"NAME":"OKHOTSK",
"ALT_NAME":"ОХОТСК",
"DESIGNATOR":"MU",
"":"",
"LATITUDE":"592557N",
"LONGITUDE":"1430406E",
"ICAO_REG":"UX",
"DECLINATION":"-14",
"FREQUENCY":"0.483",
"ABSOLUTEHEIGHT":"0",
"SIGNPT_TYPE":"Маяк NDB",
"OBJTOTEXT":"0",
"MAGVAR":"-14"} },
{"type":"Feature",
"geometry": {"type": "Point","coordinates": [67.910833333,40.254722222] },"properties":{
"id":"RTS.1344",
"STATUS":"Действующий",
"DBIDENT":"1827699",
"NAME":"DJIZAK",
"DESIGNATOR":"JZK",
"":"",
"LATITUDE":"401517N",
"LONGITUDE":"0675439E",
"ICAO_REG":"UT",
"DECLINATION":"5",
"FREQUENCY":"112.2",
"ABSOLUTEHEIGHT":"1100",
"SIGNPT_TYPE":"Совмещённый VOR/DME",
"OBJTOTEXT":"0",
"MAGVAR":"5"} },
{"type":"Feature",
"geometry": {"type": "Point","coordinates": [156.766388889,57.142500000] },"properties":{
"id":"RTS.1345",
"STATUS":"Действующий",
"DBIDENT":"1827722",
"NAME":"UST-KHAYRYUZOVO",
"ALT_NAME":"УСТЬ-ХАЙРЮЗОВО",
"DESIGNATOR":"UHR",
"":"",
"LATITUDE":"570833N",
"LONGITUDE":"1564559E",
"ICAO_REG":"UX",
"DECLINATION":"-9",
"FREQUENCY":"114.2",
"ABSOLUTEHEIGHT":"13",
"SIGNPT_TYPE":"Совмещённый VOR/DME",
"OBJTOTEXT":"0",
"MAGVAR":"-9"} },
{"type":"Feature",
"geometry": {"type": "Point","coordinates": [158.791388889,53.000277778] },"properties":{
"id":"RTS.1346",
"STATUS":"Действующий",
"DBIDENT":"1827963",
"NAME":"KHALAKTYRKA",
"ALT_NAME":"ХАЛАКТЫРКА",
"DESIGNATOR":"HLK",
"":"",
"LATITUDE":"530001N",
"LONGITUDE":"1584729E",
"ICAO_REG":"UX",
"":"",
"FREQUENCY":"109",
"ABSOLUTEHEIGHT":"30",
"SIGNPT_TYPE":"Дальномер DME",
"OBJTOTEXT":"0"} },
{"type":"Feature",
"geometry": {"type": "Point","coordinates": [155.956388889,54.298055556] },"properties":{
"id":"RTS.1347",
"STATUS":"Действующий",
"DBIDENT":"1827964",
"NAME":"SOBOLEVO",
"ALT_NAME":"СОБОЛЕВО",
"DESIGNATOR":"SW",
"":"",
"LATITUDE":"541753N",
"LONGITUDE":"1555723E",
"ICAO_REG":"UX",
"":"",
"FREQUENCY":"112",
"ABSOLUTEHEIGHT":"16",
"SIGNPT_TYPE":"Дальномер DME",
"OBJTOTEXT":"0"} },
{"type":"Feature",
"geometry": {"type": "Point","coordinates": [134.413055556,60.345833333] },"properties":{
"id":"RTS.1348",
"STATUS":"Действующий",
"DBIDENT":"1828056",
"NAME":"UST-MAYA",
"ALT_NAME":"УСТЬ-МАЯ",
"DESIGNATOR":"MG",
"":"",
"LATITUDE":"602045N",
"LONGITUDE":"1342447E",
"ICAO_REG":"UX",
"DECLINATION":"-16",
"FREQUENCY":"0.802",
"ABSOLUTEHEIGHT":"0",
"SIGNPT_TYPE":"Маяк NDB",
"OBJTOTEXT":"0",
"MAGVAR":"-16"} },
{"type":"Feature",
"geometry": {"type": "Point","coordinates": [41.679722222,53.680277778] },"properties":{
"id":"RTS.1349",
"STATUS":"Действующий",
"DBIDENT":"1828062",
"NAME":"ALGASOVO",
"ALT_NAME":"АЛГАСОВО",
"DESIGNATOR":"AL",
"":"",
"LATITUDE":"534049N",
"LONGITUDE":"0414047E",
"ICAO_REG":"UX",
"DECLINATION":"12",
"FREQUENCY":"0.694",
"ABSOLUTEHEIGHT":"0",
"SIGNPT_TYPE":"Маяк NDB",
"OBJTOTEXT":"0",
"MAGVAR":"12"} },
{"type":"Feature",
"geometry": {"type": "Point","coordinates": [86.885833333,53.818055556] },"properties":{
"id":"RTS.1350",
"STATUS":"Действующий",
"DBIDENT":"1828117",
"NAME":"NOVOKUZNETSK Spichenkovo",
"ALT_NAME":"НОВОКУЗНЕЦК Спиченково",
"DESIGNATOR":"NOW",
"":"",
"LATITUDE":"534905N",
"LONGITUDE":"0865309E",
"ICAO_REG":"UX",
"DECLINATION":"6",
"FREQUENCY":"115.4",
"ABSOLUTEHEIGHT":"330",
"SIGNPT_TYPE":"Совмещённый VOR/DME",
"OBJTOTEXT":"0",
"MAGVAR":"6"} },
{"type":"Feature",
"geometry": {"type": "Point","coordinates": [121.703888889,63.757500000] },"properties":{
"id":"RTS.1351",
"STATUS":"Действующий",
"DBIDENT":"1828119",
"NAME":"VILYUYSK",
"ALT_NAME":"ВИЛЮЙСК",
"DESIGNATOR":"WIK",
"":"",
"LATITUDE":"634527N",
"LONGITUDE":"1214214E",
"ICAO_REG":"UE",
"DECLINATION":"-15",
"FREQUENCY":"108.2",
"ABSOLUTEHEIGHT":"0",
"SIGNPT_TYPE":"Совмещённый VOR/DME",
"OBJTOTEXT":"0",
"MAGVAR":"-15"} },
{"type":"Feature",
"geometry": {"type": "Point","coordinates": [170.377222222,64.665833333] },"properties":{
"id":"RTS.1352",
"STATUS":"Действующий",
"DBIDENT":"1828128",
"NAME":"MARKOVO",
"ALT_NAME":"МАРКОВО",
"DESIGNATOR":"AM",
"":"",
"LATITUDE":"643957N",
"LONGITUDE":"1702238E",
"ICAO_REG":"UX",
"DECLINATION":"-3",
"FREQUENCY":"0.668",
"ABSOLUTEHEIGHT":"0",
"SIGNPT_TYPE":"Маяк NDB",
"OBJTOTEXT":"0",
"MAGVAR":"-3"} },
{"type":"Feature",
"geometry": {"type": "Point","coordinates": [46.582500000,54.820000000] },"properties":{
"id":"RTS.1353",
"STATUS":"Действующий",
"DBIDENT":"1828155",
"NAME":"ALATYR",
"ALT_NAME":"АЛАТЫРЬ",
"DESIGNATOR":"BT",
"":"",
"LATITUDE":"544912N",
"LONGITUDE":"0463457E",
"ICAO_REG":"UX",
"":"",
"FREQUENCY":"112.25",
"ABSOLUTEHEIGHT":"210",
"SIGNPT_TYPE":"Дальномер DME",
"OBJTOTEXT":"0"} },
{"type":"Feature",
"geometry": {"type": "Point","coordinates": [114.171944444,57.838055556] },"properties":{
"id":"RTS.1354",
"STATUS":"Действующий",
"DBIDENT":"1828203",
"NAME":"BODAJBO",
"ALT_NAME":"БОДАЙБО",
"DESIGNATOR":"IA",
"":"",
"LATITUDE":"575017N",
"LONGITUDE":"1141019E",
"ICAO_REG":"UX",
"DECLINATION":"-11",
"FREQUENCY":"0.405",
"ABSOLUTEHEIGHT":"0",
"SIGNPT_TYPE":"Маяк NDB",
"OBJTOTEXT":"0",
"MAGVAR":"-11"} },
{"type":"Feature",
"geometry": {"type": "Point","coordinates": [73.928611111,56.225833333] },"properties":{
"id":"RTS.1355",
"STATUS":"Действующий",
"DBIDENT":"1828206",
"NAME":"CHAPAYEVO",
"ALT_NAME":"ЧАПАЕВО",
"DESIGNATOR":"LM",
"":"",
"LATITUDE":"561333N",
"LONGITUDE":"0735543E",
"ICAO_REG":"UX",
"":"",
"FREQUENCY":"110.1",
"ABSOLUTEHEIGHT":"120",
"SIGNPT_TYPE":"Дальномер DME",
"OBJTOTEXT":"0"} },
{"type":"Feature",
"geometry": {"type": "Point","coordinates": [109.596666667,55.799166667] },"properties":{
"id":"RTS.1356",
"STATUS":"Действующий",
"DBIDENT":"1828217",
"NAME":"NIZHNEANGARSK",
"ALT_NAME":"НИЖНЕАНГАРСК",
"DESIGNATOR":"ANG",
"":"",
"LATITUDE":"554757N",
"LONGITUDE":"1093548E",
"ICAO_REG":"UX",
"":"",
"FREQUENCY":"113.8",
"ABSOLUTEHEIGHT":"480",
"SIGNPT_TYPE":"Дальномер DME",
"OBJTOTEXT":"0"} },
{"type":"Feature",
"geometry": {"type": "Point","coordinates": [40.189166667,51.718333333] },"properties":{
"id":"RTS.1357",
"STATUS":"Действующий",
"DBIDENT":"1828218",
"NAME":"PETROVSKOYE",
"ALT_NAME":"ПЕТРОВСКОЕ",
"DESIGNATOR":"PE",
"":"",
"LATITUDE":"514306N",
"LONGITUDE":"0401121E",
"ICAO_REG":"UX",
"":"",
"FREQUENCY":"117.2",
"ABSOLUTEHEIGHT":"180",
"SIGNPT_TYPE":"Дальномер DME",
"OBJTOTEXT":"0"} },
{"type":"Feature",
"geometry": {"type": "Point","coordinates": [44.382777778,40.060833333] },"properties":{
"id":"RTS.1358",
"STATUS":"Действующий",
"DBIDENT":"1828850",
"NAME":"EREBUNI",
"ALT_NAME":"ЭРЕБУНИ",
"DESIGNATOR":"FH",
"":"",
"LATITUDE":"400339N",
"LONGITUDE":"0442258E",
"ICAO_REG":"UD",
"DECLINATION":"6",
"FREQUENCY":"0.465",
"ABSOLUTEHEIGHT":"0",
"SIGNPT_TYPE":"Маяк NDB",
"OBJTOTEXT":"0",
"MAGVAR":"6"} },
{"type":"Feature",
"geometry": {"type": "Point","coordinates": [44.482500000,40.145833333] },"properties":{
"id":"RTS.1359",
"STATUS":"Действующий",
"DBIDENT":"1828851",
"NAME":"EREBUNI",
"ALT_NAME":"ЭРЕБУНИ",
"DESIGNATOR":"ER",
"":"",
"LATITUDE":"400845N",
"LONGITUDE":"0442857E",
"ICAO_REG":"UD",
"DECLINATION":"6",
"FREQUENCY":"0.496",
"ABSOLUTEHEIGHT":"0",
"SIGNPT_TYPE":"Маяк NDB",
"OBJTOTEXT":"0",
"MAGVAR":"6"} },
{"type":"Feature",
"geometry": {"type": "Point","coordinates": [156.762777778,57.139722222] },"properties":{
"id":"RTS.1360",
"STATUS":"Действующий",
"DBIDENT":"1829007",
"NAME":"UST-KHAYRYUZOVO",
"ALT_NAME":"УСТЬ-ХАЙРЮЗОВО",
"DESIGNATOR":"UH",
"":"",
"LATITUDE":"570823N",
"LONGITUDE":"1564546E",
"ICAO_REG":"UH",
"DECLINATION":"-9",
"FREQUENCY":"0.967",
"ABSOLUTEHEIGHT":"0",
"SIGNPT_TYPE":"Маяк NDB",
"OBJTOTEXT":"0",
"MAGVAR":"-9"} },
{"type":"Feature",
"geometry": {"type": "Point","coordinates": [71.979166667,71.205833333] },"properties":{
"id":"RTS.1361",
"STATUS":"Действующий",
"DBIDENT":"1829026",
"NAME":"SABETTA",
"ALT_NAME":"САБЕТТА",
"DESIGNATOR":"MNO",
"":"",
"LATITUDE":"711221N",
"LONGITUDE":"0715845E",
"ICAO_REG":"UX",
"DECLINATION":"30",
"FREQUENCY":"111",
"ABSOLUTEHEIGHT":"30",
"SIGNPT_TYPE":"Совмещённый VOR/DME",
"OBJTOTEXT":"0",
"MAGVAR":"30"} },
{"type":"Feature",
"geometry": {"type": "Point","coordinates": [74.227222222,70.998888889] },"properties":{
"id":"RTS.1362",
"STATUS":"Действующий",
"DBIDENT":"1829089",
"NAME":"UTRENNIY",
"ALT_NAME":"УТРЕННИЙ",
"DESIGNATOR":"UT",
"":"",
"LATITUDE":"705956N",
"LONGITUDE":"0741338E",
"ICAO_REG":"UX",
"DECLINATION":"29",
"FREQUENCY":"0.86",
"ABSOLUTEHEIGHT":"0",
"SIGNPT_TYPE":"Маяк NDB",
"OBJTOTEXT":"0",
"MAGVAR":"29"} },
{"type":"Feature",
"geometry": {"type": "Point","coordinates": [51.117222222,43.848055556] },"properties":{
"id":"RTS.1363",
"STATUS":"Действующий",
"DBIDENT":"1829439",
"NAME":"AKTAU",
"ALT_NAME":"АКТАУ",
"DESIGNATOR":"T",
"":"",
"LATITUDE":"435053N",
"LONGITUDE":"0510702E",
"ICAO_REG":"UA",
"DECLINATION":"8",
"FREQUENCY":"0.326",
"ABSOLUTEHEIGHT":"0",
"SIGNPT_TYPE":"Маяк NDB",
"OBJTOTEXT":"0",
"MAGVAR":"8"} },
{"type":"Feature",
"geometry": {"type": "Point","coordinates": [49.990555556,52.561666667] },"properties":{
"id":"RTS.1364",
"STATUS":"Действующий",
"DBIDENT":"1829499",
"NAME":"VOLCHANKA",
"ALT_NAME":"ВОЛЧАНКА",
"DESIGNATOR":"WLK",
"":"",
"LATITUDE":"523342N",
"LONGITUDE":"0495926E",
"ICAO_REG":"WRL",
"":"",
"FREQUENCY":"112.4",
"ABSOLUTEHEIGHT":"120",
"SIGNPT_TYPE":"Дальномер DME",
"OBJTOTEXT":"0"} },
{"type":"Feature",
"geometry": {"type": "Point","coordinates": [63.184166667,45.610000000] },"properties":{
"id":"RTS.1365",
"STATUS":"Действующий",
"DBIDENT":"1829516",
"NAME":"BAYKONUR Krainy",
"ALT_NAME":"БАЙКОНУР Крайний",
"DESIGNATOR":"BKR",
"":"",
"LATITUDE":"453636N",
"LONGITUDE":"0631103E",
"ICAO_REG":"UA",
"DECLINATION":"8",
"FREQUENCY":"110.75",
"ABSOLUTEHEIGHT":"100",
"SIGNPT_TYPE":"Совмещённый VOR/DME",
"OBJTOTEXT":"0",
"MAGVAR":"8"} },
{"type":"Feature",
"geometry": {"type": "Point","coordinates": [57.050000000,55.068611111] },"properties":{
"id":"RTS.1366",
"STATUS":"Действующий",
"DBIDENT":"1829528",
"NAME":"MIKHAYLOVKA",
"ALT_NAME":"МИХАЙЛОВКА",
"DESIGNATOR":"MA",
"":"",
"LATITUDE":"550407N",
"LONGITUDE":"0570300E",
"ICAO_REG":"UX",
"":"",
"FREQUENCY":"108.5",
"ABSOLUTEHEIGHT":"180",
"SIGNPT_TYPE":"Дальномер DME",
"OBJTOTEXT":"0"} },
{"type":"Feature",
"geometry": {"type": "Point","coordinates": [134.582500000,48.560277778] },"properties":{
"id":"RTS.1367",
"STATUS":"Действующий",
"DBIDENT":"1829529",
"NAME":"VOLOCHAYEVKA",
"ALT_NAME":"ВОЛОЧАЕВКА",
"DESIGNATOR":"WK",
"":"",
"LATITUDE":"483337N",
"LONGITUDE":"1343457E",
"ICAO_REG":"UX",
"":"",
"FREQUENCY":"112",
"ABSOLUTEHEIGHT":"90",
"SIGNPT_TYPE":"Дальномер DME",
"OBJTOTEXT":"0"} },
{"type":"Feature",
"geometry": {"type": "Point","coordinates": [63.665000000,61.287222222] },"properties":{
"id":"RTS.1368",
"STATUS":"Действующий",
"DBIDENT":"1829531",
"NAME":"SOVETSKIY",
"ALT_NAME":"СОВЕТСКИЙ",
"DESIGNATOR":"SWT",
"":"",
"LATITUDE":"611714N",
"LONGITUDE":"0633954E",
"ICAO_REG":"UX",
"":"",
"FREQUENCY":"112.9",
"ABSOLUTEHEIGHT":"120",
"SIGNPT_TYPE":"Дальномер DME",
"OBJTOTEXT":"0"} },
{"type":"Feature",
"geometry": {"type": "Point","coordinates": [166.097777778,67.846388889] },"properties":{
"id":"RTS.1369",
"STATUS":"Действующий",
"DBIDENT":"1829563",
"NAME":"KEPERVEYEM",
"ALT_NAME":"КЕПЕРВЕЕМ",
"DESIGNATOR":"K",
"":"",
"LATITUDE":"675047N",
"LONGITUDE":"1660552E",
"ICAO_REG":"UH",
"DECLINATION":"-8",
"FREQUENCY":"0.578",
"ABSOLUTEHEIGHT":"0",
"SIGNPT_TYPE":"Маяк NDB",
"OBJTOTEXT":"0",
"MAGVAR":"-8"} },
{"type":"Feature",
"geometry": {"type": "Point","coordinates": [66.972777778,39.703611111] },"properties":{
"id":"RTS.1370",
"STATUS":"Действующий",
"DBIDENT":"1829758",
"NAME":"SAMARKAND",
"ALT_NAME":"САМАРКАНД",
"DESIGNATOR":"SKD",
"":"",
"LATITUDE":"394213N",
"LONGITUDE":"0665822E",
"ICAO_REG":"UT",
"DECLINATION":"5",
"FREQUENCY":"115",
"ABSOLUTEHEIGHT":"670",
"SIGNPT_TYPE":"Совмещённый VOR/DME",
"OBJTOTEXT":"0",
"MAGVAR":"5"} },
{"type":"Feature",
"geometry": {"type": "Point","coordinates": [65.176388889,40.114722222] },"properties":{
"id":"RTS.1371",
"STATUS":"Действующий",
"DBIDENT":"1829765",
"NAME":"NAVOI",
"ALT_NAME":"НАВОИ",
"DESIGNATOR":"NVI",
"":"",
"LATITUDE":"400653N",
"LONGITUDE":"0651035E",
"ICAO_REG":"UT",
"DECLINATION":"6",
"FREQUENCY":"113.8",
"ABSOLUTEHEIGHT":"370",
"SIGNPT_TYPE":"Совмещённый VOR/DME",
"OBJTOTEXT":"0",
"MAGVAR":"6"} },
{"type":"Feature",
"geometry": {"type": "Point","coordinates": [68.394452806,38.537744389] },"properties":{
"id":"RTS.1372",
"STATUS":"Действующий",
"DBIDENT":"1829793",
"NAME":"OKTYABRSKIY",
"DESIGNATOR":"PR",
"":"",
"LATITUDE":"383216N",
"LONGITUDE":"0682340E",
"ICAO_REG":"UT",
"DECLINATION":"4",
"FREQUENCY":"310",
"ABSOLUTEHEIGHT":"787",
"SIGNPT_TYPE":"Маяк NDB",
"OBJTOTEXT":"0",
"MAGVAR":"4"} },
{"type":"Feature",
"geometry": {"type": "Point","coordinates": [58.383333333,37.968611111] },"properties":{
"id":"RTS.1373",
"STATUS":"Действующий",
"DBIDENT":"1829797",
"NAME":"ASHGABAT",
"ALT_NAME":"ASHGABAT",
"DESIGNATOR":"AP",
"":"",
"LATITUDE":"375807N",
"LONGITUDE":"0582300E",
"ICAO_REG":"UT",
"DECLINATION":"5",
"FREQUENCY":"0.407",
"ABSOLUTEHEIGHT":"0",
"SIGNPT_TYPE":"Маяк NDB",
"OBJTOTEXT":"0",
"MAGVAR":"5"} },
{"type":"Feature",
"geometry": {"type": "Point","coordinates": [53.012222222,40.043333333] },"properties":{
"id":"RTS.1374",
"STATUS":"Действующий",
"DBIDENT":"1829798",
"NAME":"TURKMENBASHI",
"ALT_NAME":"ТУКМЕНБАШИ",
"DESIGNATOR":"WZ",
"":"",
"LATITUDE":"400236N",
"LONGITUDE":"0530044E",
"ICAO_REG":"UT",
"DECLINATION":"6",
"FREQUENCY":"0.911",
"ABSOLUTEHEIGHT":"0",
"SIGNPT_TYPE":"Маяк NDB",
"OBJTOTEXT":"0",
"MAGVAR":"6"} },
{"type":"Feature",
"geometry": {"type": "Point","coordinates": [69.222777778,41.184722222] },"properties":{
"id":"RTS.1375",
"STATUS":"Действующий",
"DBIDENT":"1829800",
"NAME":"SERGELI",
"DESIGNATOR":"SR",
"":"",
"LATITUDE":"411105N",
"LONGITUDE":"0691322E",
"ICAO_REG":"UT",
"DECLINATION":"5",
"FREQUENCY":"0.743",
"ABSOLUTEHEIGHT":"0",
"SIGNPT_TYPE":"Маяк NDB",
"OBJTOTEXT":"0",
"MAGVAR":"5"} },
{"type":"Feature",
"geometry": {"type": "Point","coordinates": [153.722500000,67.473333333] },"properties":{
"id":"RTS.1376",
"STATUS":"Действующий",
"DBIDENT":"1831230",
"NAME":"SREDNEKOLYMSK",
"ALT_NAME":"СРЕДНЕКОЛЫМСК",
"DESIGNATOR":"SK",
"":"",
"LATITUDE":"672824N",
"LONGITUDE":"1534321E",
"ICAO_REG":"UX",
"":"",
"FREQUENCY":"110.9",
"ABSOLUTEHEIGHT":"30",
"SIGNPT_TYPE":"Дальномер DME",
"OBJTOTEXT":"0"} },
{"type":"Feature",
"geometry": {"type": "Point","coordinates": [36.351388889,54.564444444] },"properties":{
"id":"RTS.1377",
"STATUS":"Действующий",
"DBIDENT":"1831404",
"NAME":"KALUGA",
"ALT_NAME":"КАЛУГА",
"DESIGNATOR":"WI",
"":"",
"LATITUDE":"543352N",
"LONGITUDE":"0362105E",
"ICAO_REG":"UU",
"DECLINATION":"11",
"FREQUENCY":"0.286",
"ABSOLUTEHEIGHT":"0",
"SIGNPT_TYPE":"Маяк NDB",
"OBJTOTEXT":"0",
"MAGVAR":"11"} },
{"type":"Feature",
"geometry": {"type": "Point","coordinates": [36.391388889,54.532777778] },"properties":{
"id":"RTS.1378",
"STATUS":"Действующий",
"DBIDENT":"1831405",
"NAME":"KALUGA",
"ALT_NAME":"КАЛУГА",
"DESIGNATOR":"GC",
"":"",
"LATITUDE":"543158N",
"LONGITUDE":"0362329E",
"ICAO_REG":"UU",
"DECLINATION":"11",
"FREQUENCY":"0.286",
"ABSOLUTEHEIGHT":"0",
"SIGNPT_TYPE":"Маяк NDB",
"OBJTOTEXT":"0",
"MAGVAR":"11"} },
{"type":"Feature",
"geometry": {"type": "Point","coordinates": [77.818333333,64.937777778] },"properties":{
"id":"RTS.1379",
"STATUS":"Действующий",
"DBIDENT":"1831636",
"NAME":"TARKO-SALE",
"ALT_NAME":"ТАРКО-САЛЕ",
"DESIGNATOR":"TNL",
"":"",
"LATITUDE":"645616N",
"LONGITUDE":"0774906E",
"ICAO_REG":"US",
"DECLINATION":"19",
"FREQUENCY":"110.6",
"ABSOLUTEHEIGHT":"30",
"SIGNPT_TYPE":"Совмещённый VOR/DME",
"OBJTOTEXT":"0",
"MAGVAR":"19"} },
{"type":"Feature",
"geometry": {"type": "Point","coordinates": [69.253611111,41.254444444] },"properties":{
"id":"RTS.1380",
"STATUS":"Действующий",
"DBIDENT":"1831639",
"NAME":"TASHKENT",
"ALT_NAME":"ТАШКЕНТ",
"DESIGNATOR":"TKT",
"":"",
"LATITUDE":"411516N",
"LONGITUDE":"0691513E",
"ICAO_REG":"UT",
"DECLINATION":"6",
"FREQUENCY":"113.2",
"ABSOLUTEHEIGHT":"430",
"SIGNPT_TYPE":"Совмещённый VOR/DME",
"OBJTOTEXT":"0",
"MAGVAR":"6"} },
{"type":"Feature",
"geometry": {"type": "Point","coordinates": [136.923333333,50.457500000] },"properties":{
"id":"RTS.1381",
"STATUS":"Действующий",
"DBIDENT":"1831743",
"NAME":"KOMSOMOLSK-NA-AMURE Khurba",
"ALT_NAME":"КОМСОМОЛЬСК-НА-АМУРЕ Хурба",
"DESIGNATOR":"HA",
"":"",
"LATITUDE":"502727N",
"LONGITUDE":"1365524E",
"ICAO_REG":"UX",
"DECLINATION":"-13",
"FREQUENCY":"112.8",
"ABSOLUTEHEIGHT":"60",
"SIGNPT_TYPE":"Совмещённый VOR/DME",
"OBJTOTEXT":"0",
"MAGVAR":"-13"} },
{"type":"Feature",
"geometry": {"type": "Point","coordinates": [159.895833333,59.083888889] },"properties":{
"id":"RTS.1382",
"STATUS":"Действующий",
"DBIDENT":"1831745",
"NAME":"PALANA",
"ALT_NAME":"ПАЛАНА",
"DESIGNATOR":"GD",
"":"",
"LATITUDE":"590502N",
"LONGITUDE":"1595345E",
"ICAO_REG":"UX",
"DECLINATION":"-8",
"FREQUENCY":"0.285",
"ABSOLUTEHEIGHT":"0",
"SIGNPT_TYPE":"Маяк NDB",
"OBJTOTEXT":"0",
"MAGVAR":"-8"} },
{"type":"Feature",
"geometry": {"type": "Point","coordinates": [133.252777778,43.884444444] },"properties":{
"id":"RTS.1383",
"STATUS":"Действующий",
"DBIDENT":"1832735",
"NAME":"MURAVEYKA",
"ALT_NAME":"МУРАВЕЙКА",
"DESIGNATOR":"MR",
"":"",
"LATITUDE":"435304N",
"LONGITUDE":"1331510E",
"ICAO_REG":"UX",
"":"",
"FREQUENCY":"111.6",
"ABSOLUTEHEIGHT":"300",
"SIGNPT_TYPE":"Дальномер DME",
"OBJTOTEXT":"0"} },
{"type":"Feature",
"geometry": {"type": "Point","coordinates": [132.947777778,53.077777778] },"properties":{
"id":"RTS.1384",
"STATUS":"Действующий",
"DBIDENT":"1832737",
"NAME":"EKIMCHAN",
"ALT_NAME":"ЭКИМЧАН",
"DESIGNATOR":"IN",
"":"",
"LATITUDE":"530440N",
"LONGITUDE":"1325652E",
"ICAO_REG":"UX",
"DECLINATION":"-14",
"":"",
"FREQUENCY":"110.3",
"ABSOLUTEHEIGHT":"569",
"SIGNPT_TYPE":"Дальномер DME",
"OBJTOTEXT":"0",
"MAGVAR":"-14"} },
{"type":"Feature",
"geometry": {"type": "Point","coordinates": [138.825277778,52.977777778] },"properties":{
"id":"RTS.1385",
"STATUS":"Действующий",
"DBIDENT":"1832738",
"NAME":"KHERPUCHI",
"ALT_NAME":"ХЕРПУЧИ",
"DESIGNATOR":"RP",
"":"",
"LATITUDE":"525840N",
"LONGITUDE":"1384931E",
"ICAO_REG":"UX",
"":"",
"FREQUENCY":"113.8",
"ABSOLUTEHEIGHT":"30",
"SIGNPT_TYPE":"Дальномер DME",
"OBJTOTEXT":"0"} },
{"type":"Feature",
"geometry": {"type": "Point","coordinates": [134.866666667,45.900555556] },"properties":{
"id":"RTS.1386",
"STATUS":"Действующий",
"DBIDENT":"1832740",
"NAME":"BOGUSLAVETS",
"ALT_NAME":"БОГУСЛАВЕЦ",
"DESIGNATOR":"RN",
"":"",
"LATITUDE":"455402N",
"LONGITUDE":"1345200E",
"ICAO_REG":"UX",
"":"",
"FREQUENCY":"109",
"ABSOLUTEHEIGHT":"180",
"SIGNPT_TYPE":"Дальномер DME",
"OBJTOTEXT":"0"} },
{"type":"Feature",
"geometry": {"type": "Point","coordinates": [133.121111111,44.200833333] },"properties":{
"id":"RTS.1387",
"STATUS":"Действующий",
"DBIDENT":"1832741",
"NAME":"CHERNYSHEVKA",
"ALT_NAME":"ЧЕРНЫШЕВКА",
"DESIGNATOR":"RW",
"":"",
"LATITUDE":"441203N",
"LONGITUDE":"1330716E",
"ICAO_REG":"UX",
"":"",
"FREQUENCY":"116.2",
"ABSOLUTEHEIGHT":"180",
"SIGNPT_TYPE":"Дальномер DME",
"OBJTOTEXT":"0"} },
{"type":"Feature",
"geometry": {"type": "Point","coordinates": [132.947222222,53.077222222] },"properties":{
"id":"RTS.1388",
"STATUS":"Действующий",
"DBIDENT":"1833157",
"NAME":"EKIMCHAN",
"ALT_NAME":"ЭКИМЧАН",
"DESIGNATOR":"EW",
"":"",
"LATITUDE":"530438N",
"LONGITUDE":"1325650E",
"ICAO_REG":"UX",
"DECLINATION":"-14",
"FREQUENCY":"0.985",
"ABSOLUTEHEIGHT":"985",
"SIGNPT_TYPE":"Маяк NDB",
"OBJTOTEXT":"0",
"MAGVAR":"-14"} },
{"type":"Feature",
"geometry": {"type": "Point","coordinates": [38.877222222,47.193611111] },"properties":{
"id":"RTS.1389",
"STATUS":"Действующий",
"DBIDENT":"1833421",
"NAME":"TAGANROG Yuzhny",
"ALT_NAME":"ТАГАНРОГ Южный",
"DESIGNATOR":"MS",
"":"",
"LATITUDE":"471137N",
"LONGITUDE":"0385238E",
"ICAO_REG":"UR",
"DECLINATION":"8",
"FREQUENCY":"0.35",
"ABSOLUTEHEIGHT":"0",
"SIGNPT_TYPE":"Маяк NDB",
"OBJTOTEXT":"0",
"MAGVAR":"8"} },
{"type":"Feature",
"geometry": {"type": "Point","coordinates": [37.863083333,55.428638889] },"properties":{
"id":"RTS.1390",
"STATUS":"Действующий",
"DBIDENT":"1833735",
"NAME":"MOSCOW Domodedovo",
"ALT_NAME":"МОСКВА Домодедово",
"DESIGNATOR":"DM",
"":"",
"LATITUDE":"552543N",
"LONGITUDE":"0375147E",
"ICAO_REG":"UU",
"DECLINATION":"11",
"FREQUENCY":"0.32",
"ABSOLUTEHEIGHT":"0",
"SIGNPT_TYPE":"Маяк NDB",
"OBJTOTEXT":"0",
"MAGVAR":"11"} },
{"type":"Feature",
"geometry": {"type": "Point","coordinates": [37.913472222,55.386777778] },"properties":{
"id":"RTS.1391",
"STATUS":"Действующий",
"DBIDENT":"1833736",
"NAME":"MOSCOW Domodedovo",
"ALT_NAME":"МОСКВА Домодедово",
"DESIGNATOR":"DO",
"":"",
"LATITUDE":"552312N",
"LONGITUDE":"0375448E",
"ICAO_REG":"UU",
"DECLINATION":"11",
"FREQUENCY":"0.659",
"ABSOLUTEHEIGHT":"0",
"SIGNPT_TYPE":"Маяк NDB",
"OBJTOTEXT":"0",
"MAGVAR":"11"} },
{"type":"Feature",
"geometry": {"type": "Point","coordinates": [39.527083333,52.720944444] },"properties":{
"id":"RTS.1392",
"STATUS":"Действующий",
"DBIDENT":"1833866",
"NAME":"LIPETSK",
"ALT_NAME":"ЛИПЕЦК",
"DESIGNATOR":"D",
"":"",
"LATITUDE":"524315N",
"LONGITUDE":"0393138E",
"ICAO_REG":"UU",
"DECLINATION":"10",
"FREQUENCY":"0.815",
"ABSOLUTEHEIGHT":"0",
"SIGNPT_TYPE":"Маяк NDB",
"OBJTOTEXT":"0",
"MAGVAR":"10"} },
{"type":"Feature",
"geometry": {"type": "Point","coordinates": [39.547944444,52.686333333] },"properties":{
"id":"RTS.1393",
"STATUS":"Действующий",
"DBIDENT":"1833873",
"NAME":"LIPETSK",
"ALT_NAME":"ЛИПЕЦК",
"DESIGNATOR":"I",
"":"",
"LATITUDE":"524111N",
"LONGITUDE":"0393253E",
"ICAO_REG":"UU",
"DECLINATION":"10",
"FREQUENCY":"0.4",
"ABSOLUTEHEIGHT":"0",
"SIGNPT_TYPE":"Маяк NDB",
"OBJTOTEXT":"0",
"MAGVAR":"10"} },
{"type":"Feature",
"geometry": {"type": "Point","coordinates": [37.391694444,55.990361111] },"properties":{
"id":"RTS.1394",
"STATUS":"Действующий",
"DBIDENT":"1834782",
"NAME":"MOSCOW Sheremetyevo",
"ALT_NAME":"МОСКВА Шереметьево",
"DESIGNATOR":"ER",
"":"",
"LATITUDE":"555925N",
"LONGITUDE":"0372330E",
"ICAO_REG":"UU",
"DECLINATION":"12",
"FREQUENCY":"0.794",
"ABSOLUTEHEIGHT":"0",
"SIGNPT_TYPE":"Маяк NDB",
"OBJTOTEXT":"0",
"MAGVAR":"12"} },
{"type":"Feature",
"geometry": {"type": "Point","coordinates": [37.372583333,55.967638889] },"properties":{
"id":"RTS.1395",
"STATUS":"Действующий",
"DBIDENT":"1834784",
"NAME":"MOSCOW Sheremetyevo",
"ALT_NAME":"МОСКВА Шереметьево",
"DESIGNATOR":"MR",
"":"",
"LATITUDE":"555804N",
"LONGITUDE":"0372221E",
"ICAO_REG":"UU",
"DECLINATION":"12",
"FREQUENCY":"0.338",
"ABSOLUTEHEIGHT":"0",
"SIGNPT_TYPE":"Маяк NDB",
"OBJTOTEXT":"0",
"MAGVAR":"12"} },
{"type":"Feature",
"geometry": {"type": "Point","coordinates": [37.458972222,55.980555556] },"properties":{
"id":"RTS.1396",
"STATUS":"Действующий",
"DBIDENT":"1834786",
"NAME":"MOSCOW Sheremetyevo",
"ALT_NAME":"Москва Шереметьево",
"DESIGNATOR":"AD",
"":"",
"LATITUDE":"555850N",
"LONGITUDE":"0372732E",
"ICAO_REG":"UU",
"DECLINATION":"12",
"FREQUENCY":"0.7",
"ABSOLUTEHEIGHT":"0",
"SIGNPT_TYPE":"Маяк NDB",
"OBJTOTEXT":"0",
"MAGVAR":"12"} },
{"type":"Feature",
"geometry": {"type": "Point","coordinates": [37.372555556,55.965027778] },"properties":{
"id":"RTS.1397",
"STATUS":"Действующий",
"DBIDENT":"1834788",
"NAME":"MOSCOW Sheremetyevo",
"ALT_NAME":"МОСКВА Шереметьево",
"DESIGNATOR":"NL",
"":"",
"LATITUDE":"555754N",
"LONGITUDE":"0372221E",
"ICAO_REG":"UU",
"DECLINATION":"12",
"FREQUENCY":"0.77",
"ABSOLUTEHEIGHT":"0",
"SIGNPT_TYPE":"Маяк NDB",
"OBJTOTEXT":"0",
"MAGVAR":"12"} },
{"type":"Feature",
"geometry": {"type": "Point","coordinates": [37.461666667,55.978416667] },"properties":{
"id":"RTS.1398",
"STATUS":"Действующий",
"DBIDENT":"1834790",
"NAME":"MOSCOW Sheremetyevo",
"ALT_NAME":"МОСКВА Шереметьево",
"DESIGNATOR":"BW",
"":"",
"LATITUDE":"555842N",
"LONGITUDE":"0372742E",
"ICAO_REG":"UU",
"DECLINATION":"12",
"FREQUENCY":"0.38",
"ABSOLUTEHEIGHT":"0",
"SIGNPT_TYPE":"Маяк NDB",
"OBJTOTEXT":"0",
"MAGVAR":"12"} },
{"type":"Feature",
"geometry": {"type": "Point","coordinates": [67.317777778,37.286666667] },"properties":{
"id":"RTS.1399",
"STATUS":"Действующий",
"DBIDENT":"1834805",
"NAME":"TERMEZ",
"ALT_NAME":"ТЕРМЕЗ",
"DESIGNATOR":"TRZ",
"":"",
"LATITUDE":"371712N",
"LONGITUDE":"0671904E",
"ICAO_REG":"UT",
"DECLINATION":"4",
"FREQUENCY":"113.4",
"ABSOLUTEHEIGHT":"340",
"SIGNPT_TYPE":"Совмещённый VOR/DME",
"OBJTOTEXT":"0",
"MAGVAR":"4"} },
{"type":"Feature",
"geometry": {"type": "Point","coordinates": [71.560555556,40.981944444] },"properties":{
"id":"RTS.1400",
"STATUS":"Действующий",
"DBIDENT":"1834810",
"NAME":"NAMANGAN",
"ALT_NAME":"НАМАНГАН",
"DESIGNATOR":"NMA",
"":"",
"LATITUDE":"405855N",
"LONGITUDE":"0713338E",
"ICAO_REG":"UT",
"FREQUENCY":"116",
"ABSOLUTEHEIGHT":"490",
"SIGNPT_TYPE":"Совмещённый VOR/DME",
"OBJTOTEXT":"0"} },
{"type":"Feature",
"geometry": {"type": "Point","coordinates": [82.032222222,63.970555556] },"properties":{
"id":"RTS.1401",
"STATUS":"Действующий",
"DBIDENT":"1835113",
"NAME":"TOLKA",
"ALT_NAME":"ТОЛЬКА",
"DESIGNATOR":"B",
"":"",
"LATITUDE":"635814N",
"LONGITUDE":"0820156E",
"ICAO_REG":"US",
"DECLINATION":"15",
"FREQUENCY":"0.609",
"ABSOLUTEHEIGHT":"0",
"SIGNPT_TYPE":"Маяк NDB",
"OBJTOTEXT":"0",
"MAGVAR":"15"} },
{"type":"Feature",
"geometry": {"type": "Point","coordinates": [128.035555556,50.635555556] },"properties":{
"id":"RTS.1402",
"STATUS":"Действующий",
"DBIDENT":"1835324",
"NAME":"SREDNEBELAYA",
"ALT_NAME":"СРЕДНЕБЕЛАЯ",
"DESIGNATOR":"SL",
"":"",
"LATITUDE":"503808N",
"LONGITUDE":"1280208E",
"ICAO_REG":"UX",
"":"",
"FREQUENCY":"108.4",
"ABSOLUTEHEIGHT":"180",
"SIGNPT_TYPE":"Дальномер DME",
"OBJTOTEXT":"0"} },
{"type":"Feature",
"geometry": {"type": "Point","coordinates": [37.251638889,55.578722222] },"properties":{
"id":"RTS.1403",
"STATUS":"Действующий",
"DBIDENT":"1835895",
"NAME":"MOSCOW Vnukovo",
"ALT_NAME":"МОСКВА Внуково",
"DESIGNATOR":"OE",
"":"",
"LATITUDE":"553443N",
"LONGITUDE":"0371506E",
"ICAO_REG":"UU",
"DECLINATION":"11",
"FREQUENCY":"0.949",
"ABSOLUTEHEIGHT":"0",
"SIGNPT_TYPE":"Маяк NDB",
"OBJTOTEXT":"0",
"MAGVAR":"11"} },
{"type":"Feature",
"geometry": {"type": "Point","coordinates": [119.711666667,53.686111111] },"properties":{
"id":"RTS.1404",
"STATUS":"Действующий",
"DBIDENT":"1836019",
"NAME":"MOGOCHA",
"ALT_NAME":"МОГОЧА",
"DESIGNATOR":"MGD",
"":"",
"LATITUDE":"534110N",
"LONGITUDE":"1194242E",
"ICAO_REG":"UX",
"":"",
"FREQUENCY":"113.1",
"ABSOLUTEHEIGHT":"840",
"SIGNPT_TYPE":"Дальномер DME",
"OBJTOTEXT":"0"} },
{"type":"Feature",
"geometry": {"type": "Point","coordinates": [158.711944444,57.776666667] },"properties":{
"id":"RTS.1405",
"STATUS":"Действующий",
"DBIDENT":"1836280",
"NAME":"TIGIL",
"ALT_NAME":"ТИГИЛЬ",
"DESIGNATOR":"DH",
"":"",
"LATITUDE":"574636N",
"LONGITUDE":"1584243E",
"ICAO_REG":"UX",
"DECLINATION":"-8",
"FREQUENCY":"0.475",
"ABSOLUTEHEIGHT":"0",
"SIGNPT_TYPE":"Маяк NDB",
"OBJTOTEXT":"0",
"MAGVAR":"-8"} },
{"type":"Feature",
"geometry": {"type": "Point","coordinates": [74.509166667,38.055833333] },"properties":{
"id":"RTS.1406",
"STATUS":"Действующий",
"DBIDENT":"1836466",
"NAME":"MURGAB",
"ALT_NAME":"MURGAB",
"DESIGNATOR":"MRB",
"":"",
"LATITUDE":"380321N",
"LONGITUDE":"0743033E",
"ICAO_REG":"UT",
"FREQUENCY":"114.7",
"ABSOLUTEHEIGHT":"3742",
"SIGNPT_TYPE":"Дальномер DME",
"OBJTOTEXT":"0"} },
{"type":"Feature",
"geometry": {"type": "Point","coordinates": [26.547222222,58.659722222] },"properties":{
"id":"RTS.1407",
"STATUS":"Действующий",
"DBIDENT":"1836511",
"NAME":"KAAREPERE",
"DESIGNATOR":"KRP",
"":"",
"LATITUDE":"583935N",
"LONGITUDE":"0263250E",
"ICAO_REG":"EE",
"":"",
"FREQUENCY":"112.15",
"ABSOLUTEHEIGHT":"180",
"SIGNPT_TYPE":"Дальномер DME",
"OBJTOTEXT":"0"} },
{"type":"Feature",
"geometry": {"type": "Point","coordinates": [26.263333333,59.211944444] },"properties":{
"id":"RTS.1408",
"STATUS":"Действующий",
"DBIDENT":"1836512",
"NAME":"ASSAMALLA",
"DESIGNATOR":"ASM",
"":"",
"LATITUDE":"591243N",
"LONGITUDE":"0261548E",
"ICAO_REG":"EE",
"":"",
"FREQUENCY":"113.55",
"ABSOLUTEHEIGHT":"240",
"SIGNPT_TYPE":"Дальномер DME",
"OBJTOTEXT":"0"} },
{"type":"Feature",
"geometry": {"type": "Point","coordinates": [23.773888889,59.258333333] },"properties":{
"id":"RTS.1409",
"STATUS":"Действующий",
"DBIDENT":"1836513",
"NAME":"HARJU-KEIBU",
"DESIGNATOR":"HAR",
"":"",
"LATITUDE":"591530N",
"LONGITUDE":"0234626E",
"ICAO_REG":"EE",
"":"",
"FREQUENCY":"110.2",
"ABSOLUTEHEIGHT":"120",
"SIGNPT_TYPE":"Дальномер DME",
"OBJTOTEXT":"0"} },
{"type":"Feature",
"geometry": {"type": "Point","coordinates": [23.015555556,58.433611111] },"properties":{
"id":"RTS.1410",
"STATUS":"Действующий",
"DBIDENT":"1836515",
"NAME":"LAIMJALA",
"DESIGNATOR":"LAI",
"":"",
"LATITUDE":"582601N",
"LONGITUDE":"0230056E",
"ICAO_REG":"EE",
"":"",
"FREQUENCY":"111.75",
"ABSOLUTEHEIGHT":"120",
"SIGNPT_TYPE":"Дальномер DME",
"OBJTOTEXT":"0"} },
{"type":"Feature",
"geometry": {"type": "Point","coordinates": [25.620277778,58.256944444] },"properties":{
"id":"RTS.1411",
"STATUS":"Действующий",
"DBIDENT":"1836516",
"NAME":"SULTSI",
"DESIGNATOR":"SLT",
"":"",
"LATITUDE":"581525N",
"LONGITUDE":"0253713E",
"ICAO_REG":"EE",
"":"",
"FREQUENCY":"109.45",
"ABSOLUTEHEIGHT":"210",
"SIGNPT_TYPE":"Дальномер DME",
"OBJTOTEXT":"0"} },
{"type":"Feature",
"geometry": {"type": "Point","coordinates": [124.758611111,55.260000000] },"properties":{
"id":"RTS.1412",
"STATUS":"Действующий",
"DBIDENT":"1836994",
"NAME":"TYNDA",
"ALT_NAME":"ТЫНДА",
"DESIGNATOR":"TD",
"":"",
"LATITUDE":"551536N",
"LONGITUDE":"1244531E",
"ICAO_REG":"UH",
"":"",
"FREQUENCY":"111.4",
"ABSOLUTEHEIGHT":"660",
"SIGNPT_TYPE":"Дальномер DME",
"OBJTOTEXT":"0"} },
{"type":"Feature",
"geometry": {"type": "Point","coordinates": [128.090277778,51.911944444] },"properties":{
"id":"RTS.1413",
"STATUS":"Действующий",
"DBIDENT":"1837095",
"NAME":"KOSMODROM VOSTOCHNIY",
"ALT_NAME":"КОСМОДРОМ ВОСТОЧНЫЙ ОПРМ 16",
"DESIGNATOR":"GA",
"":"",
"LATITUDE":"515443N",
"LONGITUDE":"1280525E",
"ICAO_REG":"UH",
"DECLINATION":"-13",
"FREQUENCY":"0.00102",
"ABSOLUTEHEIGHT":"0",
"SIGNPT_TYPE":"Маяк NDB",
"OBJTOTEXT":"0",
"MAGVAR":"-13"} },
{"type":"Feature",
"geometry": {"type": "Point","coordinates": [128.110833333,51.893333333] },"properties":{
"id":"RTS.1414",
"STATUS":"Действующий",
"DBIDENT":"1837096",
"NAME":"KOSMODROM VOSTOCHNIY",
"ALT_NAME":"КОСМОДРОМ ВОСТОЧНЫЙ",
"DESIGNATOR":"ВОС",
"":"",
"LATITUDE":"515336N",
"LONGITUDE":"1280639E",
"ICAO_REG":"UX",
"DECLINATION":"-13",
"FREQUENCY":"116.35",
"ABSOLUTEHEIGHT":"290",
"SIGNPT_TYPE":"Совмещённый VOR/DME",
"OBJTOTEXT":"0",
"MAGVAR":"-13"} },
{"type":"Feature",
"geometry": {"type": "Point","coordinates": [128.130277778,51.868888889] },"properties":{
"id":"RTS.1415",
"STATUS":"Действующий",
"DBIDENT":"1837114",
"NAME":"KOSMODROM VOSTOCHNIY",
"ALT_NAME":"КОСМОДРОМ ВОСТОЧНЫЙ ОПРМ 34",
"DESIGNATOR":"CHN",
"":"",
"LATITUDE":"515208N",
"LONGITUDE":"1280749E",
"ICAO_REG":"UH",
"DECLINATION":"-13",
"FREQUENCY":"0.00102",
"ABSOLUTEHEIGHT":"0",
"SIGNPT_TYPE":"Маяк NDB",
"OBJTOTEXT":"0",
"MAGVAR":"-13"} },
{"type":"Feature",
"geometry": {"type": "Point","coordinates": [57.284722222,63.825000000] },"properties":{
"id":"RTS.1416",
"STATUS":"Действующий",
"DBIDENT":"1837118",
"NAME":"VUKTYL",
"ALT_NAME":"ВУКТЫЛ",
"DESIGNATOR":"W",
"":"",
"LATITUDE":"634930N",
"LONGITUDE":"0571705E",
"ICAO_REG":"UX",
"DECLINATION":"21",
"FREQUENCY":"0.819",
"ABSOLUTEHEIGHT":"0",
"SIGNPT_TYPE":"Маяк NDB",
"OBJTOTEXT":"0",
"MAGVAR":"21"} },
{"type":"Feature",
"geometry": {"type": "Point","coordinates": [112.891111111,58.315555556] },"properties":{
"id":"RTS.1417",
"STATUS":"Действующий",
"DBIDENT":"1837119",
"NAME":"MAMA",
"ALT_NAME":"МАМА",
"DESIGNATOR":"RM",
"":"",
"LATITUDE":"581856N",
"LONGITUDE":"1125328E",
"ICAO_REG":"UX",
"DECLINATION":"-11",
"FREQUENCY":"0.42",
"ABSOLUTEHEIGHT":"0",
"SIGNPT_TYPE":"Маяк NDB",
"OBJTOTEXT":"0",
"MAGVAR":"-11"} },
{"type":"Feature",
"geometry": {"type": "Point","coordinates": [52.835277778,54.687500000] },"properties":{
"id":"RTS.1418",
"STATUS":"Действующий",
"DBIDENT":"1837319",
"NAME":"BUGULMA",
"ALT_NAME":"БУГУЛЬМА",
"DESIGNATOR":"LB",
"":"",
"LATITUDE":"544115N",
"LONGITUDE":"0525007E",
"ICAO_REG":"UX",
"DECLINATION":"14",
"FREQUENCY":"0.325",
"ABSOLUTEHEIGHT":"0",
"SIGNPT_TYPE":"Маяк NDB",
"OBJTOTEXT":"0",
"MAGVAR":"14"} },
{"type":"Feature",
"geometry": {"type": "Point","coordinates": [39.025000000,44.138888889] },"properties":{
"id":"RTS.1419",
"STATUS":"Действующий",
"DBIDENT":"1837615",
"NAME":"AGOY",
"ALT_NAME":"АГОЙ",
"DESIGNATOR":"AGO",
"":"",
"LATITUDE":"440820N",
"LONGITUDE":"0390130E",
"ICAO_REG":"UX",
"":"",
"FREQUENCY":"116.8",
"ABSOLUTEHEIGHT":"0",
"SIGNPT_TYPE":"Дальномер DME",
"OBJTOTEXT":"0"} },
{"type":"Feature",
"geometry": {"type": "Point","coordinates": [7.810277778,63.118055556] },"properties":{
"id":"RTS.1420",
"STATUS":"Действующий",
"DBIDENT":"1838284",
"NAME":"KVERNBERGET",
"":"",
"LATITUDE":"630705N",
"LONGITUDE":"0074837E",
"ICAO_REG":"UU",
"DECLINATION":"4",
"FREQUENCY":"0",
"ABSOLUTEHEIGHT":"0",
"SIGNPT_TYPE":"Дальномер DME",
"OBJTOTEXT":"0",
"MAGVAR":"4"} },
{"type":"Feature",
"geometry": {"type": "Point","coordinates": [150.889166667,65.746388889] },"properties":{
"id":"RTS.1421",
"STATUS":"Действующий",
"DBIDENT":"1838434",
"NAME":"ZYRIANKA",
"ALT_NAME":"ЗЫРЯНКА",
"DESIGNATOR":"VR",
"":"",
"LATITUDE":"654447N",
"LONGITUDE":"1505321E",
"ICAO_REG":"UX",
"DECLINATION":"-13",
"FREQUENCY":"0.482",
"ABSOLUTEHEIGHT":"0",
"SIGNPT_TYPE":"Маяк NDB",
"OBJTOTEXT":"0",
"MAGVAR":"-13"} },
{"type":"Feature",
"geometry": {"type": "Point","coordinates": [161.335555556,68.744166667] },"properties":{
"id":"RTS.1422",
"STATUS":"Действующий",
"DBIDENT":"1838498",
"NAME":"CHERSKY",
"ALT_NAME":"ЧЕРСКИЙ",
"DESIGNATOR":"NA",
"":"",
"LATITUDE":"684439N",
"LONGITUDE":"1612008E",
"ICAO_REG":"UX",
"DECLINATION":"-10",
"FREQUENCY":"0.556",
"ABSOLUTEHEIGHT":"0",
"SIGNPT_TYPE":"Маяк NDB",
"OBJTOTEXT":"0",
"MAGVAR":"-10"} },
{"type":"Feature",
"geometry": {"type": "Point","coordinates": [64.452222222,63.181388889] },"properties":{
"id":"RTS.1423",
"STATUS":"Действующий",
"DBIDENT":"1838575",
"NAME":"IGRIM",
"ALT_NAME":"ИГРИМ",
"DESIGNATOR":"L",
"":"",
"LATITUDE":"631053N",
"LONGITUDE":"0642708E",
"ICAO_REG":"UX",
"DECLINATION":"21",
"FREQUENCY":"0.7",
"ABSOLUTEHEIGHT":"0",
"SIGNPT_TYPE":"Маяк NDB",
"OBJTOTEXT":"0",
"MAGVAR":"21"} },
{"type":"Feature",
"geometry": {"type": "Point","coordinates": [35.100000000,56.776944444] },"properties":{
"id":"RTS.1424",
"STATUS":"Действующий",
"DBIDENT":"1838743",
"NAME":"ZALESYE",
"ALT_NAME":"ЗАЛЕСЬЕ",
"DESIGNATOR":"WO",
"":"",
"LATITUDE":"564637N",
"LONGITUDE":"0350600E",
"ICAO_REG":"UX",
"DECLINATION":"12",
"FREQUENCY":"0.51",
"ABSOLUTEHEIGHT":"0",
"SIGNPT_TYPE":"Маяк NDB",
"OBJTOTEXT":"0",
"MAGVAR":"12"} },
{"type":"Feature",
"geometry": {"type": "Point","coordinates": [37.055000000,53.573333333] },"properties":{
"id":"RTS.1425",
"STATUS":"Действующий",
"DBIDENT":"1838847",
"NAME":"SKURATOVO",
"ALT_NAME":"СКУРАТОВО",
"DESIGNATOR":"KU",
"":"",
"LATITUDE":"533424N",
"LONGITUDE":"0370318E",
"ICAO_REG":"UX",
"":"",
"FREQUENCY":"115.2",
"ABSOLUTEHEIGHT":"270",
"SIGNPT_TYPE":"Дальномер DME",
"OBJTOTEXT":"0"} },
{"type":"Feature",
"geometry": {"type": "Point","coordinates": [124.958333333,56.923055556] },"properties":{
"id":"RTS.1426",
"STATUS":"Действующий",
"DBIDENT":"1838886",
"NAME":"NERYUNGRI",
"ALT_NAME":"НЕРЮНГРИ",
"DESIGNATOR":"U",
"":"",
"LATITUDE":"565523N",
"LONGITUDE":"1245730E",
"ICAO_REG":"UR",
"DECLINATION":"-14",
"FREQUENCY":"0.93",
"ABSOLUTEHEIGHT":"0",
"SIGNPT_TYPE":"Маяк NDB",
"OBJTOTEXT":"0",
"MAGVAR":"-14"} },
{"type":"Feature",
"geometry": {"type": "Point","coordinates": [141.186666667,45.245555556] },"properties":{
"id":"RTS.1427",
"STATUS":"Действующий",
"DBIDENT":"1838919",
"NAME":"RISHIRI",
"ALT_NAME":"RISHIRI",
"DESIGNATOR":"RSE",
"":"",
"LATITUDE":"451444N",
"LONGITUDE":"1411112E",
"ICAO_REG":"RJ",
"DECLINATION":"-10",
"FREQUENCY":"114.6",
"ABSOLUTEHEIGHT":"0",
"SIGNPT_TYPE":"Совмещённый VOR/DME",
"OBJTOTEXT":"0",
"MAGVAR":"-10"} },
{"type":"Feature",
"geometry": {"type": "Point","coordinates": [141.805555556,45.407222222] },"properties":{
"id":"RTS.1428",
"STATUS":"Действующий",
"DBIDENT":"1838929",
"NAME":"WAKKANAI",
"ALT_NAME":"WAKKANAI",
"DESIGNATOR":"WKE",
"":"",
"LATITUDE":"452426N",
"LONGITUDE":"1414820E",
"ICAO_REG":"RJ",
"DECLINATION":"-10",
"FREQUENCY":"115.3",
"ABSOLUTEHEIGHT":"0",
"SIGNPT_TYPE":"Совмещённый VOR/DME",
"OBJTOTEXT":"0",
"MAGVAR":"-10"} },
{"type":"Feature",
"geometry": {"type": "Point","coordinates": [143.395000000,44.305277778] },"properties":{
"id":"RTS.1429",
"STATUS":"Действующий",
"DBIDENT":"1838933",
"NAME":"MONBETSU",
"ALT_NAME":"MONBETSU",
"DESIGNATOR":"MVE",
"":"",
"LATITUDE":"441819N",
"LONGITUDE":"1432342E",
"ICAO_REG":"RJ",
"DECLINATION":"-9",
"FREQUENCY":"112.9",
"ABSOLUTEHEIGHT":"0",
"SIGNPT_TYPE":"Совмещённый VOR/DME",
"OBJTOTEXT":"0",
"MAGVAR":"-9"} },
{"type":"Feature",
"geometry": {"type": "Point","coordinates": [144.166111111,43.885000000] },"properties":{
"id":"RTS.1430",
"STATUS":"Действующий",
"DBIDENT":"1838936",
"NAME":"MEMANBETSU",
"ALT_NAME":"MEMANBETSU",
"DESIGNATOR":"TBE",
"":"",
"LATITUDE":"435306N",
"LONGITUDE":"1440958E",
"ICAO_REG":"RJ",
"DECLINATION":"-9",
"FREQUENCY":"110.85",
"ABSOLUTEHEIGHT":"0",
"SIGNPT_TYPE":"Совмещённый VOR/DME",
"OBJTOTEXT":"0",
"MAGVAR":"-9"} },
{"type":"Feature",
"geometry": {"type": "Point","coordinates": [144.950555556,43.577500000] },"properties":{
"id":"RTS.1431",
"STATUS":"Действующий",
"DBIDENT":"1838943",
"NAME":"NAKASHIBETSU",
"ALT_NAME":"NAKASHIBETSU",
"DESIGNATOR":"NSE",
"":"",
"LATITUDE":"433439N",
"LONGITUDE":"1445702E",
"ICAO_REG":"RJ",
"DECLINATION":"-9",
"FREQUENCY":"111.45",
"ABSOLUTEHEIGHT":"0",
"SIGNPT_TYPE":"Совмещённый VOR/DME",
"OBJTOTEXT":"0",
"MAGVAR":"-9"} },
{"type":"Feature",
"geometry": {"type": "Point","coordinates": [144.200833333,43.036111111] },"properties":{
"id":"RTS.1432",
"STATUS":"Действующий",
"DBIDENT":"1838947",
"NAME":"KUSHIRO",
"ALT_NAME":"KUSHIRO",
"DESIGNATOR":"TCE",
"":"",
"LATITUDE":"430210N",
"LONGITUDE":"1441203E",
"ICAO_REG":"RJ",
"DECLINATION":"-9",
"FREQUENCY":"111",
"ABSOLUTEHEIGHT":"0",
"SIGNPT_TYPE":"Совмещённый VOR/DME",
"OBJTOTEXT":"0",
"MAGVAR":"-9"} },
{"type":"Feature",
"geometry": {"type": "Point","coordinates": [143.220555556,42.733888889] },"properties":{
"id":"RTS.1433",
"STATUS":"Действующий",
"DBIDENT":"1838956",
"NAME":"OBIHIRO",
"ALT_NAME":"OBIHIRO",
"DESIGNATOR":"OBE",
"":"",
"LATITUDE":"424402N",
"LONGITUDE":"1431314E",
"ICAO_REG":"RJ",
"DECLINATION":"-9",
"FREQUENCY":"109.65",
"ABSOLUTEHEIGHT":"0",
"SIGNPT_TYPE":"Совмещённый VOR/DME",
"OBJTOTEXT":"0",
"MAGVAR":"-9"} },
{"type":"Feature",
"geometry": {"type": "Point","coordinates": [142.456944444,43.667222222] },"properties":{
"id":"RTS.1434",
"STATUS":"Действующий",
"DBIDENT":"1838972",
"NAME":"ASAHIKAWA",
"ALT_NAME":"ASAHIKAWA",
"DESIGNATOR":"AWE",
"":"",
"LATITUDE":"434002N",
"LONGITUDE":"1422725E",
"ICAO_REG":"RJ",
"DECLINATION":"-9",
"FREQUENCY":"113.5",
"ABSOLUTEHEIGHT":"0",
"SIGNPT_TYPE":"Совмещённый VOR/DME",
"OBJTOTEXT":"0",
"MAGVAR":"-9"} },
{"type":"Feature",
"geometry": {"type": "Point","coordinates": [30.082500000,59.766666667] },"properties":{
"id":"RTS.1435",
"STATUS":"Действующий",
"DBIDENT":"1839051",
"NAME":"GORELOVO",
"ALT_NAME":"ГОРЕЛОВО",
"DESIGNATOR":"M",
"":"",
"LATITUDE":"594600N",
"LONGITUDE":"0300457E",
"ICAO_REG":"UL",
"DECLINATION":"12",
"FREQUENCY":"0.84",
"ABSOLUTEHEIGHT":"0",
"SIGNPT_TYPE":"Маяк NDB",
"OBJTOTEXT":"0",
"MAGVAR":"12"} },
{"type":"Feature",
"geometry": {"type": "Point","coordinates": [143.566111111,52.716388889] },"properties":{
"id":"RTS.1436",
"STATUS":"Действующий",
"DBIDENT":"1839237",
"NAME":"MOLIKPAK",
"ALT_NAME":"МОЛИКПАК",
"DESIGNATOR":"MK",
"":"",
"LATITUDE":"524259N",
"LONGITUDE":"1433358E",
"ICAO_REG":"UH",
"DECLINATION":"-12",
"FREQUENCY":"0.393",
"ABSOLUTEHEIGHT":"0",
"SIGNPT_TYPE":"Маяк NDB",
"OBJTOTEXT":"0",
"MAGVAR":"-12"} },
{"type":"Feature",
"geometry": {"type": "Point","coordinates": [145.683055556,43.946944444] },"properties":{
"id":"RTS.1437",
"STATUS":"Действующий",
"DBIDENT":"1839276",
"NAME":"YUZHNO-KURILSK Mendeleyevo",
"ALT_NAME":"ЮЖНО-КУРИЛЬСК Менделеево",
"DESIGNATOR":"MNW",
"":"",
"LATITUDE":"435649N",
"LONGITUDE":"1454059E",
"ICAO_REG":"UX",
"DECLINATION":"-9",
"FREQUENCY":"114.5",
"ABSOLUTEHEIGHT":"210",
"SIGNPT_TYPE":"Совмещённый VOR/DME",
"OBJTOTEXT":"0",
"MAGVAR":"-9"} },
{"type":"Feature",
"geometry": {"type": "Point","coordinates": [143.258611111,66.449722222] },"properties":{
"id":"RTS.1438",
"STATUS":"Действующий",
"DBIDENT":"1839372",
"NAME":"MOMA",
"ALT_NAME":"МОМА",
"DESIGNATOR":"UD",
"":"",
"LATITUDE":"662659N",
"LONGITUDE":"1431531E",
"ICAO_REG":"UX",
"DECLINATION":"-16",
"FREQUENCY":"0.371",
"ABSOLUTEHEIGHT":"0",
"SIGNPT_TYPE":"Маяк NDB",
"OBJTOTEXT":"0",
"MAGVAR":"-16"} },
{"type":"Feature",
"geometry": {"type": "Point","coordinates": [136.149444444,57.628333333] },"properties":{
"id":"RTS.1439",
"STATUS":"Действующий",
"DBIDENT":"1839442",
"NAME":"NELKAN",
"ALT_NAME":"НЕЛЬКАН",
"DESIGNATOR":"NE",
"":"",
"LATITUDE":"573742N",
"LONGITUDE":"1360858E",
"ICAO_REG":"UX",
"DECLINATION":"-15",
"FREQUENCY":"0.38",
"ABSOLUTEHEIGHT":"0",
"SIGNPT_TYPE":"Маяк NDB",
"OBJTOTEXT":"0",
"MAGVAR":"-15"} },
{"type":"Feature",
"geometry": {"type": "Point","coordinates": [160.510277778,65.250277778] },"properties":{
"id":"RTS.1440",
"STATUS":"Действующий",
"DBIDENT":"1839443",
"NAME":"OMOLON",
"ALT_NAME":"ОМОЛОН",
"DESIGNATOR":"YO",
"":"",
"LATITUDE":"651501N",
"LONGITUDE":"1603037E",
"ICAO_REG":"UX",
"DECLINATION":"-9",
"FREQUENCY":"0.448",
"ABSOLUTEHEIGHT":"0",
"SIGNPT_TYPE":"Маяк NDB",
"OBJTOTEXT":"0",
"MAGVAR":"-9"} },
{"type":"Feature",
"geometry": {"type": "Point","coordinates": [159.922500000,63.746944444] },"properties":{
"id":"RTS.1441",
"STATUS":"Действующий",
"DBIDENT":"1839456",
"NAME":"NOVAIA KUBAKA",
"ALT_NAME":"НОВАЯ КУБАКА",
"DESIGNATOR":"NK",
"":"",
"LATITUDE":"634449N",
"LONGITUDE":"1595521E",
"ICAO_REG":"UX",
"DECLINATION":"-9",
"FREQUENCY":"0.6",
"ABSOLUTEHEIGHT":"0",
"SIGNPT_TYPE":"Маяк NDB",
"OBJTOTEXT":"0",
"MAGVAR":"-9"} },
{"type":"Feature",
"geometry": {"type": "Point","coordinates": [48.810277778,54.401666667] },"properties":{
"id":"RTS.1442",
"STATUS":"Действующий",
"DBIDENT":"1839495",
"NAME":"ULYANOVSK Vostochny",
"ALT_NAME":"УЛЬЯНОВСК Восточный",
"DESIGNATOR":"UWS",
"":"",
"LATITUDE":"542406N",
"LONGITUDE":"0484837E",
"ICAO_REG":"UX",
"DECLINATION":"13",
"FREQUENCY":"113.7",
"ABSOLUTEHEIGHT":"0",
"SIGNPT_TYPE":"Совмещённый VOR/DME",
"OBJTOTEXT":"0",
"MAGVAR":"13"} },
{"type":"Feature",
"geometry": {"type": "Point","coordinates": [92.448888889,56.183611111] },"properties":{
"id":"RTS.1443",
"STATUS":"Действующий",
"DBIDENT":"1839873",
"NAME":"KRASNOYARSK",
"ALT_NAME":"КРАСНОЯРСК",
"DESIGNATOR":"AJ",
"":"",
"LATITUDE":"561101N",
"LONGITUDE":"0922656E",
"ICAO_REG":"UX",
"DECLINATION":"3",
"FREQUENCY":"0.685",
"ABSOLUTEHEIGHT":"0",
"SIGNPT_TYPE":"Маяк NDB",
"OBJTOTEXT":"0",
"MAGVAR":"3"} },
{"type":"Feature",
"geometry": {"type": "Point","coordinates": [92.488333333,55.947500000] },"properties":{
"id":"RTS.1444",
"STATUS":"Действующий",
"DBIDENT":"1839874",
"NAME":"KRASNOYARSK",
"ALT_NAME":"КРАСНОЯРСК Усть-Мана",
"DESIGNATOR":"UJ",
"":"",
"LATITUDE":"555651N",
"LONGITUDE":"0922918E",
"ICAO_REG":"UX",
"DECLINATION":"3",
"FREQUENCY":"0.662",
"ABSOLUTEHEIGHT":"0",
"SIGNPT_TYPE":"Маяк NDB",
"OBJTOTEXT":"0",
"MAGVAR":"3"} },
{"type":"Feature",
"geometry": {"type": "Point","coordinates": [92.516666667,56.184444444] },"properties":{
"id":"RTS.1445",
"STATUS":"Действующий",
"DBIDENT":"1839894",
"NAME":"KRASNOYARSK/CHEREMSHANKA",
"ALT_NAME":"КРАСНОЯРСК ОПРМ 11 Черемшанка",
"DESIGNATOR":"KP",
"":"",
"LATITUDE":"561104N",
"LONGITUDE":"0923100E",
"ICAO_REG":"UX",
"DECLINATION":"3",
"FREQUENCY":"0.39",
"ABSOLUTEHEIGHT":"0",
"SIGNPT_TYPE":"Маяк NDB",
"OBJTOTEXT":"0",
"MAGVAR":"3"} },
{"type":"Feature",
"geometry": {"type": "Point","coordinates": [85.880833333,52.027500000] },"properties":{
"id":"RTS.1446",
"STATUS":"Действующий",
"DBIDENT":"1839941",
"NAME":"GORNO-ALTAISK",
"ALT_NAME":"ГОРНО-АЛТАЙСК",
"DESIGNATOR":"GO",
"":"",
"LATITUDE":"520139N",
"LONGITUDE":"0855251E",
"ICAO_REG":"UN",
"DECLINATION":"5",
"FREQUENCY":"0.35",
"ABSOLUTEHEIGHT":"0",
"SIGNPT_TYPE":"Маяк NDB",
"OBJTOTEXT":"0",
"MAGVAR":"5"} },
{"type":"Feature",
"geometry": {"type": "Point","coordinates": [85.881388889,52.027500000] },"properties":{
"id":"RTS.1447",
"STATUS":"Действующий",
"DBIDENT":"1839948",
"NAME":"GORNO-ALTAISK",
"ALT_NAME":"ГОРНО-АЛТАЙСК",
"DESIGNATOR":"GA",
"":"",
"LATITUDE":"520139N",
"LONGITUDE":"0855253E",
"ICAO_REG":"UX",
"DECLINATION":"6",
"":"",
"FREQUENCY":"110.6",
"ABSOLUTEHEIGHT":"400",
"SIGNPT_TYPE":"Дальномер DME",
"OBJTOTEXT":"0",
"MAGVAR":"6"} },
{"type":"Feature",
"geometry": {"type": "Point","coordinates": [112.482777778,68.498611111] },"properties":{
"id":"RTS.1448",
"STATUS":"Действующий",
"DBIDENT":"1839970",
"NAME":"OLENEK",
"ALT_NAME":"ОЛЕНЕК",
"DESIGNATOR":"NL",
"":"",
"LATITUDE":"682955N",
"LONGITUDE":"1122858E",
"ICAO_REG":"UX",
"DECLINATION":"-11",
"FREQUENCY":"0.3",
"ABSOLUTEHEIGHT":"0",
"SIGNPT_TYPE":"Маяк NDB",
"OBJTOTEXT":"0",
"MAGVAR":"-11"} },
{"type":"Feature",
"geometry": {"type": "Point","coordinates": [117.649722222,62.169444444] },"properties":{
"id":"RTS.1449",
"STATUS":"Действующий",
"DBIDENT":"1839971",
"NAME":"SUNTAR",
"ALT_NAME":"СУНТАР",
"DESIGNATOR":"SU",
"":"",
"LATITUDE":"621010N",
"LONGITUDE":"1173859E",
"ICAO_REG":"UE",
"DECLINATION":"-13",
"FREQUENCY":"0.68",
"ABSOLUTEHEIGHT":"0",
"SIGNPT_TYPE":"Маяк NDB",
"OBJTOTEXT":"0",
"MAGVAR":"-13"} },
{"type":"Feature",
"geometry": {"type": "Point","coordinates": [120.231944444,63.457222222] },"properties":{
"id":"RTS.1450",
"STATUS":"Действующий",
"DBIDENT":"1839974",
"NAME":"VERKHNEVILYUJSK",
"ALT_NAME":"ВЕРХНЕВИЛЮЙСК",
"DESIGNATOR":"HB",
"":"",
"LATITUDE":"632726N",
"LONGITUDE":"1201355E",
"ICAO_REG":"UE",
"DECLINATION":"-15",
"FREQUENCY":"0.513",
"ABSOLUTEHEIGHT":"0",
"SIGNPT_TYPE":"Маяк NDB",
"OBJTOTEXT":"0",
"MAGVAR":"-15"} },
{"type":"Feature",
"geometry": {"type": "Point","coordinates": [127.426666667,63.959166667] },"properties":{
"id":"RTS.1451",
"STATUS":"Действующий",
"DBIDENT":"1839976",
"NAME":"SANGAR",
"ALT_NAME":"САНГАР",
"DESIGNATOR":"LM",
"":"",
"LATITUDE":"635733N",
"LONGITUDE":"1272536E",
"ICAO_REG":"UE",
"DECLINATION":"-17",
"FREQUENCY":"0.46",
"ABSOLUTEHEIGHT":"0",
"SIGNPT_TYPE":"Маяк NDB",
"OBJTOTEXT":"0",
"MAGVAR":"-17"} },
{"type":"Feature",
"geometry": {"type": "Point","coordinates": [68.349166667,70.316111111] },"properties":{
"id":"RTS.1452",
"STATUS":"Действующий",
"DBIDENT":"1839978",
"NAME":"BOVANENKOVO",
"ALT_NAME":"БОВАНЕНКОВО",
"DESIGNATOR":"BN",
"":"",
"LATITUDE":"701858N",
"LONGITUDE":"0682057E",
"ICAO_REG":"UX",
"DECLINATION":"30",
"FREQUENCY":"0.45",
"ABSOLUTEHEIGHT":"0",
"SIGNPT_TYPE":"Маяк NDB",
"OBJTOTEXT":"0",
"MAGVAR":"30"} },
{"type":"Feature",
"geometry": {"type": "Point","coordinates": [71.951111111,71.201944444] },"properties":{
"id":"RTS.1453",
"STATUS":"Действующий",
"DBIDENT":"1839979",
"NAME":"SABETTA",
"ALT_NAME":"САБЕТТА",
"DESIGNATOR":"SA",
"":"",
"LATITUDE":"711207N",
"LONGITUDE":"0715704E",
"ICAO_REG":"UX",
"DECLINATION":"31",
"FREQUENCY":"0.835",
"ABSOLUTEHEIGHT":"0",
"SIGNPT_TYPE":"Маяк NDB",
"OBJTOTEXT":"0",
"MAGVAR":"31"} },
{"type":"Feature",
"geometry": {"type": "Point","coordinates": [72.098888889,71.223055556] },"properties":{
"id":"RTS.1454",
"STATUS":"Действующий",
"DBIDENT":"1839980",
"NAME":"SABETTA",
"ALT_NAME":"САБЕТТА",
"DESIGNATOR":"ST",
"":"",
"LATITUDE":"711323N",
"LONGITUDE":"0720556E",
"ICAO_REG":"UX",
"DECLINATION":"31",
"FREQUENCY":"0.835",
"ABSOLUTEHEIGHT":"0",
"SIGNPT_TYPE":"Маяк NDB",
"OBJTOTEXT":"0",
"MAGVAR":"31"} },
{"type":"Feature",
"geometry": {"type": "Point","coordinates": [127.083333333,53.671944444] },"properties":{
"id":"RTS.1455",
"STATUS":"Действующий",
"DBIDENT":"1839985",
"NAME":"ZEYA",
"ALT_NAME":"ЗЕЯ",
"DESIGNATOR":"KZ",
"":"",
"LATITUDE":"534019N",
"LONGITUDE":"1270500E",
"ICAO_REG":"UH",
"DECLINATION":"-13",
"FREQUENCY":"0.815",
"ABSOLUTEHEIGHT":"0",
"SIGNPT_TYPE":"Маяк NDB",
"OBJTOTEXT":"0",
"MAGVAR":"-13"} },
{"type":"Feature",
"geometry": {"type": "Point","coordinates": [48.321111111,54.005000000] },"properties":{
"id":"RTS.1456",
"STATUS":"Действующий",
"DBIDENT":"1839988",
"NAME":"SOLDATSKAYA TASHLA",
"ALT_NAME":"СОЛДАТСКАЯ ТАШЛА",
"DESIGNATOR":"MS",
"":"",
"LATITUDE":"540018N",
"LONGITUDE":"0481916E",
"ICAO_REG":"UU",
"DECLINATION":"13",
"FREQUENCY":"0.00123",
"ABSOLUTEHEIGHT":"0",
"SIGNPT_TYPE":"Маяк NDB",
"OBJTOTEXT":"0",
"MAGVAR":"13"} },
{"type":"Feature",
"geometry": {"type": "Point","coordinates": [48.309444444,54.018055556] },"properties":{
"id":"RTS.1457",
"STATUS":"Действующий",
"DBIDENT":"1839990",
"NAME":"SOLDATSKAYA TASHLA",
"ALT_NAME":"СОЛДАТСКАЯ ТАШЛА",
"DESIGNATOR":"SL",
"":"",
"LATITUDE":"540105N",
"LONGITUDE":"0481834E",
"ICAO_REG":"UU",
"DECLINATION":"13",
"FREQUENCY":"0.00163",
"ABSOLUTEHEIGHT":"0",
"SIGNPT_TYPE":"Маяк NDB",
"OBJTOTEXT":"0",
"MAGVAR":"13"} },
{"type":"Feature",
"geometry": {"type": "Point","coordinates": [125.428055556,58.615833333] },"properties":{
"id":"RTS.1458",
"STATUS":"Действующий",
"DBIDENT":"1839993",
"NAME":"ALDAN",
"ALT_NAME":"АЛДАН",
"DESIGNATOR":"AD",
"":"",
"LATITUDE":"583657N",
"LONGITUDE":"1252541E",
"ICAO_REG":"UX",
"DECLINATION":"-15",
"FREQUENCY":"0.451",
"ABSOLUTEHEIGHT":"0",
"SIGNPT_TYPE":"Маяк NDB",
"OBJTOTEXT":"0",
"MAGVAR":"-15"} },
{"type":"Feature",
"geometry": {"type": "Point","coordinates": [125.425555556,58.614166667] },"properties":{
"id":"RTS.1459",
"STATUS":"Действующий",
"DBIDENT":"1839995",
"NAME":"ALDAN",
"ALT_NAME":"АЛДАН",
"DESIGNATOR":"A",
"":"",
"LATITUDE":"583651N",
"LONGITUDE":"1252532E",
"ICAO_REG":"UX",
"DECLINATION":"-15",
"FREQUENCY":"0.875",
"ABSOLUTEHEIGHT":"0",
"SIGNPT_TYPE":"Маяк NDB",
"OBJTOTEXT":"0",
"MAGVAR":"-15"} },
{"type":"Feature",
"geometry": {"type": "Point","coordinates": [114.084722222,71.926388889] },"properties":{
"id":"RTS.1460",
"STATUS":"Действующий",
"DBIDENT":"1840001",
"NAME":"SASKYLAKH",
"ALT_NAME":"САСКЫЛАХ",
"DESIGNATOR":"OD",
"":"",
"LATITUDE":"715535N",
"LONGITUDE":"1140505E",
"ICAO_REG":"UX",
"DECLINATION":"-10",
"FREQUENCY":"0.285",
"ABSOLUTEHEIGHT":"0",
"SIGNPT_TYPE":"Маяк NDB",
"OBJTOTEXT":"0",
"MAGVAR":"-10"} },
{"type":"Feature",
"geometry": {"type": "Point","coordinates": [136.821944444,62.783611111] },"properties":{
"id":"RTS.1461",
"STATUS":"Действующий",
"DBIDENT":"1840021",
"NAME":"TEPLYY KLYUCH",
"ALT_NAME":"ТЕПЛЫЙ КЛЮЧ",
"DESIGNATOR":"T",
"":"",
"LATITUDE":"624701N",
"LONGITUDE":"1364919E",
"ICAO_REG":"UX",
"DECLINATION":"-16",
"FREQUENCY":"0.64",
"ABSOLUTEHEIGHT":"0",
"SIGNPT_TYPE":"Маяк NDB",
"OBJTOTEXT":"0",
"MAGVAR":"-16"} },
{"type":"Feature",
"geometry": {"type": "Point","coordinates": [136.853611111,62.791111111] },"properties":{
"id":"RTS.1462",
"STATUS":"Действующий",
"DBIDENT":"1840023",
"NAME":"TEPLYY KLYUCH",
"ALT_NAME":"ТЕПЛЫЙ КЛЮЧ",
"DESIGNATOR":"AND",
"":"",
"LATITUDE":"624728N",
"LONGITUDE":"1365113E",
"ICAO_REG":"UX",
"DECLINATION":"-16",
"FREQUENCY":"113.8",
"ABSOLUTEHEIGHT":"300",
"SIGNPT_TYPE":"Совмещённый VOR/DME",
"OBJTOTEXT":"0",
"MAGVAR":"-16"} },
{"type":"Feature",
"geometry": {"type": "Point","coordinates": [150.773333333,59.909722222] },"properties":{
"id":"RTS.1463",
"STATUS":"Действующий",
"DBIDENT":"1840034",
"NAME":"MAGADAN",
"ALT_NAME":"МАГАДАН",
"DESIGNATOR":"WA",
"":"",
"LATITUDE":"595435N",
"LONGITUDE":"1504624E",
"ICAO_REG":"UX",
"DECLINATION":"-12",
"FREQUENCY":"0.375",
"ABSOLUTEHEIGHT":"0",
"SIGNPT_TYPE":"Маяк NDB",
"OBJTOTEXT":"0",
"MAGVAR":"-12"} },
{"type":"Feature",
"geometry": {"type": "Point","coordinates": [163.071666667,59.238611111] },"properties":{
"id":"RTS.1464",
"STATUS":"Действующий",
"DBIDENT":"1840036",
"NAME":"OSSORA",
"ALT_NAME":"ОССОРА",
"DESIGNATOR":"OS",
"":"",
"LATITUDE":"591419N",
"LONGITUDE":"1630418E",
"ICAO_REG":"UX",
"DECLINATION":"-6",
"FREQUENCY":"0.6",
"ABSOLUTEHEIGHT":"0",
"SIGNPT_TYPE":"Маяк NDB",
"OBJTOTEXT":"0",
"MAGVAR":"-6"} },
{"type":"Feature",
"geometry": {"type": "Point","coordinates": [146.186666667,68.546111111] },"properties":{
"id":"RTS.1465",
"STATUS":"Действующий",
"DBIDENT":"1840037",
"NAME":"BELAYA GORA",
"ALT_NAME":"БЕЛАЯ ГОРА",
"DESIGNATOR":"TN",
"":"",
"LATITUDE":"683246N",
"LONGITUDE":"1461112E",
"ICAO_REG":"UX",
"DECLINATION":"-15",
"FREQUENCY":"0.825",
"ABSOLUTEHEIGHT":"0",
"SIGNPT_TYPE":"Маяк NDB",
"OBJTOTEXT":"0",
"MAGVAR":"-15"} },
{"type":"Feature",
"geometry": {"type": "Point","coordinates": [130.439444444,67.786666667] },"properties":{
"id":"RTS.1466",
"STATUS":"Действующий",
"DBIDENT":"1840044",
"NAME":"SAKKYRYR",
"ALT_NAME":"САККЫРЫР",
"DESIGNATOR":"P",
"":"",
"LATITUDE":"674712N",
"LONGITUDE":"1302622E",
"ICAO_REG":"UE",
"DECLINATION":"-18",
"FREQUENCY":"0.46",
"ABSOLUTEHEIGHT":"0",
"SIGNPT_TYPE":"Маяк NDB",
"OBJTOTEXT":"0",
"MAGVAR":"-18"} },
{"type":"Feature",
"geometry": {"type": "Point","coordinates": [142.855833333,53.525833333] },"properties":{
"id":"RTS.1467",
"STATUS":"Действующий",
"DBIDENT":"1840061",
"NAME":"OKHA Novostroyka",
"ALT_NAME":"ОХА Новостройка",
"DESIGNATOR":"TF",
"":"",
"LATITUDE":"533133N",
"LONGITUDE":"1425121E",
"ICAO_REG":"UX",
"DECLINATION":"-12",
"FREQUENCY":"0.786",
"ABSOLUTEHEIGHT":"0",
"SIGNPT_TYPE":"Маяк NDB",
"OBJTOTEXT":"0",
"MAGVAR":"-12"} },
{"type":"Feature",
"geometry": {"type": "Point","coordinates": [142.902500000,53.510000000] },"properties":{
"id":"RTS.1468",
"STATUS":"Действующий",
"DBIDENT":"1840062",
"NAME":"OKHA Novostroyka",
"ALT_NAME":"ОХА Новостройка",
"DESIGNATOR":"OI",
"":"",
"LATITUDE":"533036N",
"LONGITUDE":"1425409E",
"ICAO_REG":"UX",
"DECLINATION":"-12",
"FREQUENCY":"0.786",
"ABSOLUTEHEIGHT":"0",
"SIGNPT_TYPE":"Маяк NDB",
"OBJTOTEXT":"0",
"MAGVAR":"-12"} },
{"type":"Feature",
"geometry": {"type": "Point","coordinates": [147.981944444,45.247222222] },"properties":{
"id":"RTS.1469",
"STATUS":"Действующий",
"DBIDENT":"1840065",
"NAME":"ITURUP",
"ALT_NAME":"ИТУРУП",
"DESIGNATOR":"TP",
"":"",
"LATITUDE":"451450N",
"LONGITUDE":"1475855E",
"ICAO_REG":"UX",
"DECLINATION":"-8",
"FREQUENCY":"0.547",
"ABSOLUTEHEIGHT":"0",
"SIGNPT_TYPE":"Маяк NDB",
"OBJTOTEXT":"0",
"MAGVAR":"-8"} },
{"type":"Feature",
"geometry": {"type": "Point","coordinates": [138.045277778,56.431111111] },"properties":{
"id":"RTS.1470",
"STATUS":"Действующий",
"DBIDENT":"1840077",
"NAME":"AYAN Munuk",
"ALT_NAME":"АЯН Мунук",
"DESIGNATOR":"NK",
"":"",
"LATITUDE":"562552N",
"LONGITUDE":"1380243E",
"ICAO_REG":"UX",
"DECLINATION":"-14",
"FREQUENCY":"0.422",
"ABSOLUTEHEIGHT":"0",
"SIGNPT_TYPE":"Маяк NDB",
"OBJTOTEXT":"0",
"MAGVAR":"-14"} },
{"type":"Feature",
"geometry": {"type": "Point","coordinates": [146.227222222,68.553611111] },"properties":{
"id":"RTS.1471",
"STATUS":"Действующий",
"DBIDENT":"1840105",
"NAME":"BELAYA GORA",
"ALT_NAME":"БЕЛАЯ ГОРА",
"DESIGNATOR":"BG",
"":"",
"LATITUDE":"683313N",
"LONGITUDE":"1461338E",
"ICAO_REG":"UX",
"":"",
"FREQUENCY":"110",
"ABSOLUTEHEIGHT":"30",
"SIGNPT_TYPE":"Дальномер DME",
"OBJTOTEXT":"0"} },
{"type":"Feature",
"geometry": {"type": "Point","coordinates": [30.147500000,60.086388889] },"properties":{
"id":"RTS.1472",
"STATUS":"Действующий",
"DBIDENT":"1840112",
"NAME":"LEVASHOVO",
"ALT_NAME":"ЛЕВАШОВО",
"DESIGNATOR":"SRF",
"":"",
"LATITUDE":"600511N",
"LONGITUDE":"0300851E",
"ICAO_REG":"UX",
"":"",
"FREQUENCY":"112.6",
"ABSOLUTEHEIGHT":"30",
"SIGNPT_TYPE":"Дальномер DME",
"OBJTOTEXT":"0"} },
{"type":"Feature",
"geometry": {"type": "Point","coordinates": [134.696388889,67.645833333] },"properties":{
"id":"RTS.1473",
"STATUS":"Действующий",
"DBIDENT":"1840265",
"NAME":"BATAGAY",
"ALT_NAME":"БАТАГАЙ",
"DESIGNATOR":"BTG",
"":"",
"LATITUDE":"673845N",
"LONGITUDE":"1344147E",
"ICAO_REG":"UX",
"DECLINATION":"18",
"FREQUENCY":"113.5",
"ABSOLUTEHEIGHT":"210",
"SIGNPT_TYPE":"Совмещённый VOR/DME",
"OBJTOTEXT":"0",
"MAGVAR":"18"} },
{"type":"Feature",
"geometry": {"type": "Point","coordinates": [44.576666667,43.209722222] },"properties":{
"id":"RTS.1474",
"STATUS":"Действующий",
"DBIDENT":"1840955",
"NAME":"VLADIKAVKAZ Beslan",
"ALT_NAME":"ВЛАДИКАВКАЗ Беслан",
"DESIGNATOR":"CH",
"":"",
"LATITUDE":"431235N",
"LONGITUDE":"0443436E",
"ICAO_REG":"UX",
"DECLINATION":"7",
"FREQUENCY":"0.25",
"ABSOLUTEHEIGHT":"0",
"SIGNPT_TYPE":"Маяк NDB",
"OBJTOTEXT":"0",
"MAGVAR":"7"} },
{"type":"Feature",
"geometry": {"type": "Point","coordinates": [90.020277778,61.600555556] },"properties":{
"id":"RTS.1475",
"STATUS":"Действующий",
"DBIDENT":"1841018",
"NAME":"PODKAMENNAYA TUNGUSKA",
"ALT_NAME":"ПОДКАМЕННАЯ ТУНГУСКА",
"DESIGNATOR":"RE",
"":"",
"LATITUDE":"613602N",
"LONGITUDE":"0900113E",
"ICAO_REG":"UX",
"DECLINATION":"8",
"FREQUENCY":"0.29",
"ABSOLUTEHEIGHT":"0",
"SIGNPT_TYPE":"Маяк NDB",
"OBJTOTEXT":"0",
"MAGVAR":"8"} },
{"type":"Feature",
"geometry": {"type": "Point","coordinates": [43.765277778,56.175833333] },"properties":{
"id":"RTS.1476",
"STATUS":"Действующий",
"DBIDENT":"1841609",
"NAME":"NIZHNY NOVGOROD Strigino",
"ALT_NAME":"НИЖНИЙ НОВГОРОД Стригино",
"DESIGNATOR":"BO",
"":"",
"LATITUDE":"561033N",
"LONGITUDE":"0434555E",
"ICAO_REG":"UX",
"DECLINATION":"14",
"FREQUENCY":"0.676",
"ABSOLUTEHEIGHT":"0",
"SIGNPT_TYPE":"Маяк NDB",
"OBJTOTEXT":"0",
"MAGVAR":"14"} },
{"type":"Feature",
"geometry": {"type": "Point","coordinates": [83.465277778,53.344722222] },"properties":{
"id":"RTS.1477",
"STATUS":"Действующий",
"DBIDENT":"1841614",
"NAME":"BARNAUL Mikhaylovka",
"ALT_NAME":"БАРНАУЛ Михайловка",
"DESIGNATOR":"BU",
"":"",
"LATITUDE":"532041N",
"LONGITUDE":"0832755E",
"ICAO_REG":"UX",
"DECLINATION":"7",
"FREQUENCY":"0.399",
"ABSOLUTEHEIGHT":"0",
"SIGNPT_TYPE":"Маяк NDB",
"OBJTOTEXT":"0",
"MAGVAR":"7"} },
{"type":"Feature",
"geometry": {"type": "Point","coordinates": [123.377222222,66.778611111] },"properties":{
"id":"RTS.1478",
"STATUS":"Действующий",
"DBIDENT":"1841692",
"NAME":"ZHIGANSK",
"ALT_NAME":"ЖИГАНСК",
"DESIGNATOR":"V",
"":"",
"LATITUDE":"664643N",
"LONGITUDE":"1232238E",
"ICAO_REG":"UX",
"DECLINATION":"-17",
"FREQUENCY":"0.895",
"ABSOLUTEHEIGHT":"0",
"SIGNPT_TYPE":"Маяк NDB",
"OBJTOTEXT":"0",
"MAGVAR":"-17"} },
{"type":"Feature",
"geometry": {"type": "Point","coordinates": [147.849166667,70.618333333] },"properties":{
"id":"RTS.1479",
"STATUS":"Действующий",
"DBIDENT":"1841724",
"NAME":"CHOKURDAKH",
"ALT_NAME":"ЧОКУРДАХ",
"DESIGNATOR":"V",
"":"",
"LATITUDE":"703706N",
"LONGITUDE":"1475057E",
"ICAO_REG":"UX",
"DECLINATION":"-16",
"FREQUENCY":"0.00122",
"ABSOLUTEHEIGHT":"0",
"SIGNPT_TYPE":"Маяк NDB",
"OBJTOTEXT":"0",
"MAGVAR":"-16"} },
{"type":"Feature",
"geometry": {"type": "Point","coordinates": [147.902222222,70.628055556] },"properties":{
"id":"RTS.1480",
"STATUS":"Действующий",
"DBIDENT":"1841756",
"NAME":"CHOKURDAKH",
"ALT_NAME":"ЧОКУРДАХ",
"DESIGNATOR":"KD",
"":"",
"LATITUDE":"703741N",
"LONGITUDE":"1475408E",
"ICAO_REG":"UX",
"":"",
"FREQUENCY":"108.8",
"ABSOLUTEHEIGHT":"60",
"SIGNPT_TYPE":"Дальномер DME",
"OBJTOTEXT":"0"} },
{"type":"Feature",
"geometry": {"type": "Point","coordinates": [72.802050000,40.606169444] },"properties":{
"id":"RTS.1481",
"STATUS":"Действующий",
"DBIDENT":"1841858",
"NAME":"OSH",
"DESIGNATOR":"OSH",
"":"",
"LATITUDE":"403622N",
"LONGITUDE":"0724807E",
"ICAO_REG":"UC",
"DECLINATION":"5",
"FREQUENCY":"112.4",
"ABSOLUTEHEIGHT":"0",
"SIGNPT_TYPE":"Совмещённый VOR/DME",
"OBJTOTEXT":"0",
"MAGVAR":"5"} },
{"type":"Feature",
"geometry": {"type": "Point","coordinates": [72.980080556,40.942772222] },"properties":{
"id":"RTS.1482",
"STATUS":"Действующий",
"DBIDENT":"1841859",
"NAME":"ZHALAL-ABAD",
"DESIGNATOR":"DA",
"":"",
"LATITUDE":"405634N",
"LONGITUDE":"0725848E",
"ICAO_REG":"UC",
"DECLINATION":"5",
"FREQUENCY":"0.6",
"ABSOLUTEHEIGHT":"0",
"SIGNPT_TYPE":"Маяк NDB",
"OBJTOTEXT":"0",
"MAGVAR":"5"} },
{"type":"Feature",
"geometry": {"type": "Point","coordinates": [66.566388889,66.581111111] },"properties":{
"id":"RTS.1483",
"STATUS":"Действующий",
"DBIDENT":"1842321",
"NAME":"SALEKHARD",
"ALT_NAME":"САЛЕХАД",
"DESIGNATOR":"N",
"":"",
"LATITUDE":"663452N",
"LONGITUDE":"0663359E",
"ICAO_REG":"UX",
"DECLINATION":"24",
"FREQUENCY":"0.65",
"ABSOLUTEHEIGHT":"0",
"SIGNPT_TYPE":"Маяк NDB",
"OBJTOTEXT":"0",
"MAGVAR":"24"} },
{"type":"Feature",
"geometry": {"type": "Point","coordinates": [65.781111111,38.780555556] },"properties":{
"id":"RTS.1484",
"STATUS":"Действующий",
"DBIDENT":"1842340",
"NAME":"KARSHI",
"DESIGNATOR":"K",
"":"",
"LATITUDE":"384650N",
"LONGITUDE":"0654652E",
"ICAO_REG":"UT",
"DECLINATION":"5",
"FREQUENCY":"0.301",
"ABSOLUTEHEIGHT":"0",
"SIGNPT_TYPE":"Маяк NDB",
"OBJTOTEXT":"0",
"MAGVAR":"5"} },
{"type":"Feature",
"geometry": {"type": "Point","coordinates": [43.008888889,44.260277778] },"properties":{
"id":"RTS.1485",
"STATUS":"Действующий",
"DBIDENT":"1842381",
"NAME":"MINERALNYYE VODY",
"ALT_NAME":"МИНЕРАЛЬНЫЕ ВОДЫ",
"DESIGNATOR":"MD",
"":"",
"LATITUDE":"441537N",
"LONGITUDE":"0430032E",
"ICAO_REG":"UX",
"DECLINATION":"8",
"FREQUENCY":"0.468",
"ABSOLUTEHEIGHT":"0",
"SIGNPT_TYPE":"Маяк NDB",
"OBJTOTEXT":"0",
"MAGVAR":"8"} },
{"type":"Feature",
"geometry": {"type": "Point","coordinates": [92.105833333,58.493611111] },"properties":{
"id":"RTS.1486",
"STATUS":"Действующий",
"DBIDENT":"1842425",
"NAME":"YENISEYSK",
"ALT_NAME":"ЕНИСЕЙСК",
"DESIGNATOR":"RD",
"":"",
"LATITUDE":"582937N",
"LONGITUDE":"0920621E",
"ICAO_REG":"UX",
"DECLINATION":"3",
"FREQUENCY":"0.52",
"ABSOLUTEHEIGHT":"0",
"SIGNPT_TYPE":"Маяк NDB",
"OBJTOTEXT":"0",
"MAGVAR":"3"} },
{"type":"Feature",
"geometry": {"type": "Point","coordinates": [39.738333333,43.595000000] },"properties":{
"id":"RTS.1487",
"STATUS":"Действующий",
"DBIDENT":"1842446",
"NAME":"SOCHI",
"ALT_NAME":"СОЧИ",
"DESIGNATOR":"ADL",
"":"",
"LATITUDE":"433542N",
"LONGITUDE":"0394418E",
"ICAO_REG":"UR",
"DECLINATION":"7",
"FREQUENCY":"0.001116",
"ABSOLUTEHEIGHT":"1500",
"SIGNPT_TYPE":"Маяк NDB",
"OBJTOTEXT":"0",
"MAGVAR":"7"} },
{"type":"Feature",
"geometry": {"type": "Point","coordinates": [33.983333333,45.000277778] },"properties":{
"id":"RTS.1488",
"STATUS":"Действующий",
"DBIDENT":"1842560",
"NAME":"SIMFEROPOL",
"ALT_NAME":"СИМФЕРОПОЛЬ",
"DESIGNATOR":"SL",
"":"",
"LATITUDE":"450001N",
"LONGITUDE":"0335900E",
"ICAO_REG":"UX",
"DECLINATION":"7",
"FREQUENCY":"0.352",
"ABSOLUTEHEIGHT":"0",
"SIGNPT_TYPE":"Маяк NDB",
"OBJTOTEXT":"0",
"MAGVAR":"7"} },
{"type":"Feature",
"geometry": {"type": "Point","coordinates": [49.318611111,58.490000000] },"properties":{
"id":"RTS.1489",
"STATUS":"Действующий",
"DBIDENT":"1842676",
"NAME":"KIROV Pobedilovo",
"ALT_NAME":"КИРОВ Победилово",
"DESIGNATOR":"O",
"":"",
"LATITUDE":"582924N",
"LONGITUDE":"0491907E",
"ICAO_REG":"UX",
"DECLINATION":"16",
"FREQUENCY":"0.213",
"ABSOLUTEHEIGHT":"0",
"SIGNPT_TYPE":"Маяк NDB",
"OBJTOTEXT":"0",
"MAGVAR":"16"} },
{"type":"Feature",
"geometry": {"type": "Point","coordinates": [30.071388889,40.737500000] },"properties":{
"id":"RTS.1490",
"STATUS":"Действующий",
"DBIDENT":"1842933",
"NAME":"CENGIZ TOPEL",
"ALT_NAME":"CENGIZ TOPEL",
"DESIGNATOR":"CTP",
"":"",
"LATITUDE":"404415N",
"LONGITUDE":"0300417E",
"ICAO_REG":"LT",
"DECLINATION":"6",
"FREQUENCY":"0.307",
"ABSOLUTEHEIGHT":"0",
"SIGNPT_TYPE":"Маяк NDB",
"OBJTOTEXT":"0",
"MAGVAR":"6"} },
{"type":"Feature",
"geometry": {"type": "Point","coordinates": [40.638888889,37.227500000] },"properties":{
"id":"RTS.1491",
"STATUS":"Действующий",
"DBIDENT":"1842949",
"NAME":"MARDIN",
"ALT_NAME":"MARDIN",
"DESIGNATOR":"MRD",
"":"",
"LATITUDE":"371339N",
"LONGITUDE":"0403820E",
"ICAO_REG":"LT",
"DECLINATION":"6",
"FREQUENCY":"116.9",
"ABSOLUTEHEIGHT":"529",
"SIGNPT_TYPE":"Совмещённый VOR/DME",
"OBJTOTEXT":"0",
"MAGVAR":"6"} },
{"type":"Feature",
"geometry": {"type": "Point","coordinates": [143.066388889,59.422777778] },"properties":{
"id":"RTS.1492",
"STATUS":"Действующий",
"DBIDENT":"1843240",
"NAME":"OKHOTSK",
"ALT_NAME":"ОХОТСК",
"DESIGNATOR":"OH",
"":"",
"LATITUDE":"592522N",
"LONGITUDE":"1430359E",
"ICAO_REG":"UX",
"DECLINATION":"-14",
"FREQUENCY":"110.4",
"ABSOLUTEHEIGHT":"30",
"SIGNPT_TYPE":"Совмещённый VOR/DME",
"OBJTOTEXT":"0",
"MAGVAR":"-14"} },
{"type":"Feature",
"geometry": {"type": "Point","coordinates": [111.045555556,59.857222222] },"properties":{
"id":"RTS.1493",
"STATUS":"Действующий",
"DBIDENT":"1843316",
"NAME":"TALAKAN",
"ALT_NAME":"ТАЛАКАН",
"DESIGNATOR":"T",
"":"",
"LATITUDE":"595126N",
"LONGITUDE":"1110244E",
"ICAO_REG":"UE",
"DECLINATION":"-10",
"FREQUENCY":"0.69",
"ABSOLUTEHEIGHT":"0",
"SIGNPT_TYPE":"Маяк NDB",
"OBJTOTEXT":"0",
"MAGVAR":"-10"} },
{"type":"Feature",
"geometry": {"type": "Point","coordinates": [57.130277778,65.106666667] },"properties":{
"id":"RTS.1494",
"STATUS":"Действующий",
"DBIDENT":"1843364",
"NAME":"PECHORA",
"ALT_NAME":"ПЕЧОРА",
"DESIGNATOR":"Z",
"":"",
"LATITUDE":"650624N",
"LONGITUDE":"0570749E",
"ICAO_REG":"UX",
"DECLINATION":"23",
"FREQUENCY":"0.678",
"ABSOLUTEHEIGHT":"0",
"SIGNPT_TYPE":"Маяк NDB",
"OBJTOTEXT":"0",
"MAGVAR":"23"} },
{"type":"Feature",
"geometry": {"type": "Point","coordinates": [135.680277778,70.019444444] },"properties":{
"id":"RTS.1495",
"STATUS":"Действующий",
"DBIDENT":"1843365",
"NAME":"UST-KUJGA",
"ALT_NAME":"УСТЬ-КУЙГА",
"DESIGNATOR":"U",
"":"",
"LATITUDE":"700110N",
"LONGITUDE":"1354049E",
"ICAO_REG":"UE",
"DECLINATION":"-19",
"FREQUENCY":"0.65",
"ABSOLUTEHEIGHT":"0",
"SIGNPT_TYPE":"Маяк NDB",
"OBJTOTEXT":"0",
"MAGVAR":"-19"} },
{"type":"Feature",
"geometry": {"type": "Point","coordinates": [136.476388889,52.440833333] },"properties":{
"id":"RTS.1496",
"STATUS":"Действующий",
"DBIDENT":"1843386",
"NAME":"POLINA OSIPENKO",
"ALT_NAME":"ПОЛИНА ОСИПЕНКО",
"DESIGNATOR":"PL",
"":"",
"LATITUDE":"522627N",
"LONGITUDE":"1362835E",
"ICAO_REG":"UX",
"":"",
"FREQUENCY":"112.6",
"ABSOLUTEHEIGHT":"90",
"SIGNPT_TYPE":"Дальномер DME",
"OBJTOTEXT":"0"} },
{"type":"Feature",
"geometry": {"type": "Point","coordinates": [47.978611111,46.285555556] },"properties":{
"id":"RTS.1497",
"STATUS":"Действующий",
"DBIDENT":"1843447",
"NAME":"ASTRAKHAN",
"ALT_NAME":"АСТРАХАНЬ",
"DESIGNATOR":"G",
"":"",
"LATITUDE":"461708N",
"LONGITUDE":"0475843E",
"ICAO_REG":"UX",
"DECLINATION":"9",
"FREQUENCY":"0.315",
"ABSOLUTEHEIGHT":"0",
"SIGNPT_TYPE":"Маяк NDB",
"OBJTOTEXT":"0",
"MAGVAR":"9"} },
{"type":"Feature",
"geometry": {"type": "Point","coordinates": [125.398055556,58.600000000] },"properties":{
"id":"RTS.1498",
"STATUS":"Действующий",
"DBIDENT":"1844194",
"NAME":"ALDAN",
"ALT_NAME":"АЛДАН",
"DESIGNATOR":"LDN",
"":"",
"LATITUDE":"583600N",
"LONGITUDE":"1252353E",
"ICAO_REG":"UE",
"DECLINATION":"-15",
"FREQUENCY":"114.8",
"ABSOLUTEHEIGHT":"690",
"SIGNPT_TYPE":"Совмещённый VOR/DME",
"OBJTOTEXT":"0",
"MAGVAR":"-15"} },
{"type":"Feature",
"geometry": {"type": "Point","coordinates": [75.250277778,63.165833333] },"properties":{
"id":"RTS.1499",
"STATUS":"Действующий",
"DBIDENT":"1844206",
"NAME":"NOYABRSK",
"ALT_NAME":"НОЯБРЬСК",
"DESIGNATOR":"NBK",
"":"",
"LATITUDE":"630957N",
"LONGITUDE":"0751501E",
"ICAO_REG":"UX",
"DECLINATION":"18",
"":"",
"FREQUENCY":"112.9",
"ABSOLUTEHEIGHT":"150",
"SIGNPT_TYPE":"Дальномер DME",
"OBJTOTEXT":"0",
"MAGVAR":"18"} },
{"type":"Feature",
"geometry": {"type": "Point","coordinates": [39.894722222,47.479444444] },"properties":{
"id":"RTS.1500",
"STATUS":"Действующий",
"DBIDENT":"1844248",
"NAME":"ROSTOV-NA-DONU Platov",
"ALT_NAME":"РОСТОВ-НА-ДОНУ Платов",
"DESIGNATOR":"RD",
"":"",
"LATITUDE":"472846N",
"LONGITUDE":"0395341E",
"ICAO_REG":"UX",
"DECLINATION":"9",
"FREQUENCY":"0.682",
"ABSOLUTEHEIGHT":"0",
"SIGNPT_TYPE":"Маяк NDB",
"OBJTOTEXT":"0",
"MAGVAR":"9"} },
{"type":"Feature",
"geometry": {"type": "Point","coordinates": [33.983333333,45.000277778] },"properties":{
"id":"RTS.1501",
"STATUS":"Действующий",
"DBIDENT":"1844338",
"NAME":"NDB 01R",
"ALT_NAME":"ОПРС О1П",
"DESIGNATOR":"SL",
"":"",
"LATITUDE":"450001N",
"LONGITUDE":"0335900E",
"ICAO_REG":"UR",
"DECLINATION":"-7",
"FREQUENCY":"0.352",
"ABSOLUTEHEIGHT":"0",
"SIGNPT_TYPE":"Маяк NDB",
"OBJTOTEXT":"0",
"MAGVAR":"-7"} },
{"type":"Feature",
"geometry": {"type": "Point","coordinates": [33.991666667,45.104444444] },"properties":{
"id":"RTS.1502",
"STATUS":"Действующий",
"DBIDENT":"1844377",
"NAME":"SIMFEROPOL",
"ALT_NAME":"СИМФЕРОПОЛЬ",
"DESIGNATOR":"SF",
"":"",
"LATITUDE":"450616N",
"LONGITUDE":"0335930E",
"ICAO_REG":"UR",
"DECLINATION":"7",
"FREQUENCY":"0.588",
"ABSOLUTEHEIGHT":"0",
"SIGNPT_TYPE":"Маяк NDB",
"OBJTOTEXT":"0",
"MAGVAR":"7"} },
{"type":"Feature",
"geometry": {"type": "Point","coordinates": [164.358611111,66.766388889] },"properties":{
"id":"RTS.1503",
"STATUS":"Действующий",
"DBIDENT":"1844503",
"NAME":"BAIMSKAYA",
"ALT_NAME":"БАИМСКАЯ",
"DESIGNATOR":"BA",
"":"",
"LATITUDE":"664559N",
"LONGITUDE":"1642131E",
"ICAO_REG":"UX",
"DECLINATION":"-7",
"FREQUENCY":"0.75",
"ABSOLUTEHEIGHT":"1680",
"SIGNPT_TYPE":"Маяк NDB",
"OBJTOTEXT":"0",
"MAGVAR":"-7"} },
{"type":"Feature",
"geometry": {"type": "Point","coordinates": [47.146944444,40.623888889] },"properties":{
"id":"RTS.1504",
"STATUS":"Действующий",
"DBIDENT":"1844564",
"NAME":"YEVLAKH",
"DESIGNATOR":"E",
"":"",
"LATITUDE":"403726N",
"LONGITUDE":"0470849E",
"ICAO_REG":"UB",
"DECLINATION":"6",
"FREQUENCY":"0.839",
"ABSOLUTEHEIGHT":"0",
"SIGNPT_TYPE":"Маяк NDB",
"OBJTOTEXT":"0",
"MAGVAR":"6"} },
{"type":"Feature",
"geometry": {"type": "Point","coordinates": [46.670000000,41.553888889] },"properties":{
"id":"RTS.1505",
"STATUS":"Действующий",
"DBIDENT":"1844565",
"NAME":"ZAGATALA",
"DESIGNATOR":"ZAQ",
"":"",
"LATITUDE":"413314N",
"LONGITUDE":"0464012E",
"ICAO_REG":"UB",
"DECLINATION":"7",
"FREQUENCY":"114.1",
"ABSOLUTEHEIGHT":"400",
"SIGNPT_TYPE":"Совмещённый VOR/DME",
"OBJTOTEXT":"0",
"MAGVAR":"7"} },
{"type":"Feature",
"geometry": {"type": "Point","coordinates": [54.196388889,39.703333333] },"properties":{
"id":"RTS.1506",
"STATUS":"Действующий",
"DBIDENT":"1844687",
"NAME":"BALKANABAT",
"ALT_NAME":"БАЛКАНАБАТ",
"DESIGNATOR":"ZO",
"":"",
"LATITUDE":"394212N",
"LONGITUDE":"0541147E",
"ICAO_REG":"UT",
"DECLINATION":"6",
"FREQUENCY":"0.355",
"ABSOLUTEHEIGHT":"0",
"SIGNPT_TYPE":"Маяк NDB",
"OBJTOTEXT":"0",
"MAGVAR":"6"} },
{"type":"Feature",
"geometry": {"type": "Point","coordinates": [54.213888889,39.656666667] },"properties":{
"id":"RTS.1507",
"STATUS":"Действующий",
"DBIDENT":"1844688",
"NAME":"BALKANABAT",
"ALT_NAME":"БАЛКАНАБАТ",
"DESIGNATOR":"JBL",
"":"",
"LATITUDE":"393924N",
"LONGITUDE":"0541250E",
"ICAO_REG":"UT",
"DECLINATION":"6",
"FREQUENCY":"113.5",
"ABSOLUTEHEIGHT":"0",
"SIGNPT_TYPE":"Совмещённый VOR/DME",
"OBJTOTEXT":"0",
"MAGVAR":"6"} },
{"type":"Feature",
"geometry": {"type": "Point","coordinates": [82.032777778,63.970277778] },"properties":{
"id":"RTS.1508",
"STATUS":"Действующий",
"DBIDENT":"1844697",
"NAME":"TOLKA",
"ALT_NAME":"ТОЛЬКА",
"DESIGNATOR":"TLK",
"":"",
"LATITUDE":"635813N",
"LONGITUDE":"0820158E",
"ICAO_REG":"US",
"":"",
"FREQUENCY":"109.5",
"ABSOLUTEHEIGHT":"30",
"SIGNPT_TYPE":"Дальномер DME",
"OBJTOTEXT":"0"} },
{"type":"Feature",
"geometry": {"type": "Point","coordinates": [143.648888889,52.464444444] },"properties":{
"id":"RTS.1509",
"STATUS":"Действующий",
"DBIDENT":"1844967",
"NAME":"BERKUT",
"ALT_NAME":"БЕРКУТ",
"DESIGNATOR":"BT",
"":"",
"LATITUDE":"522752N",
"LONGITUDE":"1433856E",
"ICAO_REG":"UH",
"DECLINATION":"-12",
"FREQUENCY":"0.482",
"ABSOLUTEHEIGHT":"0",
"SIGNPT_TYPE":"Маяк NDB",
"OBJTOTEXT":"0",
"MAGVAR":"-12"} },
{"type":"Feature",
"geometry": {"type": "Point","coordinates": [36.710000000,56.361666667] },"properties":{
"id":"RTS.1510",
"STATUS":"Действующий",
"DBIDENT":"1845036",
"NAME":"KLIN",
"ALT_NAME":"КЛИН",
"DESIGNATOR":"P",
"":"",
"LATITUDE":"562142N",
"LONGITUDE":"0364236E",
"ICAO_REG":"UX",
"DECLINATION":"12",
"FREQUENCY":"0.001064",
"ABSOLUTEHEIGHT":"0",
"SIGNPT_TYPE":"Маяк NDB",
"OBJTOTEXT":"0",
"MAGVAR":"12"} },
{"type":"Feature",
"geometry": {"type": "Point","coordinates": [36.780000000,56.370000000] },"properties":{
"id":"RTS.1511",
"STATUS":"Действующий",
"DBIDENT":"1845037",
"NAME":"KLIN",
"ALT_NAME":"КЛИН",
"DESIGNATOR":"L",
"":"",
"LATITUDE":"562212N",
"LONGITUDE":"0364648E",
"ICAO_REG":"UX",
"DECLINATION":"12",
"FREQUENCY":"0.001064",
"ABSOLUTEHEIGHT":"0",
"SIGNPT_TYPE":"Маяк NDB",
"OBJTOTEXT":"0",
"MAGVAR":"12"} },
{"type":"Feature",
"geometry": {"type": "Point","coordinates": [49.236111111,55.622777778] },"properties":{
"id":"RTS.1512",
"STATUS":"Действующий",
"DBIDENT":"1845042",
"NAME":"KAZAN",
"ALT_NAME":"КАЗАНЬ",
"DESIGNATOR":"AM",
"":"",
"LATITUDE":"553722N",
"LONGITUDE":"0491410E",
"ICAO_REG":"UX",
"DECLINATION":"14",
"FREQUENCY":"0.475",
"ABSOLUTEHEIGHT":"0",
"SIGNPT_TYPE":"Маяк NDB",
"OBJTOTEXT":"0",
"MAGVAR":"14"} },
{"type":"Feature",
"geometry": {"type": "Point","coordinates": [49.313888889,55.592777778] },"properties":{
"id":"RTS.1513",
"STATUS":"Действующий",
"DBIDENT":"1845043",
"NAME":"KAZAN",
"ALT_NAME":"КАЗАНЬ",
"DESIGNATOR":"BL",
"":"",
"LATITUDE":"553534N",
"LONGITUDE":"0491850E",
"ICAO_REG":"UX",
"DECLINATION":"14",
"FREQUENCY":"0.965",
"ABSOLUTEHEIGHT":"0",
"SIGNPT_TYPE":"Маяк NDB",
"OBJTOTEXT":"0",
"MAGVAR":"14"} },
{"type":"Feature",
"geometry": {"type": "Point","coordinates": [33.956111111,45.000555556] },"properties":{
"id":"RTS.1514",
"STATUS":"Действующий",
"DBIDENT":"1845314",
"NAME":"SIMFEROPOL",
"ALT_NAME":"СИМФЕРОПОЛЬ",
"DESIGNATOR":"SN",
"":"",
"LATITUDE":"450002N",
"LONGITUDE":"0335722E",
"ICAO_REG":"UR",
"DECLINATION":"7",
"FREQUENCY":"0.588",
"ABSOLUTEHEIGHT":"0",
"SIGNPT_TYPE":"Маяк NDB",
"OBJTOTEXT":"0",
"MAGVAR":"7"} },
{"type":"Feature",
"geometry": {"type": "Point","coordinates": [97.446944444,58.378333333] },"properties":{
"id":"RTS.1515",
"STATUS":"Действующий",
"DBIDENT":"1845508",
"NAME":"BOGUCHANI",
"ALT_NAME":"БОГУЧАНЫ",
"DESIGNATOR":"RI",
"":"",
"LATITUDE":"582242N",
"LONGITUDE":"0972649E",
"ICAO_REG":"UX",
"FREQUENCY":"0.41",
"ABSOLUTEHEIGHT":"0",
"SIGNPT_TYPE":"Маяк NDB",
"OBJTOTEXT":"0"} },
{"type":"Feature",
"geometry": {"type": "Point","coordinates": [46.357777778,55.520833333] },"properties":{
"id":"RTS.1516",
"STATUS":"Действующий",
"DBIDENT":"1845645",
"NAME":"SHUMERLYA",
"ALT_NAME":"ШУМЕРЛЯ",
"DESIGNATOR":"IXY",
"":"",
"LATITUDE":"553115N",
"LONGITUDE":"0462128E",
"ICAO_REG":"UU",
"":"",
"FREQUENCY":"112",
"ABSOLUTEHEIGHT":"120",
"SIGNPT_TYPE":"Дальномер DME",
"OBJTOTEXT":"0"} },
{"type":"Feature",
"geometry": {"type": "Point","coordinates": [132.177777778,43.408333333] },"properties":{
"id":"RTS.1517",
"STATUS":"Действующий",
"DBIDENT":"1846802",
"NAME":"VLADIVOSTOK Knevichi",
"ALT_NAME":"ВЛАДИВОСТОК Кневичи",
"DESIGNATOR":"LN",
"":"",
"LATITUDE":"432430N",
"LONGITUDE":"1321040E",
"ICAO_REG":"UX",
"DECLINATION":"-11",
"FREQUENCY":"0.368",
"ABSOLUTEHEIGHT":"0",
"SIGNPT_TYPE":"Маяк NDB",
"OBJTOTEXT":"0",
"MAGVAR":"-11"} },
{"type":"Feature",
"geometry": {"type": "Point","coordinates": [60.838888889,56.744722222] },"properties":{
"id":"RTS.1518",
"STATUS":"Действующий",
"DBIDENT":"1846803",
"NAME":"YEKATERINBURG Koltsovo",
"ALT_NAME":"ЕКАТЕРИНБУРГ Кольцово",
"DESIGNATOR":"U",
"":"",
"LATITUDE":"564441N",
"LONGITUDE":"0605020E",
"ICAO_REG":"UX",
"DECLINATION":"15",
"FREQUENCY":"0.749",
"ABSOLUTEHEIGHT":"0",
"SIGNPT_TYPE":"Маяк NDB",
"OBJTOTEXT":"0",
"MAGVAR":"15"} },
{"type":"Feature",
"geometry": {"type": "Point","coordinates": [60.841944444,56.740000000] },"properties":{
"id":"RTS.1519",
"STATUS":"Действующий",
"DBIDENT":"1846804",
"NAME":"YEKATERINBURG Koltsovo",
"ALT_NAME":"ЕКАТЕРИНБУРГ Кольцово",
"DESIGNATOR":"D",
"":"",
"LATITUDE":"564424N",
"LONGITUDE":"0605031E",
"ICAO_REG":"UX",
"DECLINATION":"15",
"FREQUENCY":"0.388",
"ABSOLUTEHEIGHT":"0",
"SIGNPT_TYPE":"Маяк NDB",
"OBJTOTEXT":"0",
"MAGVAR":"15"} },
{"type":"Feature",
"geometry": {"type": "Point","coordinates": [37.282500000,55.619166667] },"properties":{
"id":"RTS.1520",
"STATUS":"Действующий",
"DBIDENT":"1846806",
"NAME":"MOSCOW Vnukovo",
"ALT_NAME":"МОСКВА Внуково",
"DESIGNATOR":"SX",
"":"",
"LATITUDE":"553709N",
"LONGITUDE":"0371657E",
"ICAO_REG":"UX",
"DECLINATION":"12",
"FREQUENCY":"0.914",
"ABSOLUTEHEIGHT":"0",
"SIGNPT_TYPE":"Маяк NDB",
"OBJTOTEXT":"0",
"MAGVAR":"12"} },
{"type":"Feature",
"geometry": {"type": "Point","coordinates": [37.225555556,55.583611111] },"properties":{
"id":"RTS.1521",
"STATUS":"Действующий",
"DBIDENT":"1846807",
"NAME":"MOSCOW Vnukovo",
"ALT_NAME":"МОСКВА Внуково",
"DESIGNATOR":"GT",
"":"",
"LATITUDE":"553501N",
"LONGITUDE":"0371332E",
"ICAO_REG":"UX",
"DECLINATION":"12",
"FREQUENCY":"0.294",
"ABSOLUTEHEIGHT":"0",
"SIGNPT_TYPE":"Маяк NDB",
"OBJTOTEXT":"0",
"MAGVAR":"12"} },
{"type":"Feature",
"geometry": {"type": "Point","coordinates": [37.305555556,55.601388889] },"properties":{
"id":"RTS.1522",
"STATUS":"Действующий",
"DBIDENT":"1846808",
"NAME":"MOSCOW Vnukovo",
"ALT_NAME":"МОСКВА Внуково",
"DESIGNATOR":"OB",
"":"",
"LATITUDE":"553605N",
"LONGITUDE":"0371820E",
"ICAO_REG":"UX",
"DECLINATION":"12",
"FREQUENCY":"0.852",
"ABSOLUTEHEIGHT":"0",
"SIGNPT_TYPE":"Маяк NDB",
"OBJTOTEXT":"0",
"MAGVAR":"12"} },
{"type":"Feature",
"geometry": {"type": "Point","coordinates": [43.776944444,56.223333333] },"properties":{
"id":"RTS.1523",
"STATUS":"Действующий",
"DBIDENT":"1846811",
"NAME":"NIZHNY NOVGOROD Strigino",
"ALT_NAME":"НИЖНИЙ НОВГОРОД Стригино",
"DESIGNATOR":"STR",
"":"",
"LATITUDE":"561324N",
"LONGITUDE":"0434637E",
"ICAO_REG":"UX",
"DECLINATION":"13",
"FREQUENCY":"112.9",
"ABSOLUTEHEIGHT":"0",
"SIGNPT_TYPE":"Совмещённый VOR/DME",
"OBJTOTEXT":"0",
"MAGVAR":"13"} },
{"type":"Feature",
"geometry": {"type": "Point","coordinates": [111.556944444,52.521388889] },"properties":{
"id":"RTS.1524",
"STATUS":"Действующий",
"DBIDENT":"1846863",
"NAME":"SOSNOVO-OZERSKOYE",
"ALT_NAME":"СОСНОВО-ОЗЕРСКОЕ",
"DESIGNATOR":"RX",
"":"",
"LATITUDE":"523117N",
"LONGITUDE":"1113325E",
"ICAO_REG":"UX",
"DECLINATION":"-9",
"FREQUENCY":"0.431",
"ABSOLUTEHEIGHT":"0",
"SIGNPT_TYPE":"Маяк NDB",
"OBJTOTEXT":"0",
"MAGVAR":"-9"} },
{"type":"Feature",
"geometry": {"type": "Point","coordinates": [124.890694444,56.910333333] },"properties":{
"id":"RTS.1525",
"STATUS":"Действующий",
"DBIDENT":"1846933",
"NAME":"DME",
"ALT_NAME":"ДМЕ",
"":"",
"LATITUDE":"565437N",
"LONGITUDE":"1245327E",
"DECLINATION":"-14",
"FREQUENCY":"0",
"ABSOLUTEHEIGHT":"0",
"SIGNPT_TYPE":"Дальномер DME",
"OBJTOTEXT":"0",
"MAGVAR":"-14"} },
{"type":"Feature",
"geometry": {"type": "Point","coordinates": [70.803333333,40.078888889] },"properties":{
"id":"RTS.1526",
"STATUS":"Действующий",
"DBIDENT":"1847026",
"NAME":"BATKEN",
"ALT_NAME":"БАТКЕН",
"DESIGNATOR":"BT",
"":"",
"LATITUDE":"400444N",
"LONGITUDE":"0704812E",
"ICAO_REG":"UC",
"DECLINATION":"5",
"FREQUENCY":"0.705",
"ABSOLUTEHEIGHT":"0",
"SIGNPT_TYPE":"Маяк NDB",
"OBJTOTEXT":"0",
"MAGVAR":"5"} },
{"type":"Feature",
"geometry": {"type": "Point","coordinates": [69.569166667,39.823333333] },"properties":{
"id":"RTS.1527",
"STATUS":"Действующий",
"DBIDENT":"1847031",
"NAME":"RAZZAKOV",
"ALT_NAME":"РАЗЗАКОВ",
"DESIGNATOR":"IF",
"":"",
"LATITUDE":"394924N",
"LONGITUDE":"0693409E",
"ICAO_REG":"UC",
"DECLINATION":"5",
"FREQUENCY":"0.375",
"ABSOLUTEHEIGHT":"0",
"SIGNPT_TYPE":"Маяк NDB",
"OBJTOTEXT":"0",
"MAGVAR":"5"} },
{"type":"Feature",
"geometry": {"type": "Point","coordinates": [71.728888889,41.479166667] },"properties":{
"id":"RTS.1528",
"STATUS":"Действующий",
"DBIDENT":"1847034",
"NAME":"KERBEN",
"ALT_NAME":"КЕРБЕН",
"DESIGNATOR":"AG",
"":"",
"LATITUDE":"412845N",
"LONGITUDE":"0714344E",
"ICAO_REG":"UC",
"DECLINATION":"5",
"FREQUENCY":"0.56",
"ABSOLUTEHEIGHT":"0",
"SIGNPT_TYPE":"Маяк NDB",
"OBJTOTEXT":"0",
"MAGVAR":"5"} },
{"type":"Feature",
"geometry": {"type": "Point","coordinates": [127.096111111,53.691666667] },"properties":{
"id":"RTS.1529",
"STATUS":"Действующий",
"DBIDENT":"1847158",
"NAME":"ZEYA",
"ALT_NAME":"ЗЕЯ",
"DESIGNATOR":"DZ",
"":"",
"LATITUDE":"534130N",
"LONGITUDE":"1270546E",
"ICAO_REG":"UH",
"":"",
"FREQUENCY":"110.6",
"ABSOLUTEHEIGHT":"294",
"SIGNPT_TYPE":"Дальномер DME",
"OBJTOTEXT":"0"} },
{"type":"Feature",
"geometry": {"type": "Point","coordinates": [118.064166667,50.032500000] },"properties":{
"id":"RTS.1530",
"STATUS":"Действующий",
"DBIDENT":"1847169",
"NAME":"KRASNOKAMENSK",
"ALT_NAME":"КРАСНОКАМЕНСК",
"DESIGNATOR":"QT",
"":"",
"LATITUDE":"500157N",
"LONGITUDE":"1180351E",
"ICAO_REG":"UI",
"DECLINATION":"-11",
"FREQUENCY":"0.935",
"ABSOLUTEHEIGHT":"0",
"SIGNPT_TYPE":"Маяк NDB",
"OBJTOTEXT":"0",
"MAGVAR":"-11"} },
{"type":"Feature",
"geometry": {"type": "Point","coordinates": [68.311388889,58.058333333] },"properties":{
"id":"RTS.1531",
"STATUS":"Действующий",
"DBIDENT":"1847292",
"NAME":"TOBOLSK Remezov",
"ALT_NAME":"ТОБОЛЬСК Ремезов",
"DESIGNATOR":"S",
"":"",
"LATITUDE":"580330N",
"LONGITUDE":"0681841E",
"ICAO_REG":"UX",
"DECLINATION":"15",
"FREQUENCY":"0.43",
"ABSOLUTEHEIGHT":"0",
"SIGNPT_TYPE":"Маяк NDB",
"OBJTOTEXT":"0",
"MAGVAR":"15"} },
{"type":"Feature",
"geometry": {"type": "Point","coordinates": [38.111666667,44.523333333] },"properties":{
"id":"RTS.1532",
"STATUS":"Действующий",
"DBIDENT":"1847323",
"NAME":"DIVNOMORSKAYA",
"ALT_NAME":"ДИВНОМОРСКАЯ",
"DESIGNATOR":"DN",
"":"",
"LATITUDE":"443124N",
"LONGITUDE":"0380642E",
"ICAO_REG":"UX",
"DECLINATION":"7",
"FREQUENCY":"0.982",
"ABSOLUTEHEIGHT":"0",
"SIGNPT_TYPE":"Маяк NDB",
"OBJTOTEXT":"0",
"MAGVAR":"7"} },
{"type":"Feature",
"geometry": {"type": "Point","coordinates": [68.754341694,38.543936111] },"properties":{
"id":"RTS.1533",
"STATUS":"Действующий",
"DBIDENT":"1847481",
"NAME":"DPRM 09",
"DESIGNATOR":"FN",
"":"",
"LATITUDE":"383238N",
"LONGITUDE":"0684516E",
"ICAO_REG":"UT",
"DECLINATION":"4",
"FREQUENCY":"372",
"ABSOLUTEHEIGHT":"776",
"SIGNPT_TYPE":"Маяк NDB",
"OBJTOTEXT":"0",
"MAGVAR":"4"} },
{"type":"Feature",
"geometry": {"type": "Point","coordinates": [68.880861111,38.543858306] },"properties":{
"id":"RTS.1534",
"STATUS":"Действующий",
"DBIDENT":"1847482",
"NAME":"DPRM 27",
"DESIGNATOR":"WG",
"":"",
"LATITUDE":"383238N",
"LONGITUDE":"0685251E",
"ICAO_REG":"UT",
"DECLINATION":"4",
"FREQUENCY":"372",
"ABSOLUTEHEIGHT":"787",
"SIGNPT_TYPE":"Маяк NDB",
"OBJTOTEXT":"0",
"MAGVAR":"4"} },
{"type":"Feature",
"geometry": {"type": "Point","coordinates": [68.853177806,38.543883306] },"properties":{
"id":"RTS.1535",
"STATUS":"Действующий",
"DBIDENT":"1847483",
"NAME":"BPRM 27",
"DESIGNATOR":"W",
"":"",
"LATITUDE":"383238N",
"LONGITUDE":"0685111E",
"ICAO_REG":"UT",
"DECLINATION":"4",
"FREQUENCY":"732",
"ABSOLUTEHEIGHT":"776",
"SIGNPT_TYPE":"Маяк NDB",
"OBJTOTEXT":"0",
"MAGVAR":"4"} },
{"type":"Feature",
"geometry": {"type": "Point","coordinates": [68.795088889,38.543755611] },"properties":{
"id":"RTS.1536",
"STATUS":"Действующий",
"DBIDENT":"1847484",
"NAME":"BPRM 09",
"DESIGNATOR":"F",
"":"",
"LATITUDE":"383238N",
"LONGITUDE":"0684742E",
"ICAO_REG":"UT",
"DECLINATION":"4",
"FREQUENCY":"732",
"ABSOLUTEHEIGHT":"774",
"SIGNPT_TYPE":"Маяк NDB",
"OBJTOTEXT":"0",
"MAGVAR":"4"} },
{"type":"Feature",
"geometry": {"type": "Point","coordinates": [118.249722222,56.903055556] },"properties":{
"id":"RTS.1537",
"STATUS":"Действующий",
"DBIDENT":"1847677",
"NAME":"CHARA",
"ALT_NAME":"ЧАРА",
"DESIGNATOR":"ZF",
"":"",
"LATITUDE":"565411N",
"LONGITUDE":"1181459E",
"ICAO_REG":"UX",
"DECLINATION":"-12",
"FREQUENCY":"0.569",
"ABSOLUTEHEIGHT":"0",
"SIGNPT_TYPE":"Маяк NDB",
"OBJTOTEXT":"0",
"MAGVAR":"-12"} },
{"type":"Feature",
"geometry": {"type": "Point","coordinates": [58.157777778,68.834166667] },"properties":{
"id":"RTS.1538",
"STATUS":"Действующий",
"DBIDENT":"1847680",
"NAME":"VERTODROME ARKTICHESKIY",
"ALT_NAME":"ВЕРТОДРОМ АРКТИЧЕСКИЙ",
"DESIGNATOR":"ГШ",
"":"",
"LATITUDE":"685003N",
"LONGITUDE":"0580928E",
"ICAO_REG":"UL",
"DECLINATION":"27",
"FREQUENCY":"0.737",
"ABSOLUTEHEIGHT":"0",
"SIGNPT_TYPE":"Маяк NDB",
"OBJTOTEXT":"0",
"MAGVAR":"27"} },
{"type":"Feature",
"geometry": {"type": "Point","coordinates": [127.432500000,50.374444444] },"properties":{
"id":"RTS.1539",
"STATUS":"Действующий",
"DBIDENT":"1847719",
"NAME":"BLAGOVESHCHENSK",
"ALT_NAME":"БЛАГОВЕЩЕНСК",
"DESIGNATOR":"LZ",
"":"",
"LATITUDE":"502228N",
"LONGITUDE":"1272557E",
"ICAO_REG":"UX",
"DECLINATION":"-13",
"FREQUENCY":"0.35",
"ABSOLUTEHEIGHT":"0",
"SIGNPT_TYPE":"Маяк NDB",
"OBJTOTEXT":"0",
"MAGVAR":"-13"} },
{"type":"Feature",
"geometry": {"type": "Point","coordinates": [55.900833333,54.540000000] },"properties":{
"id":"RTS.1540",
"STATUS":"Действующий",
"DBIDENT":"1847750",
"NAME":"UFA",
"ALT_NAME":"УФА",
"DESIGNATOR":"L",
"":"",
"LATITUDE":"543224N",
"LONGITUDE":"0555403E",
"ICAO_REG":"UX",
"DECLINATION":"13",
"FREQUENCY":"0.435",
"ABSOLUTEHEIGHT":"0",
"SIGNPT_TYPE":"Маяк NDB",
"OBJTOTEXT":"0",
"MAGVAR":"13"} },
{"type":"Feature",
"geometry": {"type": "Point","coordinates": [55.840555556,54.582222222] },"properties":{
"id":"RTS.1541",
"STATUS":"Действующий",
"DBIDENT":"1847751",
"NAME":"UFA",
"ALT_NAME":"УФА",
"DESIGNATOR":"P",
"":"",
"LATITUDE":"543456N",
"LONGITUDE":"0555026E",
"ICAO_REG":"UX",
"DECLINATION":"13",
"FREQUENCY":"0.001215",
"ABSOLUTEHEIGHT":"0",
"SIGNPT_TYPE":"Маяк NDB",
"OBJTOTEXT":"0",
"MAGVAR":"13"} },
{"type":"Feature",
"geometry": {"type": "Point","coordinates": [73.296333333,54.963888889] },"properties":{
"id":"RTS.1542",
"STATUS":"Действующий",
"DBIDENT":"1848124",
"NAME":"DME 07",
"ALT_NAME":"ДМЕ 07",
"DESIGNATOR":"IRM",
"":"",
"LATITUDE":"545750N",
"LONGITUDE":"0731747E",
"ICAO_REG":"UN",
"DECLINATION":"12",
"":"",
"FREQUENCY":"334.1",
"ABSOLUTEHEIGHT":"96",
"SIGNPT_TYPE":"Дальномер DME",
"OBJTOTEXT":"0",
"MAGVAR":"12"} },
{"type":"Feature",
"geometry": {"type": "Point","coordinates": [73.325444444,54.967916667] },"properties":{
"id":"RTS.1543",
"STATUS":"Действующий",
"DBIDENT":"1848125",
"NAME":"DME 25",
"ALT_NAME":"ДМЕ 25",
"DESIGNATOR":"ITK",
"":"",
"LATITUDE":"545804N",
"LONGITUDE":"0731932E",
"ICAO_REG":"UN",
"DECLINATION":"12",
"":"",
"FREQUENCY":"334.4",
"ABSOLUTEHEIGHT":"93",
"SIGNPT_TYPE":"Дальномер DME",
"OBJTOTEXT":"0",
"MAGVAR":"12"} },
{"type":"Feature",
"geometry": {"type": "Point","coordinates": [30.339166667,54.454166667] },"properties":{
"id":"RTS.1544",
"STATUS":"Действующий",
"DBIDENT":"1848167",
"NAME":"ORSHA",
"ALT_NAME":"ОРША",
"DESIGNATOR":"ORS",
"":"",
"LATITUDE":"542715N",
"LONGITUDE":"0302021E",
"ICAO_REG":"UM",
"FREQUENCY":"110.4",
"ABSOLUTEHEIGHT":"210",
"SIGNPT_TYPE":"Совмещённый VOR/DME",
"OBJTOTEXT":"0"} },
{"type":"Feature",
"geometry": {"type": "Point","coordinates": [57.288055556,69.265833333] },"properties":{
"id":"RTS.1545",
"STATUS":"Действующий",
"DBIDENT":"1848250",
"NAME":"MLSP PRIRAZLOMNAYA",
"ALT_NAME":"МЛСП ПРИРАЗЛОМНАЯ",
"DESIGNATOR":"PR",
"":"",
"LATITUDE":"691557N",
"LONGITUDE":"0571717E",
"ICAO_REG":"UL",
"DECLINATION":"27",
"FREQUENCY":"0.514",
"ABSOLUTEHEIGHT":"0",
"SIGNPT_TYPE":"Маяк NDB",
"OBJTOTEXT":"0",
"MAGVAR":"27"} },
{"type":"Feature",
"geometry": {"type": "Point","coordinates": [55.886666667,54.534444444] },"properties":{
"id":"RTS.1546",
"STATUS":"Действующий",
"DBIDENT":"1848287",
"NAME":"UFA",
"ALT_NAME":"УФА",
"DESIGNATOR":"N",
"":"",
"LATITUDE":"543204N",
"LONGITUDE":"0555312E",
"ICAO_REG":"UX",
"DECLINATION":"13",
"FREQUENCY":"0.001215",
"ABSOLUTEHEIGHT":"0",
"SIGNPT_TYPE":"Маяк NDB",
"OBJTOTEXT":"0",
"MAGVAR":"13"} },
{"type":"Feature",
"geometry": {"type": "Point","coordinates": [45.728333333,43.389444444] },"properties":{
"id":"RTS.1547",
"STATUS":"Действующий",
"DBIDENT":"1848895",
"NAME":"GROZNY Severny",
"ALT_NAME":"Грозный (Северный)",
"DESIGNATOR":"WK",
"":"",
"LATITUDE":"432322N",
"LONGITUDE":"0454342E",
"ICAO_REG":"UR",
"DECLINATION":"7",
"FREQUENCY":"0.408",
"ABSOLUTEHEIGHT":"0",
"SIGNPT_TYPE":"Маяк NDB",
"OBJTOTEXT":"0",
"MAGVAR":"7"} },
{"type":"Feature",
"geometry": {"type": "Point","coordinates": [39.960833333,43.454722222] },"properties":{
"id":"RTS.1548",
"STATUS":"Действующий",
"DBIDENT":"1849081",
"NAME":"SOCHI",
"ALT_NAME":"СОЧИ",
"DESIGNATOR":"AD",
"":"",
"LATITUDE":"432717N",
"LONGITUDE":"0395739E",
"ICAO_REG":"UX",
"DECLINATION":"7",
"FREQUENCY":"0.365",
"ABSOLUTEHEIGHT":"0",
"SIGNPT_TYPE":"Маяк NDB",
"OBJTOTEXT":"0",
"MAGVAR":"7"} },
{"type":"Feature",
"geometry": {"type": "Point","coordinates": [44.269444444,46.379722222] },"properties":{
"id":"RTS.1549",
"STATUS":"Действующий",
"DBIDENT":"1849148",
"NAME":"ELISTA",
"ALT_NAME":"ЭЛИСТА",
"DESIGNATOR":"SA",
"":"",
"LATITUDE":"462247N",
"LONGITUDE":"0441610E",
"ICAO_REG":"UR",
"DECLINATION":"8",
"FREQUENCY":"0.311",
"ABSOLUTEHEIGHT":"0",
"SIGNPT_TYPE":"Маяк NDB",
"OBJTOTEXT":"0",
"MAGVAR":"8"} },
{"type":"Feature",
"geometry": {"type": "Point","coordinates": [39.161666667,45.020000000] },"properties":{
"id":"RTS.1550",
"STATUS":"Действующий",
"DBIDENT":"1849224",
"NAME":"KRASNODAR Pashkovskiy",
"ALT_NAME":"КРАСНОДАР Пашковский",
"DESIGNATOR":"KR",
"":"",
"LATITUDE":"450112N",
"LONGITUDE":"0390942E",
"ICAO_REG":"UR",
"DECLINATION":"8",
"FREQUENCY":"0.377",
"ABSOLUTEHEIGHT":"0",
"SIGNPT_TYPE":"Маяк NDB",
"OBJTOTEXT":"0",
"MAGVAR":"8"} },
{"type":"Feature",
"geometry": {"type": "Point","coordinates": [28.020555556,53.884444444] },"properties":{
"id":"RTS.1551",
"STATUS":"Действующий",
"DBIDENT":"1849321",
"NAME":"MINSK-2",
"ALT_NAME":"МИНСК-2",
"DESIGNATOR":"MNS",
"":"",
"LATITUDE":"535304N",
"LONGITUDE":"0280114E",
"ICAO_REG":"UM",
"DECLINATION":"9",
"FREQUENCY":"113.6",
"ABSOLUTEHEIGHT":"210",
"SIGNPT_TYPE":"Совмещённый VOR/DME",
"OBJTOTEXT":"0",
"MAGVAR":"9"} },
{"type":"Feature",
"geometry": {"type": "Point","coordinates": [130.434166667,56.228611111] },"properties":{
"id":"RTS.1552",
"STATUS":"Действующий",
"DBIDENT":"1850003",
"NAME":"ELGA",
"ALT_NAME":"ЭЛЬГА",
"DESIGNATOR":"BW",
"":"",
"LATITUDE":"561343N",
"LONGITUDE":"1302603E",
"ICAO_REG":"UE",
"DECLINATION":"-15",
"":"",
"FREQUENCY":"112.25",
"ABSOLUTEHEIGHT":"840",
"SIGNPT_TYPE":"Дальномер DME",
"OBJTOTEXT":"0",
"MAGVAR":"-15"} },
{"type":"Feature",
"geometry": {"type": "Point","coordinates": [130.433888889,56.228055556] },"properties":{
"id":"RTS.1553",
"STATUS":"Действующий",
"DBIDENT":"1850004",
"NAME":"ELGA",
"ALT_NAME":"ЭЛЬГА",
"DESIGNATOR":"AR",
"":"",
"LATITUDE":"561341N",
"LONGITUDE":"1302602E",
"ICAO_REG":"UE",
"DECLINATION":"-15",
"FREQUENCY":"0.483",
"ABSOLUTEHEIGHT":"0",
"SIGNPT_TYPE":"Маяк NDB",
"OBJTOTEXT":"0",
"MAGVAR":"-15"} },
{"type":"Feature",
"geometry": {"type": "Point","coordinates": [35.026388889,48.357222222] },"properties":{
"id":"RTS.1554",
"STATUS":"Действующий",
"DBIDENT":"1850063",
"NAME":"DNEPR",
"DESIGNATOR":"DP",
"":"",
"LATITUDE":"482126N",
"LONGITUDE":"0350135E",
"ICAO_REG":"UK",
"DECLINATION":"9",
"FREQUENCY":"0.335",
"ABSOLUTEHEIGHT":"0",
"SIGNPT_TYPE":"Маяк NDB",
"OBJTOTEXT":"0",
"MAGVAR":"9"} },
{"type":"Feature",
"geometry": {"type": "Point","coordinates": [35.175000000,48.357500000] },"properties":{
"id":"RTS.1555",
"STATUS":"Действующий",
"DBIDENT":"1850064",
"NAME":"DNEPR",
"DESIGNATOR":"DR",
"":"",
"LATITUDE":"482127N",
"LONGITUDE":"0351030E",
"ICAO_REG":"UK",
"DECLINATION":"9",
"FREQUENCY":"0.335",
"ABSOLUTEHEIGHT":"0",
"SIGNPT_TYPE":"Маяк NDB",
"OBJTOTEXT":"0",
"MAGVAR":"9"} },
{"type":"Feature",
"geometry": {"type": "Point","coordinates": [26.172777778,50.596944444] },"properties":{
"id":"RTS.1556",
"STATUS":"Действующий",
"DBIDENT":"1850151",
"NAME":"RIVNE",
"DESIGNATOR":"RD",
"":"",
"LATITUDE":"503549N",
"LONGITUDE":"0261022E",
"ICAO_REG":"UK",
"DECLINATION":"8",
"FREQUENCY":"0.678",
"ABSOLUTEHEIGHT":"0",
"SIGNPT_TYPE":"Маяк NDB",
"OBJTOTEXT":"0",
"MAGVAR":"8"} },
{"type":"Feature",
"geometry": {"type": "Point","coordinates": [53.425000000,46.290000000] },"properties":{
"id":"RTS.1557",
"STATUS":"Действующий",
"DBIDENT":"1850167",
"NAME":"TENGIZ",
"DESIGNATOR":"TGZ",
"":"",
"LATITUDE":"461724N",
"LONGITUDE":"0532530E",
"ICAO_REG":"WRL",
"DECLINATION":"9",
"FREQUENCY":"113.9",
"ABSOLUTEHEIGHT":"0",
"SIGNPT_TYPE":"Совмещённый VOR/DME",
"OBJTOTEXT":"0",
"MAGVAR":"9"} },
{"type":"Feature",
"geometry": {"type": "Point","coordinates": [24.692222222,54.675277778] },"properties":{
"id":"RTS.1558",
"STATUS":"Действующий",
"DBIDENT":"1850224",
"NAME":"VILNIUS",
"DESIGNATOR":"SML",
"":"",
"LATITUDE":"544031N",
"LONGITUDE":"0244132E",
"ICAO_REG":"EY",
"":"",
"FREQUENCY":"112.5",
"ABSOLUTEHEIGHT":"240",
"SIGNPT_TYPE":"Дальномер DME",
"OBJTOTEXT":"0"} },
{"type":"Feature",
"geometry": {"type": "Point","coordinates": [24.803611111,54.350833333] },"properties":{
"id":"RTS.1559",
"STATUS":"Действующий",
"DBIDENT":"1850225",
"NAME":"VILNIUS",
"DESIGNATOR":"VLK",
"":"",
"LATITUDE":"542103N",
"LONGITUDE":"0244813E",
"ICAO_REG":"EY",
"":"",
"FREQUENCY":"116.7",
"ABSOLUTEHEIGHT":"210",
"SIGNPT_TYPE":"Дальномер DME",
"OBJTOTEXT":"0"} },
{"type":"Feature",
"geometry": {"type": "Point","coordinates": [68.406111111,40.014166667] },"properties":{
"id":"RTS.1560",
"STATUS":"Действующий",
"DBIDENT":"1850228",
"NAME":"ZAAMIN",
"DESIGNATOR":"ZMN",
"":"",
"LATITUDE":"400051N",
"LONGITUDE":"0682422E",
"ICAO_REG":"UT",
"FREQUENCY":"116.5",
"ABSOLUTEHEIGHT":"0",
"SIGNPT_TYPE":"Совмещённый VOR/DME",
"OBJTOTEXT":"0"} },
{"type":"Feature",
"geometry": {"type": "Point","coordinates": [48.957777778,44.913333333] },"properties":{
"id":"RTS.1561",
"STATUS":"Действующий",
"DBIDENT":"1850503",
"NAME":"MLSP IM.YU.KORCHAGINA",
"ALT_NAME":"МЛСП ИМ. Ю. КОРЧАГИНА",
"DESIGNATOR":"AE",
"":"",
"LATITUDE":"445448N",
"LONGITUDE":"0485728E",
"ICAO_REG":"UR",
"DECLINATION":"8",
"FREQUENCY":"0.323",
"ABSOLUTEHEIGHT":"0",
"SIGNPT_TYPE":"Маяк NDB",
"OBJTOTEXT":"0",
"MAGVAR":"8"} },
{"type":"Feature",
"geometry": {"type": "Point","coordinates": [52.440000000,53.616388889] },"properties":{
"id":"RTS.1562",
"STATUS":"Действующий",
"DBIDENT":"1850504",
"NAME":"BUGURUSLAN Glavniy",
"ALT_NAME":"БУГУРУСЛАН Главный",
"DESIGNATOR":"AQ",
"":"",
"LATITUDE":"533659N",
"LONGITUDE":"0522624E",
"ICAO_REG":"UW",
"DECLINATION":"13",
"FREQUENCY":"0.22",
"ABSOLUTEHEIGHT":"0",
"SIGNPT_TYPE":"Маяк NDB",
"OBJTOTEXT":"0",
"MAGVAR":"13"} },
{"type":"Feature",
"geometry": {"type": "Point","coordinates": [48.422500000,45.031666667] },"properties":{
"id":"RTS.1563",
"STATUS":"Действующий",
"DBIDENT":"1850507",
"NAME":"BK MESTOROZHDENIYA IM.V.FILANOVSKOGO",
"ALT_NAME":"БК МЕСТОРОЖДЕНИЯ ИМ. В. ФИЛАНОВСКОГО",
"DESIGNATOR":"BM",
"":"",
"LATITUDE":"450154N",
"LONGITUDE":"0482521E",
"ICAO_REG":"UR",
"DECLINATION":"8",
"FREQUENCY":"0.327",
"ABSOLUTEHEIGHT":"0",
"SIGNPT_TYPE":"Маяк NDB",
"OBJTOTEXT":"0",
"MAGVAR":"8"} },
{"type":"Feature",
"geometry": {"type": "Point","coordinates": [88.369722222,69.393611111] },"properties":{
"id":"RTS.1564",
"STATUS":"Действующий",
"DBIDENT":"1850509",
"NAME":"VALEK",
"ALT_NAME":"ВАЛЕК",
"DESIGNATOR":"FF",
"":"",
"LATITUDE":"692337N",
"LONGITUDE":"0882211E",
"ICAO_REG":"UO",
"DECLINATION":"17",
"FREQUENCY":"0.51",
"ABSOLUTEHEIGHT":"0",
"SIGNPT_TYPE":"Маяк NDB",
"OBJTOTEXT":"0",
"MAGVAR":"17"} },
{"type":"Feature",
"geometry": {"type": "Point","coordinates": [60.086388889,66.044722222] },"properties":{
"id":"RTS.1565",
"STATUS":"Действующий",
"DBIDENT":"1850515",
"NAME":"INTA",
"ALT_NAME":"ИНТА",
"DESIGNATOR":"G",
"":"",
"LATITUDE":"660241N",
"LONGITUDE":"0600511E",
"ICAO_REG":"UU",
"DECLINATION":"24",
"FREQUENCY":"0.73",
"ABSOLUTEHEIGHT":"0",
"SIGNPT_TYPE":"Маяк NDB",
"OBJTOTEXT":"0",
"MAGVAR":"24"} },
{"type":"Feature",
"geometry": {"type": "Point","coordinates": [48.552500000,44.994722222] },"properties":{
"id":"RTS.1566",
"STATUS":"Действующий",
"DBIDENT":"1850516",
"NAME":"MLSK-2 MESTOROZHDENIYA IM.V.FILANOVSKOGO",
"ALT_NAME":"МЛСК-2 МЕСТОРОЖДЕНИЯ ИМ. В. ФИЛАНОВСКОГО",
"DESIGNATOR":"K",
"":"",
"LATITUDE":"445941N",
"LONGITUDE":"0483309E",
"ICAO_REG":"UR",
"DECLINATION":"8",
"FREQUENCY":"0.331",
"ABSOLUTEHEIGHT":"0",
"SIGNPT_TYPE":"Маяк NDB",
"OBJTOTEXT":"0",
"MAGVAR":"8"} },
{"type":"Feature",
"geometry": {"type": "Point","coordinates": [169.571111111,66.903611111] },"properties":{
"id":"RTS.1567",
"STATUS":"Действующий",
"DBIDENT":"1850517",
"NAME":"KUPOL",
"ALT_NAME":"КУПОЛ",
"DESIGNATOR":"KL",
"":"",
"LATITUDE":"665413N",
"LONGITUDE":"1693416E",
"ICAO_REG":"UH",
"DECLINATION":"-5",
"FREQUENCY":"0.76",
"ABSOLUTEHEIGHT":"0",
"SIGNPT_TYPE":"Маяк NDB",
"OBJTOTEXT":"0",
"MAGVAR":"-5"} },
{"type":"Feature",
"geometry": {"type": "Point","coordinates": [48.477777778,45.001944444] },"properties":{
"id":"RTS.1568",
"STATUS":"Действующий",
"DBIDENT":"1850518",
"NAME":"MLSK IM.V.FILANOVSKOGO",
"ALT_NAME":"МЛСК ИМ. В. ФИЛАНОВСКОГО",
"DESIGNATOR":"KM",
"":"",
"LATITUDE":"450007N",
"LONGITUDE":"0482840E",
"ICAO_REG":"UR",
"DECLINATION":"8",
"FREQUENCY":"0.331",
"ABSOLUTEHEIGHT":"0",
"SIGNPT_TYPE":"Маяк NDB",
"OBJTOTEXT":"0",
"MAGVAR":"8"} },
{"type":"Feature",
"geometry": {"type": "Point","coordinates": [49.055555556,44.898611111] },"properties":{
"id":"RTS.1569",
"STATUS":"Действующий",
"DBIDENT":"1850519",
"NAME":"BK MESTOROZHDENIYA IM.YU.KORCHAGINA",
"ALT_NAME":"БК МЕСТОРОЖДЕНИЯ ИМ. Ю. КОРЧАГИНА",
"DESIGNATOR":"KO",
"":"",
"LATITUDE":"445355N",
"LONGITUDE":"0490320E",
"ICAO_REG":"UR",
"DECLINATION":"8",
"FREQUENCY":"0.318",
"ABSOLUTEHEIGHT":"0",
"SIGNPT_TYPE":"Маяк NDB",
"OBJTOTEXT":"0",
"MAGVAR":"8"} },
{"type":"Feature",
"geometry": {"type": "Point","coordinates": [143.660833333,51.415000000] },"properties":{
"id":"RTS.1570",
"STATUS":"Действующий",
"DBIDENT":"1850520",
"NAME":"LUNSKOE-A",
"ALT_NAME":"ЛУНСКОЕ-А",
"DESIGNATOR":"LN",
"":"",
"LATITUDE":"512454N",
"LONGITUDE":"1433939E",
"ICAO_REG":"UH",
"DECLINATION":"-12",
"FREQUENCY":"0.409",
"ABSOLUTEHEIGHT":"0",
"SIGNPT_TYPE":"Маяк NDB",
"OBJTOTEXT":"0",
"MAGVAR":"-12"} },
{"type":"Feature",
"geometry": {"type": "Point","coordinates": [92.075000000,53.388333333] },"properties":{
"id":"RTS.1571",
"STATUS":"Действующий",
"DBIDENT":"1850522",
"NAME":"SHUSHENSKOYE",
"ALT_NAME":"ШУШЕНСКОЕ",
"DESIGNATOR":"LU",
"":"",
"LATITUDE":"532318N",
"LONGITUDE":"0920430E",
"ICAO_REG":"UN",
"DECLINATION":"2",
"FREQUENCY":"0.001065",
"ABSOLUTEHEIGHT":"0",
"SIGNPT_TYPE":"Маяк NDB",
"OBJTOTEXT":"0",
"MAGVAR":"2"} },
{"type":"Feature",
"geometry": {"type": "Point","coordinates": [101.803888889,79.285277778] },"properties":{
"id":"RTS.1572",
"STATUS":"Действующий",
"DBIDENT":"1850523",
"NAME":"MYS BARANOVA",
"ALT_NAME":"МЫС БАРАНОВА",
"DESIGNATOR":"MB",
"":"",
"LATITUDE":"791707N",
"LONGITUDE":"1014814E",
"ICAO_REG":"UN",
"DECLINATION":"26",
"FREQUENCY":"0.468",
"ABSOLUTEHEIGHT":"0",
"SIGNPT_TYPE":"Маяк NDB",
"OBJTOTEXT":"0",
"MAGVAR":"26"} },
{"type":"Feature",
"geometry": {"type": "Point","coordinates": [78.455000000,65.977777778] },"properties":{
"id":"RTS.1573",
"STATUS":"Действующий",
"DBIDENT":"1850524",
"NAME":"URENGOY",
"ALT_NAME":"УРЕНГОЙ",
"DESIGNATOR":"O",
"":"",
"LATITUDE":"655840N",
"LONGITUDE":"0782718E",
"ICAO_REG":"US",
"DECLINATION":"20",
"FREQUENCY":"0.473",
"ABSOLUTEHEIGHT":"0",
"SIGNPT_TYPE":"Маяк NDB",
"OBJTOTEXT":"0",
"MAGVAR":"20"} },
{"type":"Feature",
"geometry": {"type": "Point","coordinates": [48.546944444,45.063888889] },"properties":{
"id":"RTS.1574",
"STATUS":"Действующий",
"DBIDENT":"1850525",
"NAME":"MLSK MESTOROZHDENIYA IM.V.I. GRAYFERA",
"ALT_NAME":"МЛСК МЕСТОРОЖДЕНИЕ ИМ. В. И. ГРАЙФЕРА",
"DESIGNATOR":"PG",
"":"",
"LATITUDE":"450350N",
"LONGITUDE":"0483249E",
"ICAO_REG":"UR",
"DECLINATION":"8",
"FREQUENCY":"0.392",
"ABSOLUTEHEIGHT":"0",
"SIGNPT_TYPE":"Маяк NDB",
"OBJTOTEXT":"0",
"MAGVAR":"8"} },
{"type":"Feature",
"geometry": {"type": "Point","coordinates": [20.245833333,54.951666667] },"properties":{
"id":"RTS.1575",
"STATUS":"Действующий",
"DBIDENT":"1850526",
"NAME":"GK YANTAR",
"ALT_NAME":"ГК ЯНТАРЬ",
"DESIGNATOR":"PN",
"":"",
"LATITUDE":"545706N",
"LONGITUDE":"0201445E",
"ICAO_REG":"UM1",
"DECLINATION":"7",
"FREQUENCY":"0.43",
"ABSOLUTEHEIGHT":"0",
"SIGNPT_TYPE":"Маяк NDB",
"OBJTOTEXT":"0",
"MAGVAR":"7"} },
{"type":"Feature",
"geometry": {"type": "Point","coordinates": [143.496944444,52.932777778] },"properties":{
"id":"RTS.1576",
"STATUS":"Действующий",
"DBIDENT":"1850527",
"NAME":"PILTUN-B",
"ALT_NAME":"ПИЛЬТУН-Б",
"DESIGNATOR":"PL",
"":"",
"LATITUDE":"525558N",
"LONGITUDE":"1432949E",
"ICAO_REG":"UH",
"DECLINATION":"-12",
"FREQUENCY":"0.397",
"ABSOLUTEHEIGHT":"0",
"SIGNPT_TYPE":"Маяк NDB",
"OBJTOTEXT":"0",
"MAGVAR":"-12"} },
{"type":"Feature",
"geometry": {"type": "Point","coordinates": [47.220555556,50.968333333] },"properties":{
"id":"RTS.1577",
"STATUS":"Действующий",
"DBIDENT":"1850528",
"NAME":"YAMSKOYE",
"ALT_NAME":"ЯМСКОЕ",
"DESIGNATOR":"IAY",
"":"",
"LATITUDE":"505806N",
"LONGITUDE":"0471314E",
"ICAO_REG":"UW",
"DECLINATION":"11",
"FREQUENCY":"0.001245",
"ABSOLUTEHEIGHT":"0",
"SIGNPT_TYPE":"Маяк NDB",
"OBJTOTEXT":"0",
"MAGVAR":"11"} },
{"type":"Feature",
"geometry": {"type": "Point","coordinates": [38.346944444,44.402777778] },"properties":{
"id":"RTS.1578",
"STATUS":"Действующий",
"DBIDENT":"1850529",
"NAME":"RODNIK",
"ALT_NAME":"РОДНИК",
"DESIGNATOR":"RA",
"":"",
"LATITUDE":"442410N",
"LONGITUDE":"0382049E",
"ICAO_REG":"UR",
"DECLINATION":"7",
"FREQUENCY":"0.403",
"ABSOLUTEHEIGHT":"0",
"SIGNPT_TYPE":"Маяк NDB",
"OBJTOTEXT":"0",
"MAGVAR":"7"} },
{"type":"Feature",
"geometry": {"type": "Point","coordinates": [80.428611111,73.519722222] },"properties":{
"id":"RTS.1579",
"STATUS":"Действующий",
"DBIDENT":"1850530",
"NAME":"DIKSON",
"ALT_NAME":"ДИКСОН",
"DESIGNATOR":"SU",
"":"",
"LATITUDE":"733111N",
"LONGITUDE":"0802543E",
"ICAO_REG":"UO",
"DECLINATION":"30",
"FREQUENCY":"0.83",
"ABSOLUTEHEIGHT":"0",
"SIGNPT_TYPE":"Маяк NDB",
"OBJTOTEXT":"0",
"MAGVAR":"30"} },
{"type":"Feature",
"geometry": {"type": "Point","coordinates": [41.001111111,57.811944444] },"properties":{
"id":"RTS.1580",
"STATUS":"Действующий",
"DBIDENT":"1850531",
"NAME":"KOSTROMA Sokerkino",
"ALT_NAME":"КОСТРОМА Сокеркино",
"DESIGNATOR":"T",
"":"",
"LATITUDE":"574843N",
"LONGITUDE":"0410004E",
"ICAO_REG":"UU",
"FREQUENCY":"0.486",
"ABSOLUTEHEIGHT":"0",
"SIGNPT_TYPE":"Маяк NDB",
"OBJTOTEXT":"0"} },
{"type":"Feature",
"geometry": {"type": "Point","coordinates": [40.973333333,57.834166667] },"properties":{
"id":"RTS.1581",
"STATUS":"Действующий",
"DBIDENT":"1850532",
"NAME":"KOSTROMA Sokerkino",
"ALT_NAME":"КОСТРОМА Сокеркино",
"DESIGNATOR":"TR",
"":"",
"LATITUDE":"575003N",
"LONGITUDE":"0405824E",
"ICAO_REG":"UU",
"DECLINATION":"14",
"FREQUENCY":"0.985",
"ABSOLUTEHEIGHT":"0",
"SIGNPT_TYPE":"Маяк NDB",
"OBJTOTEXT":"0",
"MAGVAR":"14"} },
{"type":"Feature",
"geometry": {"type": "Point","coordinates": [139.771944444,69.390555556] },"properties":{
"id":"RTS.1582",
"STATUS":"Действующий",
"DBIDENT":"1850538",
"NAME":"DEPUTATSKIY",
"ALT_NAME":"ДЕПУТАТСКИЙ",
"DESIGNATOR":"LW",
"":"",
"LATITUDE":"692326N",
"LONGITUDE":"1394619E",
"ICAO_REG":"UX",
"DECLINATION":"-18",
"FREQUENCY":"0.475",
"ABSOLUTEHEIGHT":"0",
"SIGNPT_TYPE":"Маяк NDB",
"OBJTOTEXT":"0",
"MAGVAR":"-18"} },
{"type":"Feature",
"geometry": {"type": "Point","coordinates": [44.342222222,48.779444444] },"properties":{
"id":"RTS.1583",
"STATUS":"Действующий",
"DBIDENT":"1850667",
"NAME":"VOLGOGRAD Gumrak",
"ALT_NAME":"ВОЛГОГРАД Гумрак",
"DESIGNATOR":"WG",
"":"",
"LATITUDE":"484646N",
"LONGITUDE":"0442032E",
"ICAO_REG":"UR",
"DECLINATION":"10",
"FREQUENCY":"0.876",
"ABSOLUTEHEIGHT":"0",
"SIGNPT_TYPE":"Маяк NDB",
"OBJTOTEXT":"0",
"MAGVAR":"10"} },
{"type":"Feature",
"geometry": {"type": "Point","coordinates": [59.035277778,43.752222222] },"properties":{
"id":"RTS.1584",
"STATUS":"Действующий",
"DBIDENT":"1850888",
"NAME":"MUYNAK",
"ALT_NAME":"МУЙНАК",
"DESIGNATOR":"MNK",
"":"",
"LATITUDE":"434508N",
"LONGITUDE":"0590207E",
"ICAO_REG":"UT",
"DECLINATION":"7",
"FREQUENCY":"114.6",
"ABSOLUTEHEIGHT":"60",
"SIGNPT_TYPE":"Совмещённый VOR/DME",
"OBJTOTEXT":"0",
"MAGVAR":"7"} },
{"type":"Feature",
"geometry": {"type": "Point","coordinates": [69.363055556,41.308333333] },"properties":{
"id":"RTS.1585",
"STATUS":"Действующий",
"DBIDENT":"1850889",
"NAME":"TASHKENT",
"ALT_NAME":"ТАШКЕНТ",
"DESIGNATOR":"TVS",
"":"",
"LATITUDE":"411830N",
"LONGITUDE":"0692147E",
"ICAO_REG":"UT",
"DECLINATION":"6",
"FREQUENCY":"112.7",
"ABSOLUTEHEIGHT":"490",
"SIGNPT_TYPE":"Совмещённый VOR/DME",
"OBJTOTEXT":"0",
"MAGVAR":"6"} },
{"type":"Feature",
"geometry": {"type": "Point","coordinates": [89.174444444,55.455833333] },"properties":{
"id":"RTS.1586",
"STATUS":"Действующий",
"DBIDENT":"1851448",
"NAME":"SHARYPOVO",
"ALT_NAME":"ШАРЫПОВО",
"DESIGNATOR":"YR",
"":"",
"LATITUDE":"552721N",
"LONGITUDE":"0891028E",
"ICAO_REG":"UX",
"DECLINATION":"5",
"FREQUENCY":"0.535",
"ABSOLUTEHEIGHT":"0",
"SIGNPT_TYPE":"Маяк NDB",
"OBJTOTEXT":"0",
"MAGVAR":"5"} },
{"type":"Feature",
"geometry": {"type": "Point","coordinates": [38.013888889,44.575000000] },"properties":{
"id":"RTS.1587",
"STATUS":"Действующий",
"DBIDENT":"1851957",
"NAME":"GELENDZHIK",
"ALT_NAME":"ГЕЛЕНДЖИК",
"DESIGNATOR":"GN",
"":"",
"LATITUDE":"443430N",
"LONGITUDE":"0380050E",
"ICAO_REG":"UR",
"DECLINATION":"8",
"FREQUENCY":"0.001",
"ABSOLUTEHEIGHT":"0",
"SIGNPT_TYPE":"Маяк NDB",
"OBJTOTEXT":"0",
"MAGVAR":"8"} },
{"type":"Feature",
"geometry": {"type": "Point","coordinates": [76.507777778,58.589444444] },"properties":{
"id":"RTS.1588",
"STATUS":"Действующий",
"DBIDENT":"1852176",
"NAME":"NOVY VASYUGAN",
"ALT_NAME":"НОВЫЙ ВАСЮГАН",
"DESIGNATOR":"XV",
"":"",
"LATITUDE":"583522N",
"LONGITUDE":"0763028E",
"ICAO_REG":"UX",
"DECLINATION":"13",
"FREQUENCY":"0.35",
"ABSOLUTEHEIGHT":"0",
"SIGNPT_TYPE":"Маяк NDB",
"OBJTOTEXT":"0",
"MAGVAR":"13"} },
{"type":"Feature",
"geometry": {"type": "Point","coordinates": [21.243611111,55.715555556] },"properties":{
"id":"RTS.1589",
"STATUS":"Действующий",
"DBIDENT":"1853068",
"NAME":"KLAIPEDA",
"ALT_NAME":"КЛАЙПЕДА",
"DESIGNATOR":"KLP",
"":"",
"LATITUDE":"554256N",
"LONGITUDE":"0211437E",
"ICAO_REG":"EY",
"DECLINATION":"6",
"FREQUENCY":"115",
"ABSOLUTEHEIGHT":"30",
"SIGNPT_TYPE":"Совмещённый VOR/DME",
"OBJTOTEXT":"0",
"MAGVAR":"6"} },
{"type":"Feature",
"geometry": {"type": "Point","coordinates": [33.797222222,44.395833333] },"properties":{
"id":"RTS.1590",
"STATUS":"Действующий",
"DBIDENT":"1853245",
"NAME":"TERLECKAYA",
"ALT_NAME":"ТЕРЛЕЦКАЯ",
"DESIGNATOR":"TL",
"":"",
"LATITUDE":"442345N",
"LONGITUDE":"0334750E",
"ICAO_REG":"UX",
"DECLINATION":"7",
"FREQUENCY":"0.593",
"ABSOLUTEHEIGHT":"0",
"SIGNPT_TYPE":"Маяк NDB",
"OBJTOTEXT":"0",
"MAGVAR":"7"} },
{"type":"Feature",
"geometry": {"type": "Point","coordinates": [42.125555556,45.110000000] },"properties":{
"id":"RTS.1591",
"STATUS":"Действующий",
"DBIDENT":"1853497",
"NAME":"STAVROPOL Shpakovskoye",
"ALT_NAME":"СТАВРОПОЛЬ Шпаковское",
"DESIGNATOR":"IKT",
"":"",
"LATITUDE":"450636N",
"LONGITUDE":"0420732E",
"ICAO_REG":"UR",
"DECLINATION":"8",
"":"",
"FREQUENCY":"0",
"ABSOLUTEHEIGHT":"460",
"SIGNPT_TYPE":"Дальномер DME",
"OBJTOTEXT":"0",
"MAGVAR":"8"} },
{"type":"Feature",
"geometry": {"type": "Point","coordinates": [48.220000000,30.370555556] },"properties":{
"id":"RTS.1592",
"STATUS":"Действующий",
"DBIDENT":"1853678",
"NAME":"ABADAN",
"DESIGNATOR":"ABD",
"":"",
"LATITUDE":"302214N",
"LONGITUDE":"0481312E",
"ICAO_REG":"OI",
"DECLINATION":"4",
"FREQUENCY":"0.21",
"ABSOLUTEHEIGHT":"0",
"SIGNPT_TYPE":"Маяк NDB",
"OBJTOTEXT":"0",
"MAGVAR":"4"} },
{"type":"Feature",
"geometry": {"type": "Point","coordinates": [48.407777778,32.428333333] },"properties":{
"id":"RTS.1593",
"STATUS":"Действующий",
"DBIDENT":"1853683",
"NAME":"DEZFUL",
"DESIGNATOR":"DZF",
"":"",
"LATITUDE":"322542N",
"LONGITUDE":"0482428E",
"ICAO_REG":"OI",
"DECLINATION":"4",
"FREQUENCY":"112.5",
"ABSOLUTEHEIGHT":"0",
"SIGNPT_TYPE":"Совмещённый VOR/DME",
"OBJTOTEXT":"0",
"MAGVAR":"4"} },
{"type":"Feature",
"geometry": {"type": "Point","coordinates": [49.684166667,30.741388889] },"properties":{
"id":"RTS.1594",
"STATUS":"Действующий",
"DBIDENT":"1853687",
"NAME":"AGHAJARI",
"DESIGNATOR":"AJ",
"":"",
"LATITUDE":"304429N",
"LONGITUDE":"0494103E",
"ICAO_REG":"OI",
"DECLINATION":"4",
"FREQUENCY":"0.365",
"ABSOLUTEHEIGHT":"0",
"SIGNPT_TYPE":"Маяк NDB",
"OBJTOTEXT":"0",
"MAGVAR":"4"} },
{"type":"Feature",
"geometry": {"type": "Point","coordinates": [50.870555556,30.312222222] },"properties":{
"id":"RTS.1595",
"STATUS":"Действующий",
"DBIDENT":"1853688",
"NAME":"GACHSARAN",
"DESIGNATOR":"GSN",
"":"",
"LATITUDE":"301844N",
"LONGITUDE":"0505214E",
"ICAO_REG":"OI",
"DECLINATION":"4",
"FREQUENCY":"0.245",
"ABSOLUTEHEIGHT":"0",
"SIGNPT_TYPE":"Маяк NDB",
"OBJTOTEXT":"0",
"MAGVAR":"4"} },
{"type":"Feature",
"geometry": {"type": "Point","coordinates": [50.847500000,30.328055556] },"properties":{
"id":"RTS.1596",
"STATUS":"Действующий",
"DBIDENT":"1853689",
"NAME":"GACHSARAN",
"DESIGNATOR":"GSN",
"":"",
"LATITUDE":"301941N",
"LONGITUDE":"0505051E",
"ICAO_REG":"OI",
"DECLINATION":"4",
"FREQUENCY":"114.35",
"ABSOLUTEHEIGHT":"740",
"SIGNPT_TYPE":"Совмещённый VOR/DME",
"OBJTOTEXT":"0",
"MAGVAR":"4"} },
{"type":"Feature",
"geometry": {"type": "Point","coordinates": [48.744722222,31.344166667] },"properties":{
"id":"RTS.1597",
"STATUS":"Действующий",
"DBIDENT":"1853701",
"NAME":"AHWAZ",
"DESIGNATOR":"AWZ",
"":"",
"LATITUDE":"312039N",
"LONGITUDE":"0484441E",
"ICAO_REG":"OI",
"DECLINATION":"4",
"FREQUENCY":"0.415",
"ABSOLUTEHEIGHT":"0",
"SIGNPT_TYPE":"Маяк NDB",
"OBJTOTEXT":"0",
"MAGVAR":"4"} },
{"type":"Feature",
"geometry": {"type": "Point","coordinates": [55.023055556,25.878055556] },"properties":{
"id":"RTS.1598",
"STATUS":"Действующий",
"DBIDENT":"1853702",
"NAME":"ABUMUSA ISLAND",
"ALT_NAME":"ОСТРОВ АБУМУСА",
"DESIGNATOR":"ABM",
"":"",
"LATITUDE":"255241N",
"LONGITUDE":"0550123E",
"ICAO_REG":"OI",
"":"",
"FREQUENCY":"115.4",
"ABSOLUTEHEIGHT":"10",
"SIGNPT_TYPE":"Дальномер DME",
"OBJTOTEXT":"0"} },
{"type":"Feature",
"geometry": {"type": "Point","coordinates": [50.822777778,28.962222222] },"properties":{
"id":"RTS.1599",
"STATUS":"Действующий",
"DBIDENT":"1853707",
"NAME":"BUSHEHR",
"DESIGNATOR":"BUZ",
"":"",
"LATITUDE":"285744N",
"LONGITUDE":"0504922E",
"ICAO_REG":"OI",
"DECLINATION":"3",
"FREQUENCY":"0.341",
"ABSOLUTEHEIGHT":"0",
"SIGNPT_TYPE":"Маяк NDB",
"OBJTOTEXT":"0",
"MAGVAR":"3"} },
{"type":"Feature",
"geometry": {"type": "Point","coordinates": [50.267222222,29.843888889] },"properties":{
"id":"RTS.1600",
"STATUS":"Действующий",
"DBIDENT":"1853709",
"NAME":"BAHREGAN",
"DESIGNATOR":"BRG",
"":"",
"LATITUDE":"295038N",
"LONGITUDE":"0501602E",
"ICAO_REG":"OI",
"DECLINATION":"4",
"FREQUENCY":"0.4",
"ABSOLUTEHEIGHT":"0",
"SIGNPT_TYPE":"Маяк NDB",
"OBJTOTEXT":"0",
"MAGVAR":"4"} },
{"type":"Feature",
"geometry": {"type": "Point","coordinates": [54.833333333,26.530833333] },"properties":{
"id":"RTS.1601",
"STATUS":"Действующий",
"DBIDENT":"1853712",
"NAME":"BANDAR LENGEH",
"DESIGNATOR":"LEN",
"":"",
"LATITUDE":"263151N",
"LONGITUDE":"0545000E",
"ICAO_REG":"OI",
"DECLINATION":"2",
"FREQUENCY":"0.408",
"ABSOLUTEHEIGHT":"0",
"SIGNPT_TYPE":"Маяк NDB",
"OBJTOTEXT":"0",
"MAGVAR":"2"} },
{"type":"Feature",
"geometry": {"type": "Point","coordinates": [52.726111111,27.392500000] },"properties":{
"id":"RTS.1602",
"STATUS":"Действующий",
"DBIDENT":"1853713",
"NAME":"PERSIAN GULF",
"":"",
"LATITUDE":"272333N",
"LONGITUDE":"0524334E",
"ICAO_REG":"OI",
"DECLINATION":"3",
"FREQUENCY":"0",
"ABSOLUTEHEIGHT":"0",
"SIGNPT_TYPE":"Маяк NDB",
"OBJTOTEXT":"0",
"MAGVAR":"3"} },
{"type":"Feature",
"geometry": {"type": "Point","coordinates": [50.321388889,29.259444444] },"properties":{
"id":"RTS.1603",
"STATUS":"Действующий",
"DBIDENT":"1853714",
"NAME":"KHARK ISLAND",
"DESIGNATOR":"KHG",
"":"",
"LATITUDE":"291534N",
"LONGITUDE":"0501917E",
"ICAO_REG":"OI",
"DECLINATION":"3",
"FREQUENCY":"0.325",
"ABSOLUTEHEIGHT":"0",
"SIGNPT_TYPE":"Маяк NDB",
"OBJTOTEXT":"0",
"MAGVAR":"3"} },
{"type":"Feature",
"geometry": {"type": "Point","coordinates": [54.540555556,25.902777778] },"properties":{
"id":"RTS.1604",
"STATUS":"Действующий",
"DBIDENT":"1853715",
"NAME":"SIRRI ISLAND",
"DESIGNATOR":"SIR",
"":"",
"LATITUDE":"255410N",
"LONGITUDE":"0543226E",
"ICAO_REG":"OI",
"DECLINATION":"2",
"FREQUENCY":"0.3",
"ABSOLUTEHEIGHT":"0",
"SIGNPT_TYPE":"Маяк NDB",
"OBJTOTEXT":"0",
"MAGVAR":"2"} },
{"type":"Feature",
"geometry": {"type": "Point","coordinates": [53.386388889,26.800000000] },"properties":{
"id":"RTS.1605",
"STATUS":"Действующий",
"DBIDENT":"1853723",
"NAME":"LAVAN ISLAND",
"DESIGNATOR":"LVA",
"":"",
"LATITUDE":"264800N",
"LONGITUDE":"0532311E",
"ICAO_REG":"OI",
"DECLINATION":"3",
"FREQUENCY":"0.31",
"ABSOLUTEHEIGHT":"0",
"SIGNPT_TYPE":"Маяк NDB",
"OBJTOTEXT":"0",
"MAGVAR":"3"} },
{"type":"Feature",
"geometry": {"type": "Point","coordinates": [47.142777778,34.355833333] },"properties":{
"id":"RTS.1606",
"STATUS":"Действующий",
"DBIDENT":"1853726",
"NAME":"KERMANSHAH",
"DESIGNATOR":"KMS",
"":"",
"LATITUDE":"342121N",
"LONGITUDE":"0470834E",
"ICAO_REG":"OI",
"DECLINATION":"5",
"FREQUENCY":"0.382",
"ABSOLUTEHEIGHT":"0",
"SIGNPT_TYPE":"Маяк NDB",
"OBJTOTEXT":"0",
"MAGVAR":"5"} },
{"type":"Feature",
"geometry": {"type": "Point","coordinates": [48.434444444,33.385277778] },"properties":{
"id":"RTS.1607",
"STATUS":"Действующий",
"DBIDENT":"1853731",
"NAME":"KHORAM ABAD",
"DESIGNATOR":"KRD",
"":"",
"LATITUDE":"332307N",
"LONGITUDE":"0482604E",
"ICAO_REG":"OI",
"DECLINATION":"4",
"FREQUENCY":"0.35",
"ABSOLUTEHEIGHT":"0",
"SIGNPT_TYPE":"Маяк NDB",
"OBJTOTEXT":"0",
"MAGVAR":"4"} },
{"type":"Feature",
"geometry": {"type": "Point","coordinates": [51.560000000,32.932500000] },"properties":{
"id":"RTS.1608",
"STATUS":"Действующий",
"DBIDENT":"1853734",
"NAME":"ESFAHAN",
"DESIGNATOR":"HSA",
"":"",
"LATITUDE":"325557N",
"LONGITUDE":"0513336E",
"ICAO_REG":"OI",
"DECLINATION":"4",
"FREQUENCY":"0.23",
"ABSOLUTEHEIGHT":"0",
"SIGNPT_TYPE":"Маяк NDB",
"OBJTOTEXT":"0",
"MAGVAR":"4"} },
{"type":"Feature",
"geometry": {"type": "Point","coordinates": [51.693611111,32.566388889] },"properties":{
"id":"RTS.1609",
"STATUS":"Действующий",
"DBIDENT":"1853735",
"NAME":"SHAHID VATAN POUR",
"DESIGNATOR":"ESH",
"":"",
"LATITUDE":"323359N",
"LONGITUDE":"0514137E",
"ICAO_REG":"OI",
"DECLINATION":"4",
"FREQUENCY":"0.413",
"ABSOLUTEHEIGHT":"0",
"SIGNPT_TYPE":"Маяк NDB",
"OBJTOTEXT":"0",
"MAGVAR":"4"} },
{"type":"Feature",
"geometry": {"type": "Point","coordinates": [51.563611111,33.896111111] },"properties":{
"id":"RTS.1610",
"STATUS":"Действующий",
"DBIDENT":"1853736",
"NAME":"KASHAN",
"DESIGNATOR":"KSN",
"":"",
"LATITUDE":"335346N",
"LONGITUDE":"0513349E",
"ICAO_REG":"OI",
"DECLINATION":"4",
"FREQUENCY":"0.216",
"ABSOLUTEHEIGHT":"0",
"SIGNPT_TYPE":"Маяк NDB",
"OBJTOTEXT":"0",
"MAGVAR":"4"} },
{"type":"Feature",
"geometry": {"type": "Point","coordinates": [51.880833333,32.748888889] },"properties":{
"id":"RTS.1611",
"STATUS":"Действующий",
"DBIDENT":"1853740",
"NAME":"ESFAHAN/SHAHID BEHESHTI",
"DESIGNATOR":"IFN",
"":"",
"LATITUDE":"324456N",
"LONGITUDE":"0515251E",
"ICAO_REG":"OI",
"DECLINATION":"4",
"FREQUENCY":"0.337",
"ABSOLUTEHEIGHT":"0",
"SIGNPT_TYPE":"Маяк NDB",
"OBJTOTEXT":"0",
"MAGVAR":"4"} },
{"type":"Feature",
"geometry": {"type": "Point","coordinates": [51.828055556,32.746944444] },"properties":{
"id":"RTS.1612",
"STATUS":"Действующий",
"DBIDENT":"1853741",
"NAME":"ESFAHAN",
"DESIGNATOR":"ISN",
"":"",
"LATITUDE":"324449N",
"LONGITUDE":"0514941E",
"ICAO_REG":"OI",
"DECLINATION":"4",
"FREQUENCY":"113.2",
"ABSOLUTEHEIGHT":"1550",
"SIGNPT_TYPE":"Совмещённый VOR/DME",
"OBJTOTEXT":"0",
"MAGVAR":"4"} },
{"type":"Feature",
"geometry": {"type": "Point","coordinates": [50.838611111,32.305555556] },"properties":{
"id":"RTS.1613",
"STATUS":"Действующий",
"DBIDENT":"1853752",
"NAME":"SHAHRE KORD",
"DESIGNATOR":"SKD",
"":"",
"LATITUDE":"321820N",
"LONGITUDE":"0505019E",
"ICAO_REG":"OI",
"DECLINATION":"4",
"FREQUENCY":"0.376",
"ABSOLUTEHEIGHT":"0",
"SIGNPT_TYPE":"Маяк NDB",
"OBJTOTEXT":"0",
"MAGVAR":"4"} },
{"type":"Feature",
"geometry": {"type": "Point","coordinates": [50.855000000,32.279722222] },"properties":{
"id":"RTS.1614",
"STATUS":"Действующий",
"DBIDENT":"1853756",
"NAME":"SHAHRE KORD",
"DESIGNATOR":"SKD",
"":"",
"LATITUDE":"321647N",
"LONGITUDE":"0505118E",
"ICAO_REG":"OI",
"DECLINATION":"4",
"FREQUENCY":"117.3",
"ABSOLUTEHEIGHT":"2040",
"SIGNPT_TYPE":"Совмещённый VOR/DME",
"OBJTOTEXT":"0",
"MAGVAR":"4"} },
{"type":"Feature",
"geometry": {"type": "Point","coordinates": [42.142500000,45.114722222] },"properties":{
"id":"RTS.1615",
"STATUS":"Действующий",
"DBIDENT":"1853851",
"NAME":"STAVROPOL Shpakovskoye",
"ALT_NAME":"СТАВРОПОЛЬ Шпаковское",
"DESIGNATOR":"IOP",
"":"",
"LATITUDE":"450653N",
"LONGITUDE":"0420833E",
"ICAO_REG":"UR",
"DECLINATION":"8",
"":"",
"FREQUENCY":"0",
"ABSOLUTEHEIGHT":"460",
"SIGNPT_TYPE":"Дальномер DME",
"OBJTOTEXT":"0",
"MAGVAR":"8"} },
{"type":"Feature",
"geometry": {"type": "Point","coordinates": [49.848611111,34.134444444] },"properties":{
"id":"RTS.1616",
"STATUS":"Действующий",
"DBIDENT":"1853870",
"NAME":"ARAK",
"DESIGNATOR":"ARK",
"":"",
"LATITUDE":"340804N",
"LONGITUDE":"0495055E",
"ICAO_REG":"OI",
"DECLINATION":"5",
"FREQUENCY":"0.28",
"ABSOLUTEHEIGHT":"0",
"SIGNPT_TYPE":"Маяк NDB",
"OBJTOTEXT":"0",
"MAGVAR":"5"} },
{"type":"Feature",
"geometry": {"type": "Point","coordinates": [48.666666667,35.200000000] },"properties":{
"id":"RTS.1617",
"STATUS":"Действующий",
"DBIDENT":"1853874",
"NAME":"HAMADAN/Nogeh",
"DESIGNATOR":"HAB",
"":"",
"LATITUDE":"351200N",
"LONGITUDE":"0484000E",
"ICAO_REG":"OI",
"DECLINATION":"5",
"FREQUENCY":"0.329",
"ABSOLUTEHEIGHT":"0",
"SIGNPT_TYPE":"Маяк NDB",
"OBJTOTEXT":"0",
"MAGVAR":"5"} },
{"type":"Feature",
"geometry": {"type": "Point","coordinates": [48.658611111,35.209444444] },"properties":{
"id":"RTS.1618",
"STATUS":"Действующий",
"DBIDENT":"1853876",
"NAME":"HAMADAN/Nogeh",
"DESIGNATOR":"HAB",
"":"",
"LATITUDE":"351234N",
"LONGITUDE":"0483931E",
"ICAO_REG":"OI",
"FREQUENCY":"115.4",
"ABSOLUTEHEIGHT":"0",
"SIGNPT_TYPE":"Всенаправленный маяк VOR",
"OBJTOTEXT":"0"} },
{"type":"Feature",
"geometry": {"type": "Point","coordinates": [51.184722222,35.408055556] },"properties":{
"id":"RTS.1619",
"STATUS":"Действующий",
"DBIDENT":"1853938",
"NAME":"IMAM KHOMAINI",
"DESIGNATOR":"IKA",
"":"",
"LATITUDE":"352429N",
"LONGITUDE":"0511105E",
"ICAO_REG":"OI",
"DECLINATION":"5",
"FREQUENCY":"0.201",
"ABSOLUTEHEIGHT":"0",
"SIGNPT_TYPE":"Маяк NDB",
"OBJTOTEXT":"0",
"MAGVAR":"5"} },
{"type":"Feature",
"geometry": {"type": "Point","coordinates": [50.849722222,35.761666667] },"properties":{
"id":"RTS.1620",
"STATUS":"Действующий",
"DBIDENT":"1853966",
"NAME":"PAYAM",
"DESIGNATOR":"PIM",
"":"",
"LATITUDE":"354542N",
"LONGITUDE":"0505059E",
"ICAO_REG":"OI",
"DECLINATION":"5",
"FREQUENCY":"0.306",
"ABSOLUTEHEIGHT":"0",
"SIGNPT_TYPE":"Маяк NDB",
"OBJTOTEXT":"0",
"MAGVAR":"5"} },
{"type":"Feature",
"geometry": {"type": "Point","coordinates": [50.851388889,35.762222222] },"properties":{
"id":"RTS.1621",
"STATUS":"Действующий",
"DBIDENT":"1853967",
"NAME":"PAYAM",
"DESIGNATOR":"PIM",
"":"",
"LATITUDE":"354544N",
"LONGITUDE":"0505105E",
"ICAO_REG":"OI",
"DECLINATION":"5",
"FREQUENCY":"117.5",
"ABSOLUTEHEIGHT":"0",
"SIGNPT_TYPE":"Совмещённый VOR/DME",
"OBJTOTEXT":"0",
"MAGVAR":"5"} },
{"type":"Feature",
"geometry": {"type": "Point","coordinates": [53.497500000,35.598611111] },"properties":{
"id":"RTS.1622",
"STATUS":"Действующий",
"DBIDENT":"1853973",
"NAME":"SEMNAN",
"DESIGNATOR":"SMN",
"":"",
"LATITUDE":"353555N",
"LONGITUDE":"0532951E",
"ICAO_REG":"OI",
"DECLINATION":"5",
"FREQUENCY":"0.222",
"ABSOLUTEHEIGHT":"1120",
"SIGNPT_TYPE":"Маяк NDB",
"OBJTOTEXT":"0",
"MAGVAR":"5"} },
{"type":"Feature",
"geometry": {"type": "Point","coordinates": [53.497222222,35.598333333] },"properties":{
"id":"RTS.1623",
"STATUS":"Действующий",
"DBIDENT":"1853999",
"NAME":"SEMNAN",
"DESIGNATOR":"SMN",
"":"",
"LATITUDE":"353554N",
"LONGITUDE":"0532950E",
"ICAO_REG":"OI",
"":"",
"FREQUENCY":"117.25",
"ABSOLUTEHEIGHT":"0",
"SIGNPT_TYPE":"Дальномер DME",
"OBJTOTEXT":"0"} },
{"type":"Feature",
"geometry": {"type": "Point","coordinates": [56.360000000,27.216388889] },"properties":{
"id":"RTS.1624",
"STATUS":"Действующий",
"DBIDENT":"1854040",
"NAME":"BANDAR ABBAS",
"DESIGNATOR":"BND",
"":"",
"LATITUDE":"271259N",
"LONGITUDE":"0562136E",
"ICAO_REG":"OI",
"DECLINATION":"3",
"FREQUENCY":"0.25",
"ABSOLUTEHEIGHT":"0",
"SIGNPT_TYPE":"Маяк NDB",
"OBJTOTEXT":"0",
"MAGVAR":"3"} },
{"type":"Feature",
"geometry": {"type": "Point","coordinates": [57.672222222,28.731388889] },"properties":{
"id":"RTS.1625",
"STATUS":"Действующий",
"DBIDENT":"1854047",
"NAME":"JIROFT",
"DESIGNATOR":"JIR",
"":"",
"LATITUDE":"284353N",
"LONGITUDE":"0574020E",
"ICAO_REG":"OI",
"DECLINATION":"3",
"FREQUENCY":"0.276",
"ABSOLUTEHEIGHT":"0",
"SIGNPT_TYPE":"Маяк NDB",
"OBJTOTEXT":"0",
"MAGVAR":"3"} },
{"type":"Feature",
"geometry": {"type": "Point","coordinates": [57.671944444,28.730833333] },"properties":{
"id":"RTS.1626",
"STATUS":"Действующий",
"DBIDENT":"1854049",
"NAME":"JIROFT",
"DESIGNATOR":"JIR",
"":"",
"LATITUDE":"284351N",
"LONGITUDE":"0574019E",
"ICAO_REG":"OI",
"":"",
"FREQUENCY":"112.6",
"ABSOLUTEHEIGHT":"0",
"SIGNPT_TYPE":"Дальномер DME",
"OBJTOTEXT":"0"} },
{"type":"Feature",
"geometry": {"type": "Point","coordinates": [33.625555556,34.872777778] },"properties":{
"id":"RTS.1627",
"STATUS":"Действующий",
"DBIDENT":"1854066",
"NAME":"LARNAKA",
"ALT_NAME":"ЛАРНАКА",
"DESIGNATOR":"LCA",
"":"",
"LATITUDE":"345222N",
"LONGITUDE":"0333732E",
"ICAO_REG":"LC",
"DECLINATION":"5",
"FREQUENCY":"112.8",
"ABSOLUTEHEIGHT":"30",
"SIGNPT_TYPE":"Совмещённый VOR/DME",
"OBJTOTEXT":"0",
"MAGVAR":"5"} },
{"type":"Feature",
"geometry": {"type": "Point","coordinates": [32.505833333,34.711666667] },"properties":{
"id":"RTS.1628",
"STATUS":"Действующий",
"DBIDENT":"1854076",
"NAME":"PAFOS",
"ALT_NAME":"ПАФОС",
"DESIGNATOR":"PHA",
"":"",
"LATITUDE":"344242N",
"LONGITUDE":"0323021E",
"ICAO_REG":"LC",
"DECLINATION":"5",
"FREQUENCY":"117.9",
"ABSOLUTEHEIGHT":"30",
"SIGNPT_TYPE":"Совмещённый VOR/DME",
"OBJTOTEXT":"0",
"MAGVAR":"5"} },
{"type":"Feature",
"geometry": {"type": "Point","coordinates": [56.960833333,30.265555556] },"properties":{
"id":"RTS.1629",
"STATUS":"Действующий",
"DBIDENT":"1854110",
"NAME":"KERMAN",
"DESIGNATOR":"KER",
"":"",
"LATITUDE":"301556N",
"LONGITUDE":"0565739E",
"ICAO_REG":"OI",
"DECLINATION":"3",
"FREQUENCY":"0.29",
"ABSOLUTEHEIGHT":"0",
"SIGNPT_TYPE":"Маяк NDB",
"OBJTOTEXT":"0",
"MAGVAR":"3"} },
{"type":"Feature",
"geometry": {"type": "Point","coordinates": [58.454444444,29.077777778] },"properties":{
"id":"RTS.1630",
"STATUS":"Действующий",
"DBIDENT":"1854144",
"NAME":"BAM",
"DESIGNATOR":"BAM",
"":"",
"LATITUDE":"290440N",
"LONGITUDE":"0582716E",
"ICAO_REG":"OI",
"DECLINATION":"3",
"FREQUENCY":"0.379",
"ABSOLUTEHEIGHT":"0",
"SIGNPT_TYPE":"Маяк NDB",
"OBJTOTEXT":"0",
"MAGVAR":"3"} },
{"type":"Feature",
"geometry": {"type": "Point","coordinates": [55.907777778,26.763055556] },"properties":{
"id":"RTS.1631",
"STATUS":"Действующий",
"DBIDENT":"1854148",
"NAME":"GHESHM ISLAND",
"DESIGNATOR":"KHM",
"":"",
"LATITUDE":"264547N",
"LONGITUDE":"0555428E",
"ICAO_REG":"OI",
"DECLINATION":"3",
"":"",
"FREQUENCY":"117.1",
"ABSOLUTEHEIGHT":"10",
"SIGNPT_TYPE":"Дальномер DME",
"OBJTOTEXT":"0",
"MAGVAR":"3"} },
{"type":"Feature",
"geometry": {"type": "Point","coordinates": [56.055555556,30.302777778] },"properties":{
"id":"RTS.1632",
"STATUS":"Действующий",
"DBIDENT":"1854158",
"NAME":"RAFSANJAN",
"DESIGNATOR":"RAF",
"":"",
"LATITUDE":"301810N",
"LONGITUDE":"0560320E",
"ICAO_REG":"OI",
"":"",
"FREQUENCY":"112.3",
"ABSOLUTEHEIGHT":"0",
"SIGNPT_TYPE":"Дальномер DME",
"OBJTOTEXT":"0"} },
{"type":"Feature",
"geometry": {"type": "Point","coordinates": [59.279444444,32.891111111] },"properties":{
"id":"RTS.1633",
"STATUS":"Действующий",
"DBIDENT":"1854165",
"NAME":"BIRJAND",
"DESIGNATOR":"BRN",
"":"",
"LATITUDE":"325328N",
"LONGITUDE":"0591646E",
"ICAO_REG":"OI",
"DECLINATION":"4",
"FREQUENCY":"0.406",
"ABSOLUTEHEIGHT":"0",
"SIGNPT_TYPE":"Маяк NDB",
"OBJTOTEXT":"0",
"MAGVAR":"4"} },
{"type":"Feature",
"geometry": {"type": "Point","coordinates": [61.074166667,36.495277778] },"properties":{
"id":"RTS.1634",
"STATUS":"Действующий",
"DBIDENT":"1854166",
"NAME":"SARAKHS",
"DESIGNATOR":"SRS",
"":"",
"LATITUDE":"362943N",
"LONGITUDE":"0610427E",
"ICAO_REG":"OI",
"DECLINATION":"5",
"FREQUENCY":"0.334",
"ABSOLUTEHEIGHT":"0",
"SIGNPT_TYPE":"Маяк NDB",
"OBJTOTEXT":"0",
"MAGVAR":"5"} },
{"type":"Feature",
"geometry": {"type": "Point","coordinates": [61.074166667,36.495277778] },"properties":{
"id":"RTS.1635",
"STATUS":"Действующий",
"DBIDENT":"1854167",
"NAME":"SARAKHS",
"DESIGNATOR":"SRS",
"":"",
"LATITUDE":"362943N",
"LONGITUDE":"0610427E",
"ICAO_REG":"OI",
"DECLINATION":"5",
"":"",
"FREQUENCY":"116.1",
"ABSOLUTEHEIGHT":"0",
"SIGNPT_TYPE":"Дальномер DME",
"OBJTOTEXT":"0",
"MAGVAR":"5"} },
{"type":"Feature",
"geometry": {"type": "Point","coordinates": [55.088888889,36.422777778] },"properties":{
"id":"RTS.1636",
"STATUS":"Действующий",
"DBIDENT":"1854168",
"NAME":"SHAHROUND",
"DESIGNATOR":"SHR",
"":"",
"LATITUDE":"362522N",
"LONGITUDE":"0550520E",
"ICAO_REG":"OI",
"DECLINATION":"5",
"FREQUENCY":"115.1",
"ABSOLUTEHEIGHT":"0",
"SIGNPT_TYPE":"Совмещённый VOR/DME",
"OBJTOTEXT":"0",
"MAGVAR":"5"} },
{"type":"Feature",
"geometry": {"type": "Point","coordinates": [55.138611111,36.434722222] },"properties":{
"id":"RTS.1637",
"STATUS":"Действующий",
"DBIDENT":"1854169",
"NAME":"SHAHROUND",
"DESIGNATOR":"SHR",
"":"",
"LATITUDE":"362605N",
"LONGITUDE":"0550819E",
"ICAO_REG":"OI",
"DECLINATION":"5",
"FREQUENCY":"0.268",
"ABSOLUTEHEIGHT":"0",
"SIGNPT_TYPE":"Маяк NDB",
"OBJTOTEXT":"0",
"MAGVAR":"5"} },
{"type":"Feature",
"geometry": {"type": "Point","coordinates": [59.637777778,36.228611111] },"properties":{
"id":"RTS.1638",
"STATUS":"Действующий",
"DBIDENT":"1854178",
"NAME":"MASHHAD",
"DESIGNATOR":"MSD",
"":"",
"LATITUDE":"361343N",
"LONGITUDE":"0593816E",
"ICAO_REG":"OI",
"DECLINATION":"5",
"FREQUENCY":"0.385",
"ABSOLUTEHEIGHT":"0",
"SIGNPT_TYPE":"Маяк NDB",
"OBJTOTEXT":"0",
"MAGVAR":"5"} },
{"type":"Feature",
"geometry": {"type": "Point","coordinates": [57.305833333,37.488888889] },"properties":{
"id":"RTS.1639",
"STATUS":"Действующий",
"DBIDENT":"1854181",
"NAME":"BOJNORD",
"DESIGNATOR":"BRD",
"":"",
"LATITUDE":"372920N",
"LONGITUDE":"0571821E",
"ICAO_REG":"OI",
"DECLINATION":"5",
"FREQUENCY":"0.346",
"ABSOLUTEHEIGHT":"0",
"SIGNPT_TYPE":"Маяк NDB",
"OBJTOTEXT":"0",
"MAGVAR":"5"} },
{"type":"Feature",
"geometry": {"type": "Point","coordinates": [57.593333333,36.171666667] },"properties":{
"id":"RTS.1640",
"STATUS":"Действующий",
"DBIDENT":"1854182",
"NAME":"SABZEVAR",
"DESIGNATOR":"SBZ",
"":"",
"LATITUDE":"361018N",
"LONGITUDE":"0573536E",
"ICAO_REG":"OI",
"DECLINATION":"5",
"FREQUENCY":"0.255",
"ABSOLUTEHEIGHT":"0",
"SIGNPT_TYPE":"Маяк NDB",
"OBJTOTEXT":"0",
"MAGVAR":"5"} },
{"type":"Feature",
"geometry": {"type": "Point","coordinates": [56.899722222,33.663888889] },"properties":{
"id":"RTS.1641",
"STATUS":"Действующий",
"DBIDENT":"1854183",
"NAME":"TABAS",
"DESIGNATOR":"TBS",
"":"",
"LATITUDE":"333950N",
"LONGITUDE":"0565359E",
"ICAO_REG":"OI",
"DECLINATION":"4",
"FREQUENCY":"0.395",
"ABSOLUTEHEIGHT":"0",
"SIGNPT_TYPE":"Маяк NDB",
"OBJTOTEXT":"0",
"MAGVAR":"4"} },
{"type":"Feature",
"geometry": {"type": "Point","coordinates": [54.413888889,36.903888889] },"properties":{
"id":"RTS.1642",
"STATUS":"Действующий",
"DBIDENT":"1854184",
"NAME":"GORGAN",
"DESIGNATOR":"GGN",
"":"",
"LATITUDE":"365414N",
"LONGITUDE":"0542450E",
"ICAO_REG":"OI",
"DECLINATION":"5",
"FREQUENCY":"0.31",
"ABSOLUTEHEIGHT":"0",
"SIGNPT_TYPE":"Маяк NDB",
"OBJTOTEXT":"0",
"MAGVAR":"5"} },
{"type":"Feature",
"geometry": {"type": "Point","coordinates": [51.468055556,36.659722222] },"properties":{
"id":"RTS.1643",
"STATUS":"Действующий",
"DBIDENT":"1854187",
"NAME":"NOSHAHR",
"DESIGNATOR":"NSR",
"":"",
"LATITUDE":"363935N",
"LONGITUDE":"0512805E",
"ICAO_REG":"OI",
"DECLINATION":"5",
"FREQUENCY":"0.26",
"ABSOLUTEHEIGHT":"-20",
"SIGNPT_TYPE":"Маяк NDB",
"OBJTOTEXT":"0",
"MAGVAR":"5"} },
{"type":"Feature",
"geometry": {"type": "Point","coordinates": [50.680555556,36.903611111] },"properties":{
"id":"RTS.1644",
"STATUS":"Действующий",
"DBIDENT":"1854189",
"NAME":"RAMSAR",
"DESIGNATOR":"RSR",
"":"",
"LATITUDE":"365413N",
"LONGITUDE":"0504050E",
"ICAO_REG":"OI",
"DECLINATION":"5",
"":"",
"FREQUENCY":"115.5",
"ABSOLUTEHEIGHT":"-10",
"SIGNPT_TYPE":"Дальномер DME",
"OBJTOTEXT":"0",
"MAGVAR":"5"} },
{"type":"Feature",
"geometry": {"type": "Point","coordinates": [53.722777778,28.896111111] },"properties":{
"id":"RTS.1645",
"STATUS":"Действующий",
"DBIDENT":"1854195",
"NAME":"FASA",
"DESIGNATOR":"FSA",
"":"",
"LATITUDE":"285346N",
"LONGITUDE":"0534322E",
"ICAO_REG":"OI",
"DECLINATION":"3",
"FREQUENCY":"0.216",
"ABSOLUTEHEIGHT":"0",
"SIGNPT_TYPE":"Маяк NDB",
"OBJTOTEXT":"0",
"MAGVAR":"3"} },
{"type":"Feature",
"geometry": {"type": "Point","coordinates": [53.584166667,28.585000000] },"properties":{
"id":"RTS.1646",
"STATUS":"Действующий",
"DBIDENT":"1854196",
"NAME":"JAHROM",
"DESIGNATOR":"JRM",
"":"",
"LATITUDE":"283506N",
"LONGITUDE":"0533503E",
"ICAO_REG":"OI",
"DECLINATION":"3",
"FREQUENCY":"0.374",
"ABSOLUTEHEIGHT":"0",
"SIGNPT_TYPE":"Маяк NDB",
"OBJTOTEXT":"0",
"MAGVAR":"3"} },
{"type":"Feature",
"geometry": {"type": "Point","coordinates": [53.584166667,28.585000000] },"properties":{
"id":"RTS.1647",
"STATUS":"Действующий",
"DBIDENT":"1854197",
"NAME":"JAHROM",
"DESIGNATOR":"JRM",
"":"",
"LATITUDE":"283506N",
"LONGITUDE":"0533503E",
"ICAO_REG":"OI",
"DECLINATION":"3",
"":"",
"FREQUENCY":"113.8",
"ABSOLUTEHEIGHT":"0",
"SIGNPT_TYPE":"Дальномер DME",
"OBJTOTEXT":"0",
"MAGVAR":"3"} },
{"type":"Feature",
"geometry": {"type": "Point","coordinates": [54.376666667,27.670000000] },"properties":{
"id":"RTS.1648",
"STATUS":"Действующий",
"DBIDENT":"1854202",
"NAME":"LAR",
"DESIGNATOR":"LAR",
"":"",
"LATITUDE":"274012N",
"LONGITUDE":"0542236E",
"ICAO_REG":"OI",
"DECLINATION":"3",
"FREQUENCY":"0.224",
"ABSOLUTEHEIGHT":"0",
"SIGNPT_TYPE":"Маяк NDB",
"OBJTOTEXT":"0",
"MAGVAR":"3"} },
{"type":"Feature",
"geometry": {"type": "Point","coordinates": [53.195277778,27.367222222] },"properties":{
"id":"RTS.1649",
"STATUS":"Действующий",
"DBIDENT":"1854203",
"NAME":"LAMERD",
"DESIGNATOR":"LAM",
"":"",
"LATITUDE":"272202N",
"LONGITUDE":"0531143E",
"ICAO_REG":"OI",
"DECLINATION":"3",
"FREQUENCY":"0.346",
"ABSOLUTEHEIGHT":"0",
"SIGNPT_TYPE":"Маяк NDB",
"OBJTOTEXT":"0",
"MAGVAR":"3"} },
{"type":"Feature",
"geometry": {"type": "Point","coordinates": [52.599444444,29.528888889] },"properties":{
"id":"RTS.1650",
"STATUS":"Действующий",
"DBIDENT":"1854204",
"NAME":"SHIRAZ",
"DESIGNATOR":"SR",
"":"",
"LATITUDE":"293144N",
"LONGITUDE":"0523558E",
"ICAO_REG":"OI",
"DECLINATION":"3",
"FREQUENCY":"0.205",
"ABSOLUTEHEIGHT":"0",
"SIGNPT_TYPE":"Маяк NDB",
"OBJTOTEXT":"0",
"MAGVAR":"3"} },
{"type":"Feature",
"geometry": {"type": "Point","coordinates": [36.157500000,31.739722222] },"properties":{
"id":"RTS.1651",
"STATUS":"Действующий",
"DBIDENT":"1854236",
"NAME":"QUEEN ALIA",
"ALT_NAME":"QUEEN ALIA",
"DESIGNATOR":"QAA",
"":"",
"LATITUDE":"314423N",
"LONGITUDE":"0360927E",
"ICAO_REG":"OJ",
"DECLINATION":"5",
"FREQUENCY":"115.2",
"ABSOLUTEHEIGHT":"834",
"SIGNPT_TYPE":"Совмещённый VOR/DME",
"OBJTOTEXT":"0",
"MAGVAR":"5"} },
{"type":"Feature",
"geometry": {"type": "Point","coordinates": [35.850277778,31.709444444] },"properties":{
"id":"RTS.1652",
"STATUS":"Действующий",
"DBIDENT":"1854239",
"NAME":"QUEEN ALIA",
"ALT_NAME":"QUEEN ALIA",
"DESIGNATOR":"MDB",
"":"",
"LATITUDE":"314234N",
"LONGITUDE":"0355101E",
"ICAO_REG":"OJ",
"DECLINATION":"5",
"FREQUENCY":"0.399",
"ABSOLUTEHEIGHT":"0",
"SIGNPT_TYPE":"Маяк NDB",
"OBJTOTEXT":"0",
"MAGVAR":"5"} },
{"type":"Feature",
"geometry": {"type": "Point","coordinates": [51.548888889,30.701111111] },"properties":{
"id":"RTS.1653",
"STATUS":"Действующий",
"DBIDENT":"1854241",
"NAME":"YASOUJ",
"DESIGNATOR":"YSJ",
"":"",
"LATITUDE":"304204N",
"LONGITUDE":"0513256E",
"ICAO_REG":"OI",
"DECLINATION":"4",
"FREQUENCY":"0.235",
"ABSOLUTEHEIGHT":"0",
"SIGNPT_TYPE":"Маяк NDB",
"OBJTOTEXT":"0",
"MAGVAR":"4"} },
{"type":"Feature",
"geometry": {"type": "Point","coordinates": [44.969166667,38.429722222] },"properties":{
"id":"RTS.1654",
"STATUS":"Действующий",
"DBIDENT":"1854245",
"NAME":"KHOY",
"DESIGNATOR":"KHY",
"":"",
"LATITUDE":"382547N",
"LONGITUDE":"0445809E",
"ICAO_REG":"OI",
"DECLINATION":"6",
"FREQUENCY":"0.288",
"ABSOLUTEHEIGHT":"0",
"SIGNPT_TYPE":"Маяк NDB",
"OBJTOTEXT":"0",
"MAGVAR":"6"} },
{"type":"Feature",
"geometry": {"type": "Point","coordinates": [48.415000000,38.330555556] },"properties":{
"id":"RTS.1655",
"STATUS":"Действующий",
"DBIDENT":"1854254",
"NAME":"ARDABIL",
"DESIGNATOR":"ARB",
"":"",
"LATITUDE":"381950N",
"LONGITUDE":"0482454E",
"ICAO_REG":"OI",
"DECLINATION":"6",
"FREQUENCY":"0.355",
"ABSOLUTEHEIGHT":"0",
"SIGNPT_TYPE":"Маяк NDB",
"OBJTOTEXT":"0",
"MAGVAR":"6"} },
{"type":"Feature",
"geometry": {"type": "Point","coordinates": [46.142777778,37.346111111] },"properties":{
"id":"RTS.1656",
"STATUS":"Действующий",
"DBIDENT":"1854256",
"NAME":"SAHAND",
"DESIGNATOR":"SHD",
"":"",
"LATITUDE":"372046N",
"LONGITUDE":"0460834E",
"ICAO_REG":"OI",
"DECLINATION":"6",
"FREQUENCY":"0.363",
"ABSOLUTEHEIGHT":"0",
"SIGNPT_TYPE":"Маяк NDB",
"OBJTOTEXT":"0",
"MAGVAR":"6"} },
{"type":"Feature",
"geometry": {"type": "Point","coordinates": [46.142777778,37.346111111] },"properties":{
"id":"RTS.1657",
"STATUS":"Действующий",
"DBIDENT":"1854257",
"NAME":"SAHAND",
"DESIGNATOR":"SHD",
"":"",
"LATITUDE":"372046N",
"LONGITUDE":"0460834E",
"ICAO_REG":"OI",
"DECLINATION":"6",
"":"",
"FREQUENCY":"116",
"ABSOLUTEHEIGHT":"1340",
"SIGNPT_TYPE":"Дальномер DME",
"OBJTOTEXT":"0",
"MAGVAR":"6"} },
{"type":"Feature",
"geometry": {"type": "Point","coordinates": [45.061944444,37.666944444] },"properties":{
"id":"RTS.1658",
"STATUS":"Действующий",
"DBIDENT":"1854261",
"NAME":"UROMIYEH",
"DESIGNATOR":"UMH",
"":"",
"LATITUDE":"374001N",
"LONGITUDE":"0450343E",
"ICAO_REG":"OI",
"DECLINATION":"6",
"FREQUENCY":"0.37",
"ABSOLUTEHEIGHT":"0",
"SIGNPT_TYPE":"Маяк NDB",
"OBJTOTEXT":"0",
"MAGVAR":"6"} },
{"type":"Feature",
"geometry": {"type": "Point","coordinates": [36.066111111,32.004166667] },"properties":{
"id":"RTS.1659",
"STATUS":"Действующий",
"DBIDENT":"1854280",
"NAME":"AMMAN",
"DESIGNATOR":"AMN",
"":"",
"LATITUDE":"320015N",
"LONGITUDE":"0360358E",
"ICAO_REG":"OJ",
"DECLINATION":"5",
"FREQUENCY":"116.3",
"ABSOLUTEHEIGHT":"690",
"SIGNPT_TYPE":"Совмещённый VOR/DME",
"OBJTOTEXT":"0",
"MAGVAR":"5"} },
{"type":"Feature",
"geometry": {"type": "Point","coordinates": [44.942777778,39.188333333] },"properties":{
"id":"RTS.1660",
"STATUS":"Действующий",
"DBIDENT":"1854290",
"NAME":"MAKU",
"DESIGNATOR":"MAK",
"":"",
"LATITUDE":"391118N",
"LONGITUDE":"0445634E",
"ICAO_REG":"OI",
"DECLINATION":"6",
"FREQUENCY":"112.4",
"ABSOLUTEHEIGHT":"970",
"SIGNPT_TYPE":"Совмещённый VOR/DME",
"OBJTOTEXT":"0",
"MAGVAR":"6"} },
{"type":"Feature",
"geometry": {"type": "Point","coordinates": [35.008055556,29.583055556] },"properties":{
"id":"RTS.1661",
"STATUS":"Действующий",
"DBIDENT":"1854294",
"NAME":"AQABA",
"ALT_NAME":"AQABA",
"DESIGNATOR":"AQB",
"":"",
"LATITUDE":"293459N",
"LONGITUDE":"0350029E",
"ICAO_REG":"OJ",
"DECLINATION":"4",
"FREQUENCY":"113.1",
"ABSOLUTEHEIGHT":"58",
"SIGNPT_TYPE":"Совмещённый VOR/DME",
"OBJTOTEXT":"0",
"MAGVAR":"4"} },
{"type":"Feature",
"geometry": {"type": "Point","coordinates": [35.118888889,29.902222222] },"properties":{
"id":"RTS.1662",
"STATUS":"Действующий",
"DBIDENT":"1854298",
"NAME":"AQABA",
"ALT_NAME":"AQABA",
"DESIGNATOR":"AQC",
"":"",
"LATITUDE":"295408N",
"LONGITUDE":"0350708E",
"ICAO_REG":"OJ",
"DECLINATION":"4",
"FREQUENCY":"0.326",
"ABSOLUTEHEIGHT":"0",
"SIGNPT_TYPE":"Маяк NDB",
"OBJTOTEXT":"0",
"MAGVAR":"4"} },
{"type":"Feature",
"geometry": {"type": "Point","coordinates": [54.287222222,31.903611111] },"properties":{
"id":"RTS.1663",
"STATUS":"Действующий",
"DBIDENT":"1854300",
"NAME":"YAZD",
"DESIGNATOR":"YZD",
"":"",
"LATITUDE":"315413N",
"LONGITUDE":"0541714E",
"ICAO_REG":"OI",
"DECLINATION":"4",
"FREQUENCY":"0.402",
"ABSOLUTEHEIGHT":"1220",
"SIGNPT_TYPE":"Маяк NDB",
"OBJTOTEXT":"0",
"MAGVAR":"4"} },
{"type":"Feature",
"geometry": {"type": "Point","coordinates": [61.540000000,31.097777778] },"properties":{
"id":"RTS.1664",
"STATUS":"Действующий",
"DBIDENT":"1854305",
"NAME":"ZABOL",
"DESIGNATOR":"ZAL",
"":"",
"LATITUDE":"310552N",
"LONGITUDE":"0613224E",
"ICAO_REG":"OI",
"DECLINATION":"3",
"FREQUENCY":"0.295",
"ABSOLUTEHEIGHT":"0",
"SIGNPT_TYPE":"Маяк NDB",
"OBJTOTEXT":"0",
"MAGVAR":"3"} },
{"type":"Feature",
"geometry": {"type": "Point","coordinates": [60.896111111,29.471111111] },"properties":{
"id":"RTS.1665",
"STATUS":"Действующий",
"DBIDENT":"1854310",
"NAME":"ZAHEDAN",
"DESIGNATOR":"ZD",
"":"",
"LATITUDE":"292816N",
"LONGITUDE":"0605346E",
"ICAO_REG":"OI",
"DECLINATION":"3",
"FREQUENCY":"0.224",
"ABSOLUTEHEIGHT":"0",
"SIGNPT_TYPE":"Маяк NDB",
"OBJTOTEXT":"0",
"MAGVAR":"3"} },
{"type":"Feature",
"geometry": {"type": "Point","coordinates": [60.717500000,27.232777778] },"properties":{
"id":"RTS.1666",
"STATUS":"Действующий",
"DBIDENT":"1854322",
"NAME":"IRAN SHAHR",
"DESIGNATOR":"ISR",
"":"",
"LATITUDE":"271358N",
"LONGITUDE":"0604303E",
"ICAO_REG":"OI",
"DECLINATION":"2",
"FREQUENCY":"0.309",
"ABSOLUTEHEIGHT":"0",
"SIGNPT_TYPE":"Маяк NDB",
"OBJTOTEXT":"0",
"MAGVAR":"2"} },
{"type":"Feature",
"geometry": {"type": "Point","coordinates": [57.783333333,25.651666667] },"properties":{
"id":"RTS.1667",
"STATUS":"Действующий",
"DBIDENT":"1854330",
"NAME":"JASK",
"DESIGNATOR":"JSK",
"":"",
"LATITUDE":"253906N",
"LONGITUDE":"0574700E",
"ICAO_REG":"OI",
"DECLINATION":"2",
"FREQUENCY":"0.349",
"ABSOLUTEHEIGHT":"0",
"SIGNPT_TYPE":"Маяк NDB",
"OBJTOTEXT":"0",
"MAGVAR":"2"} },
{"type":"Feature",
"geometry": {"type": "Point","coordinates": [47.967500000,39.578611111] },"properties":{
"id":"RTS.1668",
"STATUS":"Действующий",
"DBIDENT":"1854332",
"NAME":"PARSABADE MOGHAN",
"DESIGNATOR":"PAD",
"":"",
"LATITUDE":"393443N",
"LONGITUDE":"0475803E",
"ICAO_REG":"OI",
"DECLINATION":"6",
"FREQUENCY":"0.45",
"ABSOLUTEHEIGHT":"0",
"SIGNPT_TYPE":"Маяк NDB",
"OBJTOTEXT":"0",
"MAGVAR":"6"} },
{"type":"Feature",
"geometry": {"type": "Point","coordinates": [62.325555556,27.415000000] },"properties":{
"id":"RTS.1669",
"STATUS":"Действующий",
"DBIDENT":"1854333",
"NAME":"SARAVAN",
"DESIGNATOR":"SRN",
"":"",
"LATITUDE":"272454N",
"LONGITUDE":"0621932E",
"ICAO_REG":"OI",
"DECLINATION":"2",
"":"",
"FREQUENCY":"114.1",
"ABSOLUTEHEIGHT":"0",
"SIGNPT_TYPE":"Дальномер DME",
"OBJTOTEXT":"0",
"MAGVAR":"2"} },
{"type":"Feature",
"geometry": {"type": "Point","coordinates": [50.371388889,35.018611111] },"properties":{
"id":"RTS.1670",
"STATUS":"Действующий",
"DBIDENT":"1854336",
"NAME":"SAVEH",
"DESIGNATOR":"SAV",
"":"",
"LATITUDE":"350107N",
"LONGITUDE":"0502217E",
"ICAO_REG":"OI",
"DECLINATION":"5",
"":"",
"FREQUENCY":"115.2",
"ABSOLUTEHEIGHT":"0",
"SIGNPT_TYPE":"Дальномер DME",
"OBJTOTEXT":"0",
"MAGVAR":"5"} },
{"type":"Feature",
"geometry": {"type": "Point","coordinates": [36.059444444,31.248333333] },"properties":{
"id":"RTS.1671",
"STATUS":"Действующий",
"DBIDENT":"1854395",
"NAME":"QATRANEH",
"DESIGNATOR":"QTR",
"":"",
"LATITUDE":"311454N",
"LONGITUDE":"0360334E",
"ICAO_REG":"OJ",
"DECLINATION":"3",
"FREQUENCY":"112.9",
"ABSOLUTEHEIGHT":"800",
"SIGNPT_TYPE":"Совмещённый VOR/DME",
"OBJTOTEXT":"0",
"MAGVAR":"3"} },
{"type":"Feature",
"geometry": {"type": "Point","coordinates": [47.955000000,29.248333333] },"properties":{
"id":"RTS.1672",
"STATUS":"Действующий",
"DBIDENT":"1854919",
"NAME":"KUWAIT",
"DESIGNATOR":"KHG",
"":"",
"LATITUDE":"291454N",
"LONGITUDE":"0475718E",
"ICAO_REG":"OK",
"DECLINATION":"3.67",
"FREQUENCY":"114.15",
"ABSOLUTEHEIGHT":"50",
"SIGNPT_TYPE":"Совмещённый VOR/DME",
"OBJTOTEXT":"0",
"MAGVAR":"4"} },
{"type":"Feature",
"geometry": {"type": "Point","coordinates": [47.958333333,28.620000000] },"properties":{
"id":"RTS.1673",
"STATUS":"Действующий",
"DBIDENT":"1855015",
"NAME":"WAFRA",
"ALT_NAME":"WAFRA",
"DESIGNATOR":"KFR",
"":"",
"LATITUDE":"283712N",
"LONGITUDE":"0475730E",
"ICAO_REG":"OK",
"DECLINATION":"4",
"FREQUENCY":"112",
"ABSOLUTEHEIGHT":"170",
"SIGNPT_TYPE":"Совмещённый VOR/DME",
"OBJTOTEXT":"0",
"MAGVAR":"4"} },
{"type":"Feature",
"geometry": {"type": "Point","coordinates": [41.185000000,37.016666667] },"properties":{
"id":"RTS.1674",
"STATUS":"Действующий",
"DBIDENT":"1855052",
"NAME":"KAMISHLY",
"ALT_NAME":"KAMISHLY",
"DESIGNATOR":"KML",
"":"",
"LATITUDE":"370100N",
"LONGITUDE":"0411106E",
"ICAO_REG":"OS",
"DECLINATION":"6",
"FREQUENCY":"115.1",
"ABSOLUTEHEIGHT":"450",
"SIGNPT_TYPE":"Совмещённый VOR/DME",
"OBJTOTEXT":"0",
"MAGVAR":"6"} },
{"type":"Feature",
"geometry": {"type": "Point","coordinates": [40.755000000,36.483333333] },"properties":{
"id":"RTS.1675",
"STATUS":"Действующий",
"DBIDENT":"1855083",
"NAME":"HASSAKEH",
"ALT_NAME":"HASSAKEH",
"DESIGNATOR":"HAS",
"":"",
"LATITUDE":"362900N",
"LONGITUDE":"0404518E",
"ICAO_REG":"OS",
"DECLINATION":"5",
"FREQUENCY":"0.363",
"ABSOLUTEHEIGHT":"0",
"SIGNPT_TYPE":"Маяк NDB",
"OBJTOTEXT":"0",
"MAGVAR":"5"} },
{"type":"Feature",
"geometry": {"type": "Point","coordinates": [37.210000000,36.180000000] },"properties":{
"id":"RTS.1676",
"STATUS":"Действующий",
"DBIDENT":"1855085",
"NAME":"ALEPPO",
"ALT_NAME":"ALEPPO",
"DESIGNATOR":"ALE",
"":"",
"LATITUDE":"361048N",
"LONGITUDE":"0371236E",
"ICAO_REG":"OS",
"DECLINATION":"6",
"FREQUENCY":"114.5",
"ABSOLUTEHEIGHT":"390",
"SIGNPT_TYPE":"Совмещённый VOR/DME",
"OBJTOTEXT":"0",
"MAGVAR":"6"} },
{"type":"Feature",
"geometry": {"type": "Point","coordinates": [40.186666667,35.288333333] },"properties":{
"id":"RTS.1677",
"STATUS":"Действующий",
"DBIDENT":"1855087",
"NAME":"DEIR ZZOR",
"ALT_NAME":"DEIR ZZOR",
"DESIGNATOR":"DRZ",
"":"",
"LATITUDE":"351718N",
"LONGITUDE":"0401112E",
"ICAO_REG":"OS",
"DECLINATION":"5",
"FREQUENCY":"0.295",
"ABSOLUTEHEIGHT":"210",
"SIGNPT_TYPE":"Маяк NDB",
"OBJTOTEXT":"0",
"MAGVAR":"5"} },
{"type":"Feature",
"geometry": {"type": "Point","coordinates": [35.958333333,35.228333333] },"properties":{
"id":"RTS.1678",
"STATUS":"Действующий",
"DBIDENT":"1855088",
"NAME":"BANIAS",
"DESIGNATOR":"BAN",
"":"",
"LATITUDE":"351342N",
"LONGITUDE":"0355730E",
"ICAO_REG":"OS",
"DECLINATION":"5",
"FREQUENCY":"0.304",
"ABSOLUTEHEIGHT":"70",
"SIGNPT_TYPE":"Маяк NDB",
"OBJTOTEXT":"0",
"MAGVAR":"5"} },
{"type":"Feature",
"geometry": {"type": "Point","coordinates": [37.265000000,34.213333333] },"properties":{
"id":"RTS.1679",
"STATUS":"Действующий",
"DBIDENT":"1855089",
"NAME":"KARIATAIN",
"ALT_NAME":"KARIATAIN",
"DESIGNATOR":"KTN",
"":"",
"LATITUDE":"341248N",
"LONGITUDE":"0371554E",
"ICAO_REG":"OS",
"DECLINATION":"5",
"FREQUENCY":"117.7",
"ABSOLUTEHEIGHT":"800",
"SIGNPT_TYPE":"Совмещённый VOR/DME",
"OBJTOTEXT":"0",
"MAGVAR":"5"} },
{"type":"Feature",
"geometry": {"type": "Point","coordinates": [36.468333333,33.365000000] },"properties":{
"id":"RTS.1680",
"STATUS":"Действующий",
"DBIDENT":"1855091",
"NAME":"DAMASCUS",
"ALT_NAME":"DAMASCUS",
"DESIGNATOR":"DAM",
"":"",
"LATITUDE":"332154N",
"LONGITUDE":"0362806E",
"ICAO_REG":"OS",
"DECLINATION":"5",
"FREQUENCY":"116",
"ABSOLUTEHEIGHT":"620",
"SIGNPT_TYPE":"Совмещённый VOR/DME",
"OBJTOTEXT":"0",
"MAGVAR":"5"} },
{"type":"Feature",
"geometry": {"type": "Point","coordinates": [38.653333333,33.481666667] },"properties":{
"id":"RTS.1681",
"STATUS":"Действующий",
"DBIDENT":"1855092",
"NAME":"TANF",
"ALT_NAME":"TANF",
"DESIGNATOR":"TAN",
"":"",
"LATITUDE":"332854N",
"LONGITUDE":"0383912E",
"ICAO_REG":"OS",
"DECLINATION":"5",
"FREQUENCY":"114",
"ABSOLUTEHEIGHT":"750",
"SIGNPT_TYPE":"Совмещённый VOR/DME",
"OBJTOTEXT":"0",
"MAGVAR":"5"} },
{"type":"Feature",
"geometry": {"type": "Point","coordinates": [52.118611111,55.578333333] },"properties":{
"id":"RTS.1682",
"STATUS":"Действующий",
"DBIDENT":"1855633",
"NAME":"NIZHNEKAMSK Begishevo",
"ALT_NAME":"НИЖНЕКАМСК Бегишево",
"DESIGNATOR":"K",
"":"",
"LATITUDE":"553442N",
"LONGITUDE":"0520707E",
"ICAO_REG":"UW",
"DECLINATION":"14",
"FREQUENCY":"0.749",
"ABSOLUTEHEIGHT":"0",
"SIGNPT_TYPE":"Маяк NDB",
"OBJTOTEXT":"0",
"MAGVAR":"14"} },
{"type":"Feature",
"geometry": {"type": "Point","coordinates": [52.066388889,55.550833333] },"properties":{
"id":"RTS.1683",
"STATUS":"Действующий",
"DBIDENT":"1855635",
"NAME":"NIZHNEKAMSK Begishevo",
"ALT_NAME":"НИЖНЕКАМСК Бегишево",
"DESIGNATOR":"A",
"":"",
"LATITUDE":"553303N",
"LONGITUDE":"0520359E",
"ICAO_REG":"UW",
"DECLINATION":"14",
"FREQUENCY":"0.749",
"ABSOLUTEHEIGHT":"0",
"SIGNPT_TYPE":"Маяк NDB",
"OBJTOTEXT":"0",
"MAGVAR":"14"} },
{"type":"Feature",
"geometry": {"type": "Point","coordinates": [46.140555556,51.713333333] },"properties":{
"id":"RTS.1684",
"STATUS":"Действующий",
"DBIDENT":"1855662",
"NAME":"SARATOV Gagarin",
"ALT_NAME":"САРАТОВ Гагарин",
"DESIGNATOR":"GR",
"":"",
"LATITUDE":"514248N",
"LONGITUDE":"0460826E",
"ICAO_REG":"UW",
"DECLINATION":"11",
"FREQUENCY":"0.479",
"ABSOLUTEHEIGHT":"0",
"SIGNPT_TYPE":"Маяк NDB",
"OBJTOTEXT":"0",
"MAGVAR":"11"} },
{"type":"Feature",
"geometry": {"type": "Point","coordinates": [44.409166667,31.986111111] },"properties":{
"id":"RTS.1685",
"STATUS":"Действующий",
"DBIDENT":"1856249",
"NAME":"AL NAJAF AL-ASHRAF",
"DESIGNATOR":"ALI",
"":"",
"LATITUDE":"315910N",
"LONGITUDE":"0442433E",
"ICAO_REG":"OR",
"DECLINATION":"5",
"FREQUENCY":"114.7",
"ABSOLUTEHEIGHT":"30",
"SIGNPT_TYPE":"Совмещённый VOR/DME",
"OBJTOTEXT":"0",
"MAGVAR":"5"} },
{"type":"Feature",
"geometry": {"type": "Point","coordinates": [43.966388889,36.243055556] },"properties":{
"id":"RTS.1686",
"STATUS":"Действующий",
"DBIDENT":"1856250",
"NAME":"ERBIL",
"DESIGNATOR":"RER",
"":"",
"LATITUDE":"361435N",
"LONGITUDE":"0435759E",
"ICAO_REG":"OR",
"DECLINATION":"5",
"FREQUENCY":"116.3",
"ABSOLUTEHEIGHT":"430",
"SIGNPT_TYPE":"Совмещённый VOR/DME",
"OBJTOTEXT":"0",
"MAGVAR":"5"} },
{"type":"Feature",
"geometry": {"type": "Point","coordinates": [44.346111111,35.472777778] },"properties":{
"id":"RTS.1687",
"STATUS":"Действующий",
"DBIDENT":"1856251",
"NAME":"KIRKUK",
"DESIGNATOR":"KIR",
"":"",
"LATITUDE":"352822N",
"LONGITUDE":"0442046E",
"ICAO_REG":"OR",
"DECLINATION":"5",
"FREQUENCY":"111.2",
"ABSOLUTEHEIGHT":"340",
"SIGNPT_TYPE":"Совмещённый VOR/DME",
"OBJTOTEXT":"0",
"MAGVAR":"5"} },
{"type":"Feature",
"geometry": {"type": "Point","coordinates": [45.290000000,35.579444444] },"properties":{
"id":"RTS.1688",
"STATUS":"Действующий",
"DBIDENT":"1856252",
"NAME":"SULAIMANIYAH",
"DESIGNATOR":"SUL",
"":"",
"LATITUDE":"353446N",
"LONGITUDE":"0451724E",
"ICAO_REG":"OR",
"DECLINATION":"5",
"FREQUENCY":"117",
"ABSOLUTEHEIGHT":"760",
"SIGNPT_TYPE":"Совмещённый VOR/DME",
"OBJTOTEXT":"0",
"MAGVAR":"5"} },
{"type":"Feature",
"geometry": {"type": "Point","coordinates": [58.766666667,53.415833333] },"properties":{
"id":"RTS.1689",
"STATUS":"Действующий",
"DBIDENT":"1856275",
"NAME":"MAGNITOGORSK",
"ALT_NAME":"МАГНИТОГОРСК",
"DESIGNATOR":"C",
"":"",
"LATITUDE":"532457N",
"LONGITUDE":"0584600E",
"ICAO_REG":"US",
"DECLINATION":"4",
"FREQUENCY":"0.975",
"ABSOLUTEHEIGHT":"0",
"SIGNPT_TYPE":"Маяк NDB",
"OBJTOTEXT":"0",
"MAGVAR":"4"} },
{"type":"Feature",
"geometry": {"type": "Point","coordinates": [47.518333333,29.343333333] },"properties":{
"id":"RTS.1690",
"STATUS":"Действующий",
"DBIDENT":"1856467",
"NAME":"ALI AL SALEM",
"ALT_NAME":"ALI AL SALEM",
"DESIGNATOR":"ASB",
"":"",
"LATITUDE":"292036N",
"LONGITUDE":"0473106E",
"ICAO_REG":"OK",
"DECLINATION":"4",
"ABSOLUTEHEIGHT":"140",
"SIGNPT_TYPE":"Совмещённый VOR/TACAN",
"OBJTOTEXT":"0",
"MAGVAR":"4"} },
{"type":"Feature",
"geometry": {"type": "Point","coordinates": [94.741666667,58.181944444] },"properties":{
"id":"RTS.1691",
"STATUS":"Действующий",
"DBIDENT":"1856495",
"NAME":"MOTYGINO",
"ALT_NAME":"МОТЫГИНО",
"DESIGNATOR":"PO",
"":"",
"LATITUDE":"581055N",
"LONGITUDE":"0944430E",
"ICAO_REG":"UN",
"DECLINATION":"2",
"FREQUENCY":"0.473",
"ABSOLUTEHEIGHT":"0",
"SIGNPT_TYPE":"Маяк NDB",
"OBJTOTEXT":"0",
"MAGVAR":"2"} },
{"type":"Feature",
"geometry": {"type": "Point","coordinates": [35.951666667,35.396666667] },"properties":{
"id":"RTS.1692",
"STATUS":"Действующий",
"DBIDENT":"1856587",
"NAME":"LATAKIA",
"ALT_NAME":"LATAKIA",
"DESIGNATOR":"LTK",
"":"",
"LATITUDE":"352348N",
"LONGITUDE":"0355706E",
"ICAO_REG":"OS",
"DECLINATION":"5",
"FREQUENCY":"114.8",
"ABSOLUTEHEIGHT":"0",
"SIGNPT_TYPE":"Совмещённый VOR/DME",
"OBJTOTEXT":"0",
"MAGVAR":"5"} },
{"type":"Feature",
"geometry": {"type": "Point","coordinates": [35.941666667,35.480000000] },"properties":{
"id":"RTS.1693",
"STATUS":"Действующий",
"DBIDENT":"1856694",
"NAME":"LATAKIA",
"ALT_NAME":"LATAKIA",
"DESIGNATOR":"LTK",
"":"",
"LATITUDE":"352848N",
"LONGITUDE":"0355630E",
"ICAO_REG":"OS",
"DECLINATION":"5",
"FREQUENCY":"0.414",
"ABSOLUTEHEIGHT":"0",
"SIGNPT_TYPE":"Маяк NDB",
"OBJTOTEXT":"0",
"MAGVAR":"5"} },
{"type":"Feature",
"geometry": {"type": "Point","coordinates": [37.308333333,36.173333333] },"properties":{
"id":"RTS.1694",
"STATUS":"Действующий",
"DBIDENT":"1856698",
"NAME":"ALEPPO",
"ALT_NAME":"ALEPPO",
"DESIGNATOR":"MER",
"":"",
"LATITUDE":"361024N",
"LONGITUDE":"0371830E",
"ICAO_REG":"OS",
"DECLINATION":"6",
"FREQUENCY":"0.365",
"ABSOLUTEHEIGHT":"0",
"SIGNPT_TYPE":"Маяк NDB",
"OBJTOTEXT":"0",
"MAGVAR":"6"} },
{"type":"Feature",
"geometry": {"type": "Point","coordinates": [37.223333333,36.186666667] },"properties":{
"id":"RTS.1695",
"STATUS":"Действующий",
"DBIDENT":"1856699",
"NAME":"ALEPPO",
"ALT_NAME":"ALEPPO",
"DESIGNATOR":"ALE",
"":"",
"LATITUDE":"361112N",
"LONGITUDE":"0371324E",
"ICAO_REG":"OS",
"DECLINATION":"6",
"FREQUENCY":"0.396",
"ABSOLUTEHEIGHT":"0",
"SIGNPT_TYPE":"Маяк NDB",
"OBJTOTEXT":"0",
"MAGVAR":"6"} },
{"type":"Feature",
"geometry": {"type": "Point","coordinates": [36.601666667,33.483888889] },"properties":{
"id":"RTS.1696",
"STATUS":"Действующий",
"DBIDENT":"1856758",
"NAME":"DAMASCUS",
"ALT_NAME":"DAMASCUS",
"DESIGNATOR":"DAL",
"":"",
"LATITUDE":"332902N",
"LONGITUDE":"0363606E",
"ICAO_REG":"OS",
"DECLINATION":"5",
"FREQUENCY":"0.342",
"ABSOLUTEHEIGHT":"0",
"SIGNPT_TYPE":"Маяк NDB",
"OBJTOTEXT":"0",
"MAGVAR":"5"} },
{"type":"Feature",
"geometry": {"type": "Point","coordinates": [36.428333333,33.335000000] },"properties":{
"id":"RTS.1697",
"STATUS":"Действующий",
"DBIDENT":"1856760",
"NAME":"DAMASCUS",
"ALT_NAME":"DAMASCUS",
"DESIGNATOR":"ABD",
"":"",
"LATITUDE":"332006N",
"LONGITUDE":"0362542E",
"ICAO_REG":"OS",
"DECLINATION":"5",
"FREQUENCY":"0.264",
"ABSOLUTEHEIGHT":"0",
"SIGNPT_TYPE":"Маяк NDB",
"OBJTOTEXT":"0",
"MAGVAR":"5"} },
{"type":"Feature",
"geometry": {"type": "Point","coordinates": [36.226666667,33.486666667] },"properties":{
"id":"RTS.1698",
"STATUS":"Действующий",
"DBIDENT":"1856761",
"NAME":"DAMASCUS",
"ALT_NAME":"DAMASCUS",
"DESIGNATOR":"MEZ",
"":"",
"LATITUDE":"332912N",
"LONGITUDE":"0361336E",
"ICAO_REG":"OS",
"DECLINATION":"3",
"FREQUENCY":"0.358",
"ABSOLUTEHEIGHT":"0",
"SIGNPT_TYPE":"Маяк NDB",
"OBJTOTEXT":"0",
"MAGVAR":"3"} },
{"type":"Feature",
"geometry": {"type": "Point","coordinates": [37.233333333,34.226666667] },"properties":{
"id":"RTS.1699",
"STATUS":"Действующий",
"DBIDENT":"1856762",
"NAME":"KARIATAIN",
"ALT_NAME":"KARIATAIN",
"DESIGNATOR":"KTN",
"":"",
"LATITUDE":"341336N",
"LONGITUDE":"0371400E",
"ICAO_REG":"OS",
"DECLINATION":"5",
"FREQUENCY":"0.372",
"ABSOLUTEHEIGHT":"0",
"SIGNPT_TYPE":"Маяк NDB",
"OBJTOTEXT":"0",
"MAGVAR":"5"} },
{"type":"Feature",
"geometry": {"type": "Point","coordinates": [32.810000000,40.070000000] },"properties":{
"id":"RTS.1700",
"STATUS":"Действующий",
"DBIDENT":"1856782",
"NAME":"BAGLUM",
"ALT_NAME":"BAGLUM",
"DESIGNATOR":"BAG",
"":"",
"LATITUDE":"400412N",
"LONGITUDE":"0324836E",
"ICAO_REG":"LT",
"DECLINATION":"6",
"FREQUENCY":"113.1",
"ABSOLUTEHEIGHT":"1463",
"SIGNPT_TYPE":"Совмещённый VOR/DME",
"OBJTOTEXT":"0",
"MAGVAR":"6"} },
{"type":"Feature",
"geometry": {"type": "Point","coordinates": [41.205000000,37.030000000] },"properties":{
"id":"RTS.1701",
"STATUS":"Действующий",
"DBIDENT":"1856826",
"NAME":"KAMISHLY",
"ALT_NAME":"KAMISHLY",
"DESIGNATOR":"KML",
"":"",
"LATITUDE":"370148N",
"LONGITUDE":"0411218E",
"ICAO_REG":"OS",
"DECLINATION":"6",
"FREQUENCY":"0.312",
"ABSOLUTEHEIGHT":"0",
"SIGNPT_TYPE":"Маяк NDB",
"OBJTOTEXT":"0",
"MAGVAR":"6"} },
{"type":"Feature",
"geometry": {"type": "Point","coordinates": [40.153333333,35.291666667] },"properties":{
"id":"RTS.1702",
"STATUS":"Действующий",
"DBIDENT":"1856832",
"NAME":"DEIR ZZOR",
"ALT_NAME":"DEIR ZZOR",
"DESIGNATOR":"DRZ",
"":"",
"LATITUDE":"351730N",
"LONGITUDE":"0400912E",
"ICAO_REG":"OS",
"DECLINATION":"5",
"FREQUENCY":"117",
"ABSOLUTEHEIGHT":"210",
"SIGNPT_TYPE":"Совмещённый VOR/DME",
"OBJTOTEXT":"0",
"MAGVAR":"5"} },
{"type":"Feature",
"geometry": {"type": "Point","coordinates": [47.667777778,42.794444444] },"properties":{
"id":"RTS.1703",
"STATUS":"Действующий",
"DBIDENT":"1856999",
"NAME":"MAKHACHKALA UYTASH",
"ALT_NAME":"МАХАЧКАЛА Уйташ",
"DESIGNATOR":"MKL",
"":"",
"LATITUDE":"424740N",
"LONGITUDE":"0474004E",
"ICAO_REG":"WRL",
"DECLINATION":"7",
"FREQUENCY":"113.2",
"ABSOLUTEHEIGHT":"0",
"SIGNPT_TYPE":"Совмещённый VOR/DME",
"OBJTOTEXT":"0",
"MAGVAR":"7"} },
{"type":"Feature",
"geometry": {"type": "Point","coordinates": [32.828333333,39.953333333] },"properties":{
"id":"RTS.1704",
"STATUS":"Действующий",
"DBIDENT":"1857228",
"NAME":"ESENBOGA",
"DESIGNATOR":"ANK",
"":"",
"LATITUDE":"395712N",
"LONGITUDE":"0324942E",
"ICAO_REG":"LT",
"DECLINATION":"6",
"":"",
"FREQUENCY":"0",
"ABSOLUTEHEIGHT":"864",
"SIGNPT_TYPE":"Дальномер DME",
"OBJTOTEXT":"0",
"MAGVAR":"6"} },
{"type":"Feature",
"geometry": {"type": "Point","coordinates": [32.828333333,39.953333333] },"properties":{
"id":"RTS.1705",
"STATUS":"Действующий",
"DBIDENT":"1857229",
"NAME":"ESENBOGA",
"ALT_NAME":"ESENBOGA",
"DESIGNATOR":"ANK",
"":"",
"LATITUDE":"395712N",
"LONGITUDE":"0324942E",
"ICAO_REG":"LT",
"FREQUENCY":"0.356",
"ABSOLUTEHEIGHT":"0",
"SIGNPT_TYPE":"Маяк NDB",
"OBJTOTEXT":"0"} },
{"type":"Feature",
"geometry": {"type": "Point","coordinates": [33.105000000,40.241944444] },"properties":{
"id":"RTS.1706",
"STATUS":"Действующий",
"DBIDENT":"1857230",
"NAME":"CUBUK",
"ALT_NAME":"CUBUK",
"DESIGNATOR":"BUK",
"":"",
"LATITUDE":"401431N",
"LONGITUDE":"0330618E",
"ICAO_REG":"LT",
"DECLINATION":"6",
"FREQUENCY":"0.425",
"ABSOLUTEHEIGHT":"0",
"SIGNPT_TYPE":"Маяк NDB",
"OBJTOTEXT":"0",
"MAGVAR":"6"} },
{"type":"Feature",
"geometry": {"type": "Point","coordinates": [33.021111111,40.134166667] },"properties":{
"id":"RTS.1707",
"STATUS":"Действующий",
"DBIDENT":"1857233",
"NAME":"ESENBOGA",
"DESIGNATOR":"NBG",
"":"",
"LATITUDE":"400803N",
"LONGITUDE":"0330116E",
"ICAO_REG":"LT",
"DECLINATION":"6",
"FREQUENCY":"114.85",
"ABSOLUTEHEIGHT":"973",
"SIGNPT_TYPE":"Совмещённый VOR/DME",
"OBJTOTEXT":"0",
"MAGVAR":"6"} },
{"type":"Feature",
"geometry": {"type": "Point","coordinates": [47.790833333,51.894444444] },"properties":{
"id":"RTS.1708",
"STATUS":"Действующий",
"DBIDENT":"1857236",
"NAME":"BALAKOVO",
"ALT_NAME":"БАЛАКОВО",
"DESIGNATOR":"BW",
"":"",
"LATITUDE":"515340N",
"LONGITUDE":"0474727E",
"ICAO_REG":"UW",
"":"",
"FREQUENCY":"114.45",
"ABSOLUTEHEIGHT":"60",
"SIGNPT_TYPE":"Дальномер DME",
"OBJTOTEXT":"0"} },
{"type":"Feature",
"geometry": {"type": "Point","coordinates": [35.261666667,36.970833333] },"properties":{
"id":"RTS.1709",
"STATUS":"Действующий",
"DBIDENT":"1857243",
"NAME":"ADANA",
"DESIGNATOR":"ADA",
"":"",
"LATITUDE":"365815N",
"LONGITUDE":"0351542E",
"ICAO_REG":"LT",
"DECLINATION":"6",
"FREQUENCY":"0.395",
"ABSOLUTEHEIGHT":"0",
"SIGNPT_TYPE":"Маяк NDB",
"OBJTOTEXT":"0",
"MAGVAR":"6"} },
{"type":"Feature",
"geometry": {"type": "Point","coordinates": [54.196388889,39.703333333] },"properties":{
"id":"RTS.1710",
"STATUS":"Действующий",
"DBIDENT":"1857294",
"NAME":"BALKANABAT",
"ALT_NAME":"БАЛКАНАБАТ",
"DESIGNATOR":"ZO",
"":"",
"LATITUDE":"394212N",
"LONGITUDE":"0541147E",
"ICAO_REG":"UT",
"DECLINATION":"6",
"FREQUENCY":"0.355",
"ABSOLUTEHEIGHT":"-10",
"SIGNPT_TYPE":"Маяк NDB",
"OBJTOTEXT":"0",
"MAGVAR":"6"} },
{"type":"Feature",
"geometry": {"type": "Point","coordinates": [59.799444444,41.760000000] },"properties":{
"id":"RTS.1711",
"STATUS":"Действующий",
"DBIDENT":"1857299",
"NAME":"DASHOGUZ",
"DESIGNATOR":"R",
"":"",
"LATITUDE":"414536N",
"LONGITUDE":"0594758E",
"ICAO_REG":"UT",
"FREQUENCY":"0.662",
"ABSOLUTEHEIGHT":"0",
"SIGNPT_TYPE":"Маяк NDB",
"OBJTOTEXT":"0"} },
{"type":"Feature",
"geometry": {"type": "Point","coordinates": [96.386944444,61.683611111] },"properties":{
"id":"RTS.1712",
"STATUS":"Действующий",
"DBIDENT":"1858689",
"NAME":"BAJKIT",
"DESIGNATOR":"A",
"":"",
"LATITUDE":"614101N",
"LONGITUDE":"0962313E",
"ICAO_REG":"WRL",
"DECLINATION":"2",
"FREQUENCY":"0.67",
"ABSOLUTEHEIGHT":"0",
"SIGNPT_TYPE":"Маяк NDB",
"OBJTOTEXT":"0",
"MAGVAR":"2"} },
{"type":"Feature",
"geometry": {"type": "Point","coordinates": [143.023055556,64.535277778] },"properties":{
"id":"RTS.1713",
"STATUS":"Действующий",
"DBIDENT":"1858715",
"NAME":"UST-NERA",
"ALT_NAME":"УСТЬ-НЕРА",
"DESIGNATOR":"UE",
"":"",
"LATITUDE":"643207N",
"LONGITUDE":"1430123E",
"ICAO_REG":"UX",
"DECLINATION":"-15",
"FREQUENCY":"0.59",
"ABSOLUTEHEIGHT":"0",
"SIGNPT_TYPE":"Маяк NDB",
"OBJTOTEXT":"0",
"MAGVAR":"-15"} },
{"type":"Feature",
"geometry": {"type": "Point","coordinates": [142.792500000,64.498888889] },"properties":{
"id":"RTS.1714",
"STATUS":"Действующий",
"DBIDENT":"1858716",
"NAME":"UST-NERA",
"ALT_NAME":"УСТЬ-НЕРА",
"DESIGNATOR":"UN",
"":"",
"LATITUDE":"642956N",
"LONGITUDE":"1424733E",
"ICAO_REG":"UX",
"DECLINATION":"-15",
"FREQUENCY":"0.743",
"ABSOLUTEHEIGHT":"0",
"SIGNPT_TYPE":"Маяк NDB",
"OBJTOTEXT":"0",
"MAGVAR":"-15"} },
{"type":"Feature",
"geometry": {"type": "Point","coordinates": [46.056111111,39.549166667] },"properties":{
"id":"RTS.1715",
"STATUS":"Действующий",
"DBIDENT":"1858825",
"NAME":"SISIAN",
"DESIGNATOR":"SAX",
"":"",
"LATITUDE":"393257N",
"LONGITUDE":"0460322E",
"ICAO_REG":"UD",
"DECLINATION":"6",
"FREQUENCY":"113",
"ABSOLUTEHEIGHT":"1870",
"SIGNPT_TYPE":"Совмещённый VOR/DME",
"OBJTOTEXT":"0",
"MAGVAR":"6"} },
{"type":"Feature",
"geometry": {"type": "Point","coordinates": [47.521666667,42.975000000] },"properties":{
"id":"RTS.1716",
"STATUS":"Действующий",
"DBIDENT":"1859156",
"NAME":"MAKHACHKALA Uytash",
"ALT_NAME":"МАХАЧКАЛА Уйташ",
"DESIGNATOR":"TA",
"":"",
"LATITUDE":"425830N",
"LONGITUDE":"0473118E",
"ICAO_REG":"UR",
"DECLINATION":"7",
"FREQUENCY":"0.822",
"ABSOLUTEHEIGHT":"0",
"SIGNPT_TYPE":"Маяк NDB",
"OBJTOTEXT":"0",
"MAGVAR":"7"} },
{"type":"Feature",
"geometry": {"type": "Point","coordinates": [100.716388889,46.143888889] },"properties":{
"id":"RTS.1717",
"STATUS":"Действующий",
"DBIDENT":"1859258",
"NAME":"BAYANKHONGOR",
"DESIGNATOR":"BH",
"":"",
"LATITUDE":"460838N",
"LONGITUDE":"1004259E",
"ICAO_REG":"ZM",
"DECLINATION":"-3",
"FREQUENCY":"0.465",
"ABSOLUTEHEIGHT":"0",
"SIGNPT_TYPE":"Маяк NDB",
"OBJTOTEXT":"0",
"MAGVAR":"-3"} },
{"type":"Feature",
"geometry": {"type": "Point","coordinates": [104.430277778,43.598055556] },"properties":{
"id":"RTS.1718",
"STATUS":"Действующий",
"DBIDENT":"1859259",
"NAME":"GURVANSAIKHAN",
"DESIGNATOR":"DZ",
"":"",
"LATITUDE":"433553N",
"LONGITUDE":"1042549E",
"ICAO_REG":"ZM",
"DECLINATION":"-4",
"FREQUENCY":"0.51",
"ABSOLUTEHEIGHT":"0",
"SIGNPT_TYPE":"Маяк NDB",
"OBJTOTEXT":"0",
"MAGVAR":"-4"} },
{"type":"Feature",
"geometry": {"type": "Point","coordinates": [106.845833333,43.136944444] },"properties":{
"id":"RTS.1719",
"STATUS":"Действующий",
"DBIDENT":"1859260",
"NAME":"KHANBUMBAT",
"DESIGNATOR":"KB",
"":"",
"LATITUDE":"430813N",
"LONGITUDE":"1065045E",
"ICAO_REG":"ZM",
"DECLINATION":"-5",
"FREQUENCY":"0.485",
"ABSOLUTEHEIGHT":"0",
"SIGNPT_TYPE":"Маяк NDB",
"OBJTOTEXT":"0",
"MAGVAR":"-5"} },
{"type":"Feature",
"geometry": {"type": "Point","coordinates": [100.390555556,49.692222222] },"properties":{
"id":"RTS.1720",
"STATUS":"Действующий",
"DBIDENT":"1859261",
"NAME":"KHENGEREGTEI",
"DESIGNATOR":"HEG",
"":"",
"LATITUDE":"494132N",
"LONGITUDE":"1002326E",
"ICAO_REG":"ZM",
"":"",
"FREQUENCY":"116.2",
"ABSOLUTEHEIGHT":"2040",
"SIGNPT_TYPE":"Дальномер DME",
"OBJTOTEXT":"0"} },
{"type":"Feature",
"geometry": {"type": "Point","coordinates": [105.577222222,43.772222222] },"properties":{
"id":"RTS.1721",
"STATUS":"Действующий",
"DBIDENT":"1859262",
"NAME":"TAVANTOLGOI",
"DESIGNATOR":"TG",
"":"",
"LATITUDE":"434620N",
"LONGITUDE":"1053438E",
"ICAO_REG":"ZM",
"DECLINATION":"-4",
"FREQUENCY":"0.42",
"ABSOLUTEHEIGHT":"0",
"SIGNPT_TYPE":"Маяк NDB",
"OBJTOTEXT":"0",
"MAGVAR":"-4"} },
{"type":"Feature",
"geometry": {"type": "Point","coordinates": [75.076388889,68.006111111] },"properties":{
"id":"RTS.1722",
"STATUS":"Действующий",
"DBIDENT":"1859692",
"NAME":"YAMBURG",
"ALT_NAME":"ЯМБУРГ",
"DESIGNATOR":"M",
"":"",
"LATITUDE":"680022N",
"LONGITUDE":"0750435E",
"ICAO_REG":"US",
"DECLINATION":"24",
"FREQUENCY":"0.707",
"ABSOLUTEHEIGHT":"0",
"SIGNPT_TYPE":"Маяк NDB",
"OBJTOTEXT":"0",
"MAGVAR":"24"} },
{"type":"Feature",
"geometry": {"type": "Point","coordinates": [31.122500000,31.528888889] },"properties":{
"id":"RTS.1723",
"STATUS":"Действующий",
"DBIDENT":"1859954",
"NAME":"BALTIM",
"DESIGNATOR":"BLT",
"":"",
"LATITUDE":"313144N",
"LONGITUDE":"0310721E",
"ICAO_REG":"HE",
"DECLINATION":"5",
"FREQUENCY":"116.9",
"ABSOLUTEHEIGHT":"0",
"SIGNPT_TYPE":"Совмещённый VOR/DME",
"OBJTOTEXT":"0",
"MAGVAR":"5"} },
{"type":"Feature",
"geometry": {"type": "Point","coordinates": [29.950833333,31.187500000] },"properties":{
"id":"RTS.1724",
"STATUS":"Действующий",
"DBIDENT":"1859958",
"NAME":"ALEXANDRIA",
"DESIGNATOR":"NOZ",
"":"",
"LATITUDE":"311115N",
"LONGITUDE":"0295703E",
"ICAO_REG":"HE",
"DECLINATION":"5",
"FREQUENCY":"115.9",
"ABSOLUTEHEIGHT":"0",
"SIGNPT_TYPE":"Совмещённый VOR/DME",
"OBJTOTEXT":"0",
"MAGVAR":"5"} },
{"type":"Feature",
"geometry": {"type": "Point","coordinates": [30.393055556,29.397500000] },"properties":{
"id":"RTS.1725",
"STATUS":"Действующий",
"DBIDENT":"1859962",
"NAME":"FAYOUM",
"DESIGNATOR":"FYM",
"":"",
"LATITUDE":"292351N",
"LONGITUDE":"0302335E",
"ICAO_REG":"HE",
"DECLINATION":"5",
"FREQUENCY":"117.3",
"ABSOLUTEHEIGHT":"0",
"SIGNPT_TYPE":"Совмещённый VOR/DME",
"OBJTOTEXT":"0",
"MAGVAR":"5"} },
{"type":"Feature",
"geometry": {"type": "Point","coordinates": [33.831944444,31.073055556] },"properties":{
"id":"RTS.1726",
"STATUS":"Действующий",
"DBIDENT":"1859966",
"NAME":"EL ARISH",
"DESIGNATOR":"ARH",
"":"",
"LATITUDE":"310423N",
"LONGITUDE":"0334955E",
"ICAO_REG":"HE",
"DECLINATION":"5",
"FREQUENCY":"113.6",
"ABSOLUTEHEIGHT":"0",
"SIGNPT_TYPE":"Совмещённый VOR/DME",
"OBJTOTEXT":"0",
"MAGVAR":"5"} },
{"type":"Feature",
"geometry": {"type": "Point","coordinates": [34.797500000,29.606666667] },"properties":{
"id":"RTS.1727",
"STATUS":"Действующий",
"DBIDENT":"1859967",
"NAME":"TABA",
"DESIGNATOR":"TBA",
"":"",
"LATITUDE":"293624N",
"LONGITUDE":"0344751E",
"ICAO_REG":"HE",
"DECLINATION":"5",
"FREQUENCY":"114.5",
"ABSOLUTEHEIGHT":"0",
"SIGNPT_TYPE":"Совмещённый VOR/DME",
"OBJTOTEXT":"0",
"MAGVAR":"5"} },
{"type":"Feature",
"geometry": {"type": "Point","coordinates": [34.413333333,27.998333333] },"properties":{
"id":"RTS.1728",
"STATUS":"Действующий",
"DBIDENT":"1859968",
"NAME":"SHARM El SHEIKH",
"DESIGNATOR":"SHM",
"":"",
"LATITUDE":"275954N",
"LONGITUDE":"0342448E",
"ICAO_REG":"OE",
"DECLINATION":"5",
"FREQUENCY":"114.2",
"ABSOLUTEHEIGHT":"0",
"SIGNPT_TYPE":"Совмещённый VOR/DME",
"OBJTOTEXT":"0",
"MAGVAR":"5"} },
{"type":"Feature",
"geometry": {"type": "Point","coordinates": [33.796388889,27.177777778] },"properties":{
"id":"RTS.1729",
"STATUS":"Действующий",
"DBIDENT":"1859973",
"NAME":"HURGHADA",
"DESIGNATOR":"HGD",
"":"",
"LATITUDE":"271040N",
"LONGITUDE":"0334747E",
"ICAO_REG":"HE",
"DECLINATION":"5",
"FREQUENCY":"116.5",
"ABSOLUTEHEIGHT":"0",
"SIGNPT_TYPE":"Совмещённый VOR/DME",
"OBJTOTEXT":"0",
"MAGVAR":"5"} },
{"type":"Feature",
"geometry": {"type": "Point","coordinates": [27.222222222,31.319722222] },"properties":{
"id":"RTS.1730",
"STATUS":"Действующий",
"DBIDENT":"1859985",
"NAME":"MERSA MATRUH",
"DESIGNATOR":"MMA",
"":"",
"LATITUDE":"311911N",
"LONGITUDE":"0271320E",
"ICAO_REG":"HE",
"DECLINATION":"5",
"FREQUENCY":"116.4",
"ABSOLUTEHEIGHT":"0",
"SIGNPT_TYPE":"Совмещённый VOR/DME",
"OBJTOTEXT":"0",
"MAGVAR":"5"} },
{"type":"Feature",
"geometry": {"type": "Point","coordinates": [31.423888889,30.151944444] },"properties":{
"id":"RTS.1731",
"STATUS":"Действующий",
"DBIDENT":"1860028",
"NAME":"CAIRO",
"DESIGNATOR":"CAI",
"":"",
"LATITUDE":"300907N",
"LONGITUDE":"0312526E",
"ICAO_REG":"HE",
"DECLINATION":"5",
"FREQUENCY":"112.5",
"ABSOLUTEHEIGHT":"0",
"SIGNPT_TYPE":"Совмещённый VOR/DME",
"OBJTOTEXT":"0",
"MAGVAR":"5"} },
{"type":"Feature",
"geometry": {"type": "Point","coordinates": [31.388333333,30.092222222] },"properties":{
"id":"RTS.1732",
"STATUS":"Действующий",
"DBIDENT":"1860029",
"NAME":"CAIRO",
"DESIGNATOR":"CVO",
"":"",
"LATITUDE":"300532N",
"LONGITUDE":"0312318E",
"ICAO_REG":"HE",
"DECLINATION":"5",
"FREQUENCY":"115.2",
"ABSOLUTEHEIGHT":"0",
"SIGNPT_TYPE":"Совмещённый VOR/DME",
"OBJTOTEXT":"0",
"MAGVAR":"5"} },
{"type":"Feature",
"geometry": {"type": "Point","coordinates": [26.005555556,31.575555556] },"properties":{
"id":"RTS.1733",
"STATUS":"Действующий",
"DBIDENT":"1860118",
"NAME":"SIDI BARRANI",
"DESIGNATOR":"BRN",
"":"",
"LATITUDE":"313432N",
"LONGITUDE":"0260020E",
"ICAO_REG":"HE",
"DECLINATION":"5",
"FREQUENCY":"116.2",
"ABSOLUTEHEIGHT":"0",
"SIGNPT_TYPE":"Совмещённый VOR/DME",
"OBJTOTEXT":"0",
"MAGVAR":"5"} },
{"type":"Feature",
"geometry": {"type": "Point","coordinates": [30.590833333,25.448333333] },"properties":{
"id":"RTS.1734",
"STATUS":"Действующий",
"DBIDENT":"1860125",
"NAME":"EL KHARGA",
"DESIGNATOR":"KHG",
"":"",
"LATITUDE":"252654N",
"LONGITUDE":"0303527E",
"ICAO_REG":"HE",
"DECLINATION":"5",
"FREQUENCY":"113.8",
"ABSOLUTEHEIGHT":"0",
"SIGNPT_TYPE":"Совмещённый VOR/DME",
"OBJTOTEXT":"0",
"MAGVAR":"5"} },
{"type":"Feature",
"geometry": {"type": "Point","coordinates": [32.706388889,25.670833333] },"properties":{
"id":"RTS.1735",
"STATUS":"Действующий",
"DBIDENT":"1860128",
"NAME":"LUXOR",
"DESIGNATOR":"LXR",
"":"",
"LATITUDE":"254015N",
"LONGITUDE":"0324223E",
"ICAO_REG":"HE",
"DECLINATION":"5",
"FREQUENCY":"114.4",
"ABSOLUTEHEIGHT":"0",
"SIGNPT_TYPE":"Совмещённый VOR/DME",
"OBJTOTEXT":"0",
"MAGVAR":"5"} },
{"type":"Feature",
"geometry": {"type": "Point","coordinates": [30.393055556,29.397500000] },"properties":{
"id":"RTS.1736",
"STATUS":"Действующий",
"DBIDENT":"1860142",
"NAME":"FAYOUM",
"DESIGNATOR":"FYM",
"":"",
"LATITUDE":"292351N",
"LONGITUDE":"0302335E",
"ICAO_REG":"HE",
"DECLINATION":"5",
"FREQUENCY":"117.3",
"ABSOLUTEHEIGHT":"0",
"SIGNPT_TYPE":"Совмещённый VOR/DME",
"OBJTOTEXT":"0",
"MAGVAR":"5"} },
{"type":"Feature",
"geometry": {"type": "Point","coordinates": [33.796388889,27.177777778] },"properties":{
"id":"RTS.1737",
"STATUS":"Действующий",
"DBIDENT":"1860147",
"NAME":"HURGHADA",
"DESIGNATOR":"HGD",
"":"",
"LATITUDE":"271040N",
"LONGITUDE":"0334747E",
"ICAO_REG":"HE",
"DECLINATION":"5",
"FREQUENCY":"116.5",
"ABSOLUTEHEIGHT":"0",
"SIGNPT_TYPE":"Совмещённый VOR/DME",
"OBJTOTEXT":"0",
"MAGVAR":"5"} },
{"type":"Feature",
"geometry": {"type": "Point","coordinates": [32.237777778,31.278888889] },"properties":{
"id":"RTS.1738",
"STATUS":"Действующий",
"DBIDENT":"1860155",
"NAME":"PORT SAID",
"DESIGNATOR":"PSD",
"":"",
"LATITUDE":"311644N",
"LONGITUDE":"0321416E",
"ICAO_REG":"HE",
"DECLINATION":"5",
"FREQUENCY":"113.2",
"ABSOLUTEHEIGHT":"10",
"SIGNPT_TYPE":"Совмещённый VOR/DME",
"OBJTOTEXT":"0",
"MAGVAR":"5"} },
{"type":"Feature",
"geometry": {"type": "Point","coordinates": [32.816944444,23.971666667] },"properties":{
"id":"RTS.1739",
"STATUS":"Действующий",
"DBIDENT":"1860352",
"NAME":"ASWAN",
"DESIGNATOR":"ASN",
"":"",
"LATITUDE":"235818N",
"LONGITUDE":"0324901E",
"ICAO_REG":"HE",
"DECLINATION":"4",
"FREQUENCY":"112.3",
"ABSOLUTEHEIGHT":"0",
"SIGNPT_TYPE":"Совмещённый VOR/DME",
"OBJTOTEXT":"0",
"MAGVAR":"4"} },
{"type":"Feature",
"geometry": {"type": "Point","coordinates": [31.275000000,30.041666667] },"properties":{
"id":"RTS.1740",
"STATUS":"Действующий",
"DBIDENT":"1860471",
"NAME":"MOQUATTAM",
"DESIGNATOR":"MKT",
"":"",
"LATITUDE":"300230N",
"LONGITUDE":"0311630E",
"ICAO_REG":"HE",
"DECLINATION":"5",
"FREQUENCY":"0.317",
"ABSOLUTEHEIGHT":"0",
"SIGNPT_TYPE":"Маяк NDB",
"OBJTOTEXT":"0",
"MAGVAR":"5"} },
{"type":"Feature",
"geometry": {"type": "Point","coordinates": [31.359444444,30.073888889] },"properties":{
"id":"RTS.1741",
"STATUS":"Действующий",
"DBIDENT":"1860475",
"NAME":"ALMAZA",
"DESIGNATOR":"A",
"":"",
"LATITUDE":"300426N",
"LONGITUDE":"0312134E",
"ICAO_REG":"HE",
"DECLINATION":"5",
"FREQUENCY":"0.49",
"ABSOLUTEHEIGHT":"0",
"SIGNPT_TYPE":"Маяк NDB",
"OBJTOTEXT":"0",
"MAGVAR":"5"} },
{"type":"Feature",
"geometry": {"type": "Point","coordinates": [31.621666667,22.355000000] },"properties":{
"id":"RTS.1742",
"STATUS":"Действующий",
"DBIDENT":"1860597",
"NAME":"ABU SIMBEL",
"DESIGNATOR":"SML",
"":"",
"LATITUDE":"222118N",
"LONGITUDE":"0313718E",
"ICAO_REG":"HE",
"DECLINATION":"4",
"FREQUENCY":"113.5",
"ABSOLUTEHEIGHT":"0",
"SIGNPT_TYPE":"Совмещённый VOR/DME",
"OBJTOTEXT":"0",
"MAGVAR":"4"} },
{"type":"Feature",
"geometry": {"type": "Point","coordinates": [34.721666667,31.286111111] },"properties":{
"id":"RTS.1743",
"STATUS":"Действующий",
"DBIDENT":"1860693",
"NAME":"BEER-SHEBA",
"DESIGNATOR":"BSA",
"":"",
"LATITUDE":"311710N",
"LONGITUDE":"0344318E",
"ICAO_REG":"LL",
"DECLINATION":"5",
"FREQUENCY":"114.3",
"ABSOLUTEHEIGHT":"210",
"SIGNPT_TYPE":"Совмещённый VOR/DME",
"OBJTOTEXT":"0",
"MAGVAR":"5"} },
{"type":"Feature",
"geometry": {"type": "Point","coordinates": [34.875277778,32.013055556] },"properties":{
"id":"RTS.1744",
"STATUS":"Действующий",
"DBIDENT":"1860702",
"NAME":"BEN-GURION",
"ALT_NAME":"BEN-GURION",
"DESIGNATOR":"BGN",
"":"",
"LATITUDE":"320047N",
"LONGITUDE":"0345231E",
"ICAO_REG":"LL",
"DECLINATION":"5",
"FREQUENCY":"113.5",
"ABSOLUTEHEIGHT":"30",
"SIGNPT_TYPE":"Совмещённый VOR/DME",
"OBJTOTEXT":"0",
"MAGVAR":"5"} },
{"type":"Feature",
"geometry": {"type": "Point","coordinates": [35.041388889,31.793055556] },"properties":{
"id":"RTS.1745",
"STATUS":"Действующий",
"DBIDENT":"1860707",
"NAME":"BET-MEIR",
"DESIGNATOR":"BTM",
"":"",
"LATITUDE":"314735N",
"LONGITUDE":"0350229E",
"ICAO_REG":"LL",
"DECLINATION":"5",
"":"",
"FREQUENCY":"112",
"ABSOLUTEHEIGHT":"670",
"SIGNPT_TYPE":"Дальномер DME",
"OBJTOTEXT":"0",
"MAGVAR":"5"} },
{"type":"Feature",
"geometry": {"type": "Point","coordinates": [35.020555556,29.753055556] },"properties":{
"id":"RTS.1746",
"STATUS":"Действующий",
"DBIDENT":"1860710",
"NAME":"ILAN AND ASAF",
"DESIGNATOR":"RAM",
"":"",
"LATITUDE":"294511N",
"LONGITUDE":"0350114E",
"ICAO_REG":"LL",
"DECLINATION":"5",
"FREQUENCY":"113.85",
"ABSOLUTEHEIGHT":"90",
"SIGNPT_TYPE":"Совмещённый VOR/DME",
"OBJTOTEXT":"0",
"MAGVAR":"5"} },
{"type":"Feature",
"geometry": {"type": "Point","coordinates": [35.391666667,31.331666667] },"properties":{
"id":"RTS.1747",
"STATUS":"Действующий",
"DBIDENT":"1860713",
"NAME":"METZADA",
"DESIGNATOR":"MZD",
"":"",
"LATITUDE":"311954N",
"LONGITUDE":"0352330E",
"ICAO_REG":"LL",
"DECLINATION":"5",
"FREQUENCY":"115",
"ABSOLUTEHEIGHT":"-370",
"SIGNPT_TYPE":"Совмещённый VOR/DME",
"OBJTOTEXT":"0",
"MAGVAR":"5"} },
{"type":"Feature",
"geometry": {"type": "Point","coordinates": [34.968888889,32.333888889] },"properties":{
"id":"RTS.1748",
"STATUS":"Действующий",
"DBIDENT":"1860714",
"NAME":"NATANIA",
"DESIGNATOR":"NAT",
"":"",
"LATITUDE":"322002N",
"LONGITUDE":"0345808E",
"ICAO_REG":"LL",
"DECLINATION":"5",
"FREQUENCY":"112.4",
"ABSOLUTEHEIGHT":"30",
"SIGNPT_TYPE":"Совмещённый VOR/DME",
"OBJTOTEXT":"0",
"MAGVAR":"5"} },
{"type":"Feature",
"geometry": {"type": "Point","coordinates": [35.572777778,32.982500000] },"properties":{
"id":"RTS.1749",
"STATUS":"Действующий",
"DBIDENT":"1860716",
"NAME":"ROSH-PINA",
"DESIGNATOR":"ROP",
"":"",
"LATITUDE":"325857N",
"LONGITUDE":"0353422E",
"ICAO_REG":"LL",
"DECLINATION":"5",
"FREQUENCY":"115.3",
"ABSOLUTEHEIGHT":"270",
"SIGNPT_TYPE":"Совмещённый VOR/DME",
"OBJTOTEXT":"0",
"MAGVAR":"5"} },
{"type":"Feature",
"geometry": {"type": "Point","coordinates": [35.161944444,30.558888889] },"properties":{
"id":"RTS.1750",
"STATUS":"Действующий",
"DBIDENT":"1860718",
"NAME":"ZOFAR",
"DESIGNATOR":"ZFR",
"":"",
"LATITUDE":"303332N",
"LONGITUDE":"0350943E",
"ICAO_REG":"LL",
"DECLINATION":"5",
"FREQUENCY":"115.6",
"ABSOLUTEHEIGHT":"30",
"SIGNPT_TYPE":"Совмещённый VOR/DME",
"OBJTOTEXT":"0",
"MAGVAR":"5"} },
{"type":"Feature",
"geometry": {"type": "Point","coordinates": [37.241666667,19.401666667] },"properties":{
"id":"RTS.1751",
"STATUS":"Действующий",
"DBIDENT":"1860726",
"NAME":"PORT SUDAN",
"DESIGNATOR":"PSD",
"":"",
"LATITUDE":"192406N",
"LONGITUDE":"0371430E",
"ICAO_REG":"HS",
"DECLINATION":"4",
"FREQUENCY":"113.1",
"ABSOLUTEHEIGHT":"0",
"SIGNPT_TYPE":"Совмещённый VOR/DME",
"OBJTOTEXT":"0",
"MAGVAR":"4"} },
{"type":"Feature",
"geometry": {"type": "Point","coordinates": [31.031666667,27.031666667] },"properties":{
"id":"RTS.1752",
"STATUS":"Действующий",
"DBIDENT":"1860764",
"NAME":"ASYUT",
"DESIGNATOR":"AST",
"":"",
"LATITUDE":"270154N",
"LONGITUDE":"0310154E",
"ICAO_REG":"HE",
"DECLINATION":"5",
"FREQUENCY":"117.7",
"ABSOLUTEHEIGHT":"0",
"SIGNPT_TYPE":"Совмещённый VOR/DME",
"OBJTOTEXT":"0",
"MAGVAR":"5"} },
{"type":"Feature",
"geometry": {"type": "Point","coordinates": [166.168888889,67.846111111] },"properties":{
"id":"RTS.1753",
"STATUS":"Действующий",
"DBIDENT":"1861060",
"NAME":"KEPERVEYEM",
"ALT_NAME":"КЕПЕРВЕЕМ",
"DESIGNATOR":"KW",
"":"",
"LATITUDE":"675046N",
"LONGITUDE":"1661008E",
"ICAO_REG":"UH",
"DECLINATION":"-8",
"FREQUENCY":"115.6",
"ABSOLUTEHEIGHT":"210",
"SIGNPT_TYPE":"Совмещённый VOR/DME",
"OBJTOTEXT":"0",
"MAGVAR":"-8"} },
{"type":"Feature",
"geometry": {"type": "Point","coordinates": [34.566666667,25.583333333] },"properties":{
"id":"RTS.1754",
"STATUS":"Действующий",
"DBIDENT":"1861134",
"NAME":"MARSA ALAM",
"DESIGNATOR":"MAK",
"":"",
"LATITUDE":"253500N",
"LONGITUDE":"0343400E",
"ICAO_REG":"HE",
"DECLINATION":"4",
"FREQUENCY":"115.5",
"ABSOLUTEHEIGHT":"0",
"SIGNPT_TYPE":"Совмещённый VOR/DME",
"OBJTOTEXT":"0",
"MAGVAR":"4"} },
{"type":"Feature",
"geometry": {"type": "Point","coordinates": [38.038333333,24.150000000] },"properties":{
"id":"RTS.1755",
"STATUS":"Действующий",
"DBIDENT":"1861257",
"NAME":"YENBO",
"DESIGNATOR":"YEN",
"":"",
"LATITUDE":"240900N",
"LONGITUDE":"0380218E",
"ICAO_REG":"OE",
"DECLINATION":"4",
"FREQUENCY":"112.9",
"ABSOLUTEHEIGHT":"0",
"SIGNPT_TYPE":"Совмещённый VOR/DME",
"OBJTOTEXT":"0",
"MAGVAR":"4"} },
{"type":"Feature",
"geometry": {"type": "Point","coordinates": [20.253333333,32.125000000] },"properties":{
"id":"RTS.1756",
"STATUS":"Действующий",
"DBIDENT":"1861290",
"NAME":"BENINA",
"DESIGNATOR":"BNA",
"":"",
"LATITUDE":"320730N",
"LONGITUDE":"0201512E",
"ICAO_REG":"HL",
"DECLINATION":"4",
"FREQUENCY":"117.4",
"ABSOLUTEHEIGHT":"0",
"SIGNPT_TYPE":"Совмещённый VOR/DME",
"OBJTOTEXT":"0",
"MAGVAR":"4"} },
{"type":"Feature",
"geometry": {"type": "Point","coordinates": [35.486666667,33.806666667] },"properties":{
"id":"RTS.1757",
"STATUS":"Действующий",
"DBIDENT":"1861384",
"NAME":"KALDE",
"DESIGNATOR":"KAD",
"":"",
"LATITUDE":"334824N",
"LONGITUDE":"0352912E",
"ICAO_REG":"OL",
"DECLINATION":"5",
"FREQUENCY":"112.6",
"ABSOLUTEHEIGHT":"20",
"SIGNPT_TYPE":"Совмещённый VOR/DME",
"OBJTOTEXT":"0",
"MAGVAR":"5"} },
{"type":"Feature",
"geometry": {"type": "Point","coordinates": [35.700000000,34.300000000] },"properties":{
"id":"RTS.1758",
"STATUS":"Действующий",
"DBIDENT":"1861399",
"NAME":"CHEKA",
"DESIGNATOR":"CAK",
"":"",
"LATITUDE":"341800N",
"LONGITUDE":"0354200E",
"ICAO_REG":"OL",
"DECLINATION":"5",
"FREQUENCY":"116.2",
"ABSOLUTEHEIGHT":"230",
"SIGNPT_TYPE":"Совмещённый VOR/DME",
"OBJTOTEXT":"0",
"MAGVAR":"5"} },
{"type":"Feature",
"geometry": {"type": "Point","coordinates": [36.003333333,34.586666667] },"properties":{
"id":"RTS.1759",
"STATUS":"Действующий",
"DBIDENT":"1861441",
"NAME":"KLEYATE",
"DESIGNATOR":"RA",
"":"",
"LATITUDE":"343512N",
"LONGITUDE":"0360012E",
"ICAO_REG":"OL",
"DECLINATION":"5",
"FREQUENCY":"0.45",
"ABSOLUTEHEIGHT":"0",
"SIGNPT_TYPE":"Маяк NDB",
"OBJTOTEXT":"0",
"MAGVAR":"5"} },
{"type":"Feature",
"geometry": {"type": "Point","coordinates": [35.555000000,33.770000000] },"properties":{
"id":"RTS.1760",
"STATUS":"Действующий",
"DBIDENT":"1861473",
"NAME":"BAYSUR",
"DESIGNATOR":"BAR",
"":"",
"LATITUDE":"334612N",
"LONGITUDE":"0353318E",
"ICAO_REG":"OL",
"DECLINATION":"5",
"FREQUENCY":"113.9",
"ABSOLUTEHEIGHT":"0",
"SIGNPT_TYPE":"Всенаправленный маяк VOR",
"OBJTOTEXT":"0",
"MAGVAR":"5"} },
{"type":"Feature",
"geometry": {"type": "Point","coordinates": [28.478333333,44.285555556] },"properties":{
"id":"RTS.1761",
"STATUS":"Действующий",
"DBIDENT":"1861846",
"NAME":"CONSTANTA",
"DESIGNATOR":"CND",
"":"",
"LATITUDE":"441708N",
"LONGITUDE":"0282842E",
"ICAO_REG":"LR",
"DECLINATION":"7",
"FREQUENCY":"112.7",
"ABSOLUTEHEIGHT":"0",
"SIGNPT_TYPE":"Совмещённый VOR/DME",
"OBJTOTEXT":"0",
"MAGVAR":"7"} },
{"type":"Feature",
"geometry": {"type": "Point","coordinates": [28.623333333,44.036666667] },"properties":{
"id":"RTS.1762",
"STATUS":"Действующий",
"DBIDENT":"1861848",
"NAME":"TUZLA",
"ALT_NAME":"ТУЗЛА",
"DESIGNATOR":"TZL",
"":"",
"LATITUDE":"440212N",
"LONGITUDE":"0283724E",
"ICAO_REG":"LR",
"":"",
"FREQUENCY":"1125",
"ABSOLUTEHEIGHT":"150",
"SIGNPT_TYPE":"Дальномер DME",
"OBJTOTEXT":"0"} },
{"type":"Feature",
"geometry": {"type": "Point","coordinates": [42.656944444,18.241944444] },"properties":{
"id":"RTS.1763",
"STATUS":"Действующий",
"DBIDENT":"1862038",
"NAME":"ABHA",
"ALT_NAME":"ABHA",
"DESIGNATOR":"ABH",
"":"",
"LATITUDE":"181431N",
"LONGITUDE":"0423925E",
"ICAO_REG":"OE",
"DECLINATION":"3",
"ABSOLUTEHEIGHT":"2100",
"SIGNPT_TYPE":"Совмещённый VOR/TACAN",
"OBJTOTEXT":"0",
"MAGVAR":"3"} },
{"type":"Feature",
"geometry": {"type": "Point","coordinates": [49.484166667,25.279166667] },"properties":{
"id":"RTS.1764",
"STATUS":"Действующий",
"DBIDENT":"1862039",
"NAME":"AL AHSA",
"ALT_NAME":"AL AHSA",
"DESIGNATOR":"HSA",
"":"",
"LATITUDE":"251645N",
"LONGITUDE":"0492903E",
"ICAO_REG":"OE",
"DECLINATION":"3",
"ABSOLUTEHEIGHT":"180",
"SIGNPT_TYPE":"Совмещённый VOR/TACAN",
"OBJTOTEXT":"0",
"MAGVAR":"3"} },
{"type":"Feature",
"geometry": {"type": "Point","coordinates": [41.629166667,20.292500000] },"properties":{
"id":"RTS.1765",
"STATUS":"Действующий",
"DBIDENT":"1862040",
"NAME":"AL BAHA",
"ALT_NAME":"AL BAHA",
"DESIGNATOR":"BHA",
"":"",
"LATITUDE":"201733N",
"LONGITUDE":"0413745E",
"ICAO_REG":"OE",
"DECLINATION":"3",
"ABSOLUTEHEIGHT":"1680",
"SIGNPT_TYPE":"Совмещённый VOR/TACAN",
"OBJTOTEXT":"0",
"MAGVAR":"3"} },
{"type":"Feature",
"geometry": {"type": "Point","coordinates": [44.119166667,24.448888889] },"properties":{
"id":"RTS.1766",
"STATUS":"Действующий",
"DBIDENT":"1862041",
"NAME":"AL DAWADMI",
"ALT_NAME":"AL DAWADMI",
"DESIGNATOR":"DAW",
"":"",
"LATITUDE":"242656N",
"LONGITUDE":"0440709E",
"ICAO_REG":"OE",
"DECLINATION":"3",
"FREQUENCY":"116.1",
"ABSOLUTEHEIGHT":"940",
"SIGNPT_TYPE":"Совмещённый VOR/DME",
"OBJTOTEXT":"0",
"MAGVAR":"3"} },
{"type":"Feature",
"geometry": {"type": "Point","coordinates": [40.071666667,29.789444444] },"properties":{
"id":"RTS.1767",
"STATUS":"Действующий",
"DBIDENT":"1862042",
"NAME":"AL JOUF",
"ALT_NAME":"AL JOUF",
"DESIGNATOR":"AJF",
"":"",
"LATITUDE":"294722N",
"LONGITUDE":"0400418E",
"ICAO_REG":"OE",
"DECLINATION":"4",
"ABSOLUTEHEIGHT":"670",
"SIGNPT_TYPE":"Совмещённый VOR/TACAN",
"OBJTOTEXT":"0",
"MAGVAR":"4"} },
{"type":"Feature",
"geometry": {"type": "Point","coordinates": [47.407500000,24.068333333] },"properties":{
"id":"RTS.1768",
"STATUS":"Действующий",
"DBIDENT":"1862043",
"NAME":"AL KHARJ",
"ALT_NAME":"AL KHARJ",
"DESIGNATOR":"AKJ",
"":"",
"LATITUDE":"240406N",
"LONGITUDE":"0472427E",
"ICAO_REG":"OE",
"DECLINATION":"3",
"ABSOLUTEHEIGHT":"460",
"SIGNPT_TYPE":"Совмещённый VOR/TACAN",
"OBJTOTEXT":"0",
"MAGVAR":"3"} },
{"type":"Feature",
"geometry": {"type": "Point","coordinates": [47.583611111,24.074166667] },"properties":{
"id":"RTS.1769",
"STATUS":"Действующий",
"DBIDENT":"1862044",
"NAME":"AL KHARJ",
"ALT_NAME":"PRINCE SULTAN AIR BASE",
"DESIGNATOR":"PSA",
"":"",
"LATITUDE":"240427N",
"LONGITUDE":"0473501E",
"ICAO_REG":"OE",
"DECLINATION":"2",
"ABSOLUTEHEIGHT":"490",
"SIGNPT_TYPE":"Совмещённый VOR/TACAN",
"OBJTOTEXT":"0",
"MAGVAR":"2"} },
{"type":"Feature",
"geometry": {"type": "Point","coordinates": [38.798055556,30.122777778] },"properties":{
"id":"RTS.1770",
"STATUS":"Действующий",
"DBIDENT":"1862045",
"NAME":"AL SHIGAR",
"ALT_NAME":"AL SHIGAR",
"DESIGNATOR":"ASH",
"":"",
"LATITUDE":"300722N",
"LONGITUDE":"0384753E",
"ICAO_REG":"OE",
"DECLINATION":"3",
"FREQUENCY":"112.3",
"ABSOLUTEHEIGHT":"580",
"SIGNPT_TYPE":"Совмещённый VOR/DME",
"OBJTOTEXT":"0",
"MAGVAR":"3"} },
{"type":"Feature",
"geometry": {"type": "Point","coordinates": [38.140833333,26.471666667] },"properties":{
"id":"RTS.1771",
"STATUS":"Действующий",
"DBIDENT":"1862046",
"NAME":"ALULA INTERNATIONAL",
"ALT_NAME":"ALULA INTERNATIONAL",
"DESIGNATOR":"AUA",
"":"",
"LATITUDE":"262818N",
"LONGITUDE":"0380827E",
"ICAO_REG":"OE",
"DECLINATION":"4",
"FREQUENCY":"114.9",
"ABSOLUTEHEIGHT":"640",
"SIGNPT_TYPE":"Совмещённый VOR/DME",
"OBJTOTEXT":"0",
"MAGVAR":"4"} },
{"type":"Feature",
"geometry": {"type": "Point","coordinates": [55.265000000,21.227777778] },"properties":{
"id":"RTS.1772",
"STATUS":"Действующий",
"DBIDENT":"1862047",
"NAME":"ARADAH",
"ALT_NAME":"ARADAH",
"DESIGNATOR":"ARD",
"":"",
"LATITUDE":"211340N",
"LONGITUDE":"0551554E",
"ICAO_REG":"OE",
"DECLINATION":"1",
"FREQUENCY":"116.9",
"ABSOLUTEHEIGHT":"90",
"SIGNPT_TYPE":"Совмещённый VOR/DME",
"OBJTOTEXT":"0",
"MAGVAR":"1"} },
{"type":"Feature",
"geometry": {"type": "Point","coordinates": [41.142222222,30.908055556] },"properties":{
"id":"RTS.1773",
"STATUS":"Действующий",
"DBIDENT":"1862048",
"NAME":"ARAR",
"DESIGNATOR":"AAR",
"":"",
"LATITUDE":"305429N",
"LONGITUDE":"0410832E",
"ICAO_REG":"OE",
"DECLINATION":"5",
"FREQUENCY":"113.3",
"ABSOLUTEHEIGHT":"580",
"SIGNPT_TYPE":"Совмещённый VOR/DME",
"OBJTOTEXT":"0",
"MAGVAR":"5"} },
{"type":"Feature",
"geometry": {"type": "Point","coordinates": [46.117500000,28.357222222] },"properties":{
"id":"RTS.1774",
"STATUS":"Действующий",
"DBIDENT":"1862049",
"NAME":"AL QAISUMAH",
"ALT_NAME":"AL QAISUMAH",
"DESIGNATOR":"HFR",
"":"",
"LATITUDE":"282126N",
"LONGITUDE":"0460703E",
"ICAO_REG":"OE",
"DECLINATION":"4",
"ABSOLUTEHEIGHT":"370",
"SIGNPT_TYPE":"Совмещённый VOR/TACAN",
"OBJTOTEXT":"0",
"MAGVAR":"4"} },
{"type":"Feature",
"geometry": {"type": "Point","coordinates": [51.451944444,24.215833333] },"properties":{
"id":"RTS.1775",
"STATUS":"Действующий",
"DBIDENT":"1862050",
"NAME":"BATHA",
"ALT_NAME":"BATHA",
"DESIGNATOR":"BAT",
"":"",
"LATITUDE":"241257N",
"LONGITUDE":"0512707E",
"ICAO_REG":"OE",
"DECLINATION":"2",
"FREQUENCY":"113.4",
"ABSOLUTEHEIGHT":"90",
"SIGNPT_TYPE":"Совмещённый VOR/DME",
"OBJTOTEXT":"0",
"MAGVAR":"2"} },
{"type":"Feature",
"geometry": {"type": "Point","coordinates": [41.824444444,24.330833333] },"properties":{
"id":"RTS.1776",
"STATUS":"Действующий",
"DBIDENT":"1862051",
"NAME":"BIR DARB",
"ALT_NAME":"BIR DARB",
"DESIGNATOR":"BDB",
"":"",
"LATITUDE":"241951N",
"LONGITUDE":"0414928E",
"ICAO_REG":"OE",
"DECLINATION":"4",
"FREQUENCY":"115.1",
"ABSOLUTEHEIGHT":"1010",
"SIGNPT_TYPE":"Совмещённый VOR/DME",
"OBJTOTEXT":"0",
"MAGVAR":"4"} },
{"type":"Feature",
"geometry": {"type": "Point","coordinates": [42.624444444,19.977777778] },"properties":{
"id":"RTS.1777",
"STATUS":"Действующий",
"DBIDENT":"1862052",
"NAME":"BISHA",
"ALT_NAME":"BISHA",
"DESIGNATOR":"BSH",
"":"",
"LATITUDE":"195840N",
"LONGITUDE":"0423728E",
"ICAO_REG":"OE",
"DECLINATION":"2",
"FREQUENCY":"112.3",
"ABSOLUTEHEIGHT":"1190",
"SIGNPT_TYPE":"Совмещённый VOR/DME",
"OBJTOTEXT":"0",
"MAGVAR":"2"} },
{"type":"Feature",
"geometry": {"type": "Point","coordinates": [45.445277778,27.053888889] },"properties":{
"id":"RTS.1778",
"STATUS":"Действующий",
"DBIDENT":"1862053",
"NAME":"BOPAN",
"ALT_NAME":"BOPAN",
"DESIGNATOR":"BPN",
"":"",
"LATITUDE":"270314N",
"LONGITUDE":"0452643E",
"ICAO_REG":"OE",
"DECLINATION":"4",
"FREQUENCY":"113.7",
"ABSOLUTEHEIGHT":"0",
"SIGNPT_TYPE":"Совмещённый VOR/DME",
"OBJTOTEXT":"0",
"MAGVAR":"4"} },
{"type":"Feature",
"geometry": {"type": "Point","coordinates": [41.719444444,23.282777778] },"properties":{
"id":"RTS.1779",
"STATUS":"Действующий",
"DBIDENT":"1862054",
"NAME":"DAFINAH",
"ALT_NAME":"DAFINAH",
"DESIGNATOR":"DFN",
"":"",
"LATITUDE":"231658N",
"LONGITUDE":"0414310E",
"ICAO_REG":"OE",
"DECLINATION":"3",
"FREQUENCY":"117.5",
"ABSOLUTEHEIGHT":"980",
"SIGNPT_TYPE":"Совмещённый VOR/DME",
"OBJTOTEXT":"0",
"MAGVAR":"3"} },
{"type":"Feature",
"geometry": {"type": "Point","coordinates": [49.778611111,26.497500000] },"properties":{
"id":"RTS.1780",
"STATUS":"Действующий",
"DBIDENT":"1862061",
"NAME":"DAMMAM",
"ALT_NAME":"KING FAHD INTERNATIONAL",
"DESIGNATOR":"KFA",
"":"",
"LATITUDE":"262951N",
"LONGITUDE":"0494643E",
"ICAO_REG":"OE",
"DECLINATION":"3",
"ABSOLUTEHEIGHT":"60",
"SIGNPT_TYPE":"Совмещённый VOR/TACAN",
"OBJTOTEXT":"0",
"MAGVAR":"3"} },
{"type":"Feature",
"geometry": {"type": "Point","coordinates": [43.779722222,26.298055556] },"properties":{
"id":"RTS.1781",
"STATUS":"Действующий",
"DBIDENT":"1862062",
"NAME":"GASSIM",
"ALT_NAME":"GASSIM",
"DESIGNATOR":"GAS",
"":"",
"LATITUDE":"261753N",
"LONGITUDE":"0434647E",
"ICAO_REG":"OE",
"DECLINATION":"4",
"ABSOLUTEHEIGHT":"670",
"SIGNPT_TYPE":"Совмещённый VOR/TACAN",
"OBJTOTEXT":"0",
"MAGVAR":"4"} },
{"type":"Feature",
"geometry": {"type": "Point","coordinates": [37.286666667,31.412500000] },"properties":{
"id":"RTS.1782",
"STATUS":"Действующий",
"DBIDENT":"1862063",
"NAME":"GURIAT",
"ALT_NAME":"GURIAT",
"DESIGNATOR":"GRY",
"":"",
"LATITUDE":"312445N",
"LONGITUDE":"0371712E",
"ICAO_REG":"OE",
"DECLINATION":"5",
"ABSOLUTEHEIGHT":"520",
"SIGNPT_TYPE":"Совмещённый VOR/TACAN",
"OBJTOTEXT":"0",
"MAGVAR":"5"} },
{"type":"Feature",
"geometry": {"type": "Point","coordinates": [41.683055556,27.425000000] },"properties":{
"id":"RTS.1783",
"STATUS":"Действующий",
"DBIDENT":"1862064",
"NAME":"HAIL",
"ALT_NAME":"HAIL",
"DESIGNATOR":"HIL",
"":"",
"LATITUDE":"272530N",
"LONGITUDE":"0414059E",
"ICAO_REG":"OE",
"DECLINATION":"4",
"ABSOLUTEHEIGHT":"1040",
"SIGNPT_TYPE":"Совмещённый VOR/TACAN",
"OBJTOTEXT":"0",
"MAGVAR":"4"} },
{"type":"Feature",
"geometry": {"type": "Point","coordinates": [39.269166667,26.434166667] },"properties":{
"id":"RTS.1784",
"STATUS":"Действующий",
"DBIDENT":"1862067",
"NAME":"HALAIFA",
"ALT_NAME":"HALAIFA",
"DESIGNATOR":"HLF",
"":"",
"LATITUDE":"262603N",
"LONGITUDE":"0391609E",
"ICAO_REG":"OE",
"DECLINATION":"4",
"FREQUENCY":"116.7",
"ABSOLUTEHEIGHT":"1190",
"SIGNPT_TYPE":"Совмещённый VOR/DME",
"OBJTOTEXT":"0",
"MAGVAR":"4"} },
{"type":"Feature",
"geometry": {"type": "Point","coordinates": [37.101111111,25.614722222] },"properties":{
"id":"RTS.1785",
"STATUS":"Действующий",
"DBIDENT":"1862071",
"NAME":"HANAK",
"ALT_NAME":"RED SEA INTERNATIONAL",
"DESIGNATOR":"RSI",
"":"",
"LATITUDE":"253653N",
"LONGITUDE":"0370604E",
"ICAO_REG":"OE",
"DECLINATION":"4",
"FREQUENCY":"112.6",
"ABSOLUTEHEIGHT":"60",
"SIGNPT_TYPE":"Совмещённый VOR/DME",
"OBJTOTEXT":"0",
"MAGVAR":"4"} },
{"type":"Feature",
"geometry": {"type": "Point","coordinates": [42.577500000,16.907777778] },"properties":{
"id":"RTS.1786",
"STATUS":"Действующий",
"DBIDENT":"1862072",
"NAME":"JAZAN",
"ALT_NAME":"KING ABDULLAH BIN ABDULAZIZ",
"DESIGNATOR":"GIZ",
"":"",
"LATITUDE":"165428N",
"LONGITUDE":"0423439E",
"ICAO_REG":"OE",
"DECLINATION":"2",
"FREQUENCY":"117.7",
"ABSOLUTEHEIGHT":"60",
"SIGNPT_TYPE":"Совмещённый VOR/DME",
"OBJTOTEXT":"0",
"MAGVAR":"2"} },
{"type":"Feature",
"geometry": {"type": "Point","coordinates": [39.123055556,21.712222222] },"properties":{
"id":"RTS.1787",
"STATUS":"Действующий",
"DBIDENT":"1862077",
"NAME":"JEDDAH",
"ALT_NAME":"KING ABDULAZIZ INTERNATIONAL",
"DESIGNATOR":"JDW",
"":"",
"LATITUDE":"214244N",
"LONGITUDE":"0390723E",
"ICAO_REG":"OE",
"DECLINATION":"4",
"ABSOLUTEHEIGHT":"30",
"SIGNPT_TYPE":"Совмещённый VOR/TACAN",
"OBJTOTEXT":"0",
"MAGVAR":"4"} },
{"type":"Feature",
"geometry": {"type": "Point","coordinates": [49.411944444,27.011944444] },"properties":{
"id":"RTS.1788",
"STATUS":"Действующий",
"DBIDENT":"1862079",
"NAME":"JUBAIL",
"ALT_NAME":"JUBAIL",
"DESIGNATOR":"JBL",
"":"",
"LATITUDE":"270043N",
"LONGITUDE":"0492443E",
"ICAO_REG":"OE",
"DECLINATION":"3",
"FREQUENCY":"112.9",
"ABSOLUTEHEIGHT":"30",
"SIGNPT_TYPE":"Совмещённый VOR/DME",
"OBJTOTEXT":"0",
"MAGVAR":"3"} },
{"type":"Feature",
"geometry": {"type": "Point","coordinates": [42.812222222,18.307777778] },"properties":{
"id":"RTS.1789",
"STATUS":"Действующий",
"DBIDENT":"1862084",
"NAME":"KHAMIS MUSHAIT",
"ALT_NAME":"KING KHALED AIR BASE",
"DESIGNATOR":"KAM",
"":"",
"LATITUDE":"181828N",
"LONGITUDE":"0424844E",
"ICAO_REG":"OE",
"DECLINATION":"3",
"ABSOLUTEHEIGHT":"2070",
"SIGNPT_TYPE":"Совмещённый VOR/TACAN",
"OBJTOTEXT":"0",
"MAGVAR":"3"} },
{"type":"Feature",
"geometry": {"type": "Point","coordinates": [46.925555556,24.604166667] },"properties":{
"id":"RTS.1790",
"STATUS":"Действующий",
"DBIDENT":"1862087",
"NAME":"KHASHM ALAN",
"ALT_NAME":"KHASHM ALAN",
"DESIGNATOR":"RAZ",
"":"",
"LATITUDE":"243615N",
"LONGITUDE":"0465532E",
"ICAO_REG":"OE",
"DECLINATION":"3",
"FREQUENCY":"114.2",
"ABSOLUTEHEIGHT":"580",
"SIGNPT_TYPE":"Совмещённый VOR/DME",
"OBJTOTEXT":"0",
"MAGVAR":"3"} },
{"type":"Feature",
"geometry": {"type": "Point","coordinates": [36.488055556,26.179444444] },"properties":{
"id":"RTS.1791",
"STATUS":"Действующий",
"DBIDENT":"1862091",
"NAME":"WEJH",
"ALT_NAME":"WEJH",
"DESIGNATOR":"WEJ",
"":"",
"LATITUDE":"261046N",
"LONGITUDE":"0362917E",
"ICAO_REG":"OE",
"ABSOLUTEHEIGHT":"60",
"SIGNPT_TYPE":"Совмещённый VOR/TACAN",
"OBJTOTEXT":"0"} },
{"type":"Feature",
"geometry": {"type": "Point","coordinates": [49.705555556,26.943333333] },"properties":{
"id":"RTS.1792",
"STATUS":"Действующий",
"DBIDENT":"1862092",
"NAME":"KING ABDULAZIZ NAVAL BASE",
"ALT_NAME":"KING ABDULAZIZ NAVAL BASE",
"DESIGNATOR":"NJL",
"":"",
"LATITUDE":"265636N",
"LONGITUDE":"0494220E",
"ICAO_REG":"OE",
"DECLINATION":"3",
"ABSOLUTEHEIGHT":"30",
"SIGNPT_TYPE":"Совмещённый VOR/TACAN",
"OBJTOTEXT":"0",
"MAGVAR":"3"} },
{"type":"Feature",
"geometry": {"type": "Point","coordinates": [35.292500000,27.931944444] },"properties":{
"id":"RTS.1793",
"STATUS":"Действующий",
"DBIDENT":"1862093",
"NAME":"NEOM BAY",
"DESIGNATOR":"NEM",
"":"",
"LATITUDE":"275555N",
"LONGITUDE":"0351733E",
"ICAO_REG":"OE",
"DECLINATION":"4",
"FREQUENCY":"112.6",
"ABSOLUTEHEIGHT":"30",
"SIGNPT_TYPE":"Совмещённый VOR/DME",
"OBJTOTEXT":"0",
"MAGVAR":"4"} },
{"type":"Feature",
"geometry": {"type": "Point","coordinates": [39.171111111,21.346666667] },"properties":{
"id":"RTS.1794",
"STATUS":"Действующий",
"DBIDENT":"1862094",
"NAME":"KING FAISAL NAVAL BASE",
"ALT_NAME":"KING FAISAL NAVAL BASE",
"DESIGNATOR":"KFB",
"":"",
"LATITUDE":"212048N",
"LONGITUDE":"0391016E",
"ICAO_REG":"OE",
"DECLINATION":"4",
"ABSOLUTEHEIGHT":"30",
"SIGNPT_TYPE":"Совмещённый VOR/TACAN",
"OBJTOTEXT":"0",
"MAGVAR":"4"} },
{"type":"Feature",
"geometry": {"type": "Point","coordinates": [36.610277778,28.364722222] },"properties":{
"id":"RTS.1795",
"STATUS":"Действующий",
"DBIDENT":"1862097",
"NAME":"TABUK",
"ALT_NAME":"TABUK",
"DESIGNATOR":"TBK",
"":"",
"LATITUDE":"282153N",
"LONGITUDE":"0363637E",
"ICAO_REG":"OE",
"DECLINATION":"4",
"ABSOLUTEHEIGHT":"790",
"SIGNPT_TYPE":"Совмещённый VOR/TACAN",
"OBJTOTEXT":"0",
"MAGVAR":"4"} },
{"type":"Feature",
"geometry": {"type": "Point","coordinates": [46.655000000,24.476666667] },"properties":{
"id":"RTS.1796",
"STATUS":"Действующий",
"DBIDENT":"1862098",
"NAME":"KING SALMAN AIRBASE",
"ALT_NAME":"KING SALMAN AIRBASE",
"DESIGNATOR":"KSN",
"":"",
"LATITUDE":"242836N",
"LONGITUDE":"0463918E",
"ICAO_REG":"OE",
"DECLINATION":"3",
"ABSOLUTEHEIGHT":"730",
"SIGNPT_TYPE":"Совмещённый VOR/TACAN",
"OBJTOTEXT":"0",
"MAGVAR":"3"} },
{"type":"Feature",
"geometry": {"type": "Point","coordinates": [45.555833333,27.880555556] },"properties":{
"id":"RTS.1797",
"STATUS":"Действующий",
"DBIDENT":"1862099",
"NAME":"KING SAUD AIR BASE",
"ALT_NAME":"KING SAUD AIR BASE",
"DESIGNATOR":"KSB",
"":"",
"LATITUDE":"275250N",
"LONGITUDE":"0453321E",
"ICAO_REG":"OE",
"DECLINATION":"4",
"ABSOLUTEHEIGHT":"430",
"SIGNPT_TYPE":"Совмещённый VOR/TACAN",
"OBJTOTEXT":"0",
"MAGVAR":"4"} },
{"type":"Feature",
"geometry": {"type": "Point","coordinates": [39.705277778,24.547500000] },"properties":{
"id":"RTS.1798",
"STATUS":"Действующий",
"DBIDENT":"1862112",
"NAME":"MADINAH",
"ALT_NAME":"PRINCE MOHAMMAD BIN ABDULAZIZ",
"DESIGNATOR":"PMA",
"":"",
"LATITUDE":"243251N",
"LONGITUDE":"0394219E",
"ICAO_REG":"OE",
"DECLINATION":"4",
"FREQUENCY":"114.1",
"ABSOLUTEHEIGHT":"670",
"SIGNPT_TYPE":"Совмещённый VOR/DME",
"OBJTOTEXT":"0",
"MAGVAR":"4"} },
{"type":"Feature",
"geometry": {"type": "Point","coordinates": [47.206944444,26.288888889] },"properties":{
"id":"RTS.1799",
"STATUS":"Действующий",
"DBIDENT":"1862114",
"NAME":"MAGALA",
"DESIGNATOR":"MGA",
"":"",
"LATITUDE":"261720N",
"LONGITUDE":"0471225E",
"ICAO_REG":"OE",
"DECLINATION":"2",
"FREQUENCY":"116.3",
"ABSOLUTEHEIGHT":"490",
"SIGNPT_TYPE":"Совмещённый VOR/DME",
"OBJTOTEXT":"0",
"MAGVAR":"2"} },
{"type":"Feature",
"geometry": {"type": "Point","coordinates": [44.415555556,17.606944444] },"properties":{
"id":"RTS.1800",
"STATUS":"Действующий",
"DBIDENT":"1862117",
"NAME":"NEJRAN",
"ALT_NAME":"NEJRAN",
"DESIGNATOR":"NEJ",
"":"",
"LATITUDE":"173625N",
"LONGITUDE":"0442456E",
"ICAO_REG":"OE",
"DECLINATION":"2",
"ABSOLUTEHEIGHT":"1220",
"SIGNPT_TYPE":"Совмещённый VOR/TACAN",
"OBJTOTEXT":"0",
"MAGVAR":"2"} },
{"type":"Feature",
"geometry": {"type": "Point","coordinates": [41.074722222,19.369722222] },"properties":{
"id":"RTS.1801",
"STATUS":"Действующий",
"DBIDENT":"1862130",
"NAME":"QUNFIDAH",
"ALT_NAME":"QUNFIDAH",
"DESIGNATOR":"QUN",
"":"",
"LATITUDE":"192211N",
"LONGITUDE":"0410429E",
"ICAO_REG":"OE",
"DECLINATION":"3",
"FREQUENCY":"113.3",
"ABSOLUTEHEIGHT":"60",
"SIGNPT_TYPE":"Совмещённый VOR/DME",
"OBJTOTEXT":"0",
"MAGVAR":"3"} },
{"type":"Feature",
"geometry": {"type": "Point","coordinates": [39.097222222,22.791944444] },"properties":{
"id":"RTS.1802",
"STATUS":"Действующий",
"DBIDENT":"1862131",
"NAME":"RABIGH",
"ALT_NAME":"RABIGH",
"DESIGNATOR":"RBG",
"":"",
"LATITUDE":"224731N",
"LONGITUDE":"0390550E",
"ICAO_REG":"OE",
"DECLINATION":"4",
"FREQUENCY":"116.8",
"ABSOLUTEHEIGHT":"30",
"SIGNPT_TYPE":"Совмещённый VOR/DME",
"OBJTOTEXT":"0",
"MAGVAR":"4"} },
{"type":"Feature",
"geometry": {"type": "Point","coordinates": [43.498055556,29.620277778] },"properties":{
"id":"RTS.1803",
"STATUS":"Действующий",
"DBIDENT":"1862134",
"NAME":"RAFHA",
"DESIGNATOR":"RAF",
"":"",
"LATITUDE":"293713N",
"LONGITUDE":"0432953E",
"ICAO_REG":"OE",
"DECLINATION":"4",
"FREQUENCY":"116.8",
"ABSOLUTEHEIGHT":"460",
"SIGNPT_TYPE":"Совмещённый VOR/DME",
"OBJTOTEXT":"0",
"MAGVAR":"4"} },
{"type":"Feature",
"geometry": {"type": "Point","coordinates": [44.596388889,23.925833333] },"properties":{
"id":"RTS.1804",
"STATUS":"Действующий",
"DBIDENT":"1862138",
"NAME":"RAGHBA",
"ALT_NAME":"RAGHBA",
"DESIGNATOR":"RGB",
"":"",
"LATITUDE":"235533N",
"LONGITUDE":"0443547E",
"ICAO_REG":"OE",
"DECLINATION":"3",
"FREQUENCY":"115.5",
"ABSOLUTEHEIGHT":"1040",
"SIGNPT_TYPE":"Совмещённый VOR/DME",
"OBJTOTEXT":"0",
"MAGVAR":"3"} },
{"type":"Feature",
"geometry": {"type": "Point","coordinates": [48.614722222,28.078055556] },"properties":{
"id":"RTS.1805",
"STATUS":"Действующий",
"DBIDENT":"1862139",
"NAME":"RAS MISHAB",
"DESIGNATOR":"RAS",
"":"",
"LATITUDE":"280441N",
"LONGITUDE":"0483653E",
"ICAO_REG":"OE",
"DECLINATION":"3",
"ABSOLUTEHEIGHT":"30",
"SIGNPT_TYPE":"Совмещённый VOR/TACAN",
"OBJTOTEXT":"0",
"MAGVAR":"3"} },
{"type":"Feature",
"geometry": {"type": "Point","coordinates": [46.668888889,24.980277778] },"properties":{
"id":"RTS.1806",
"STATUS":"Действующий",
"DBIDENT":"1862140",
"NAME":"RIYADH",
"ALT_NAME":"RIYADH",
"DESIGNATOR":"KSA",
"":"",
"LATITUDE":"245849N",
"LONGITUDE":"0464008E",
"ICAO_REG":"OE",
"DECLINATION":"3",
"FREQUENCY":"115",
"ABSOLUTEHEIGHT":"640",
"SIGNPT_TYPE":"Совмещённый VOR/DME",
"OBJTOTEXT":"0",
"MAGVAR":"3"} },
{"type":"Feature",
"geometry": {"type": "Point","coordinates": [53.279444444,22.712500000] },"properties":{
"id":"RTS.1807",
"STATUS":"Действующий",
"DBIDENT":"1862143",
"NAME":"SHABITAH",
"ALT_NAME":"SHABITAH",
"DESIGNATOR":"SBT",
"":"",
"LATITUDE":"224245N",
"LONGITUDE":"0531646E",
"ICAO_REG":"OE",
"DECLINATION":"2",
"FREQUENCY":"115.1",
"ABSOLUTEHEIGHT":"120",
"SIGNPT_TYPE":"Совмещённый VOR/DME",
"OBJTOTEXT":"0",
"MAGVAR":"2"} },
{"type":"Feature",
"geometry": {"type": "Point","coordinates": [47.133888889,17.470277778] },"properties":{
"id":"RTS.1808",
"STATUS":"Действующий",
"DBIDENT":"1862146",
"NAME":"SHARURAH",
"ALT_NAME":"SHARURAH",
"DESIGNATOR":"SHA",
"":"",
"LATITUDE":"172813N",
"LONGITUDE":"0470802E",
"ICAO_REG":"OE",
"DECLINATION":"2",
"ABSOLUTEHEIGHT":"730",
"SIGNPT_TYPE":"Совмещённый VOR/TACAN",
"OBJTOTEXT":"0",
"MAGVAR":"2"} },
{"type":"Feature",
"geometry": {"type": "Point","coordinates": [40.547222222,21.486388889] },"properties":{
"id":"RTS.1809",
"STATUS":"Действующий",
"DBIDENT":"1862147",
"NAME":"TAIF INTERNATIONAL AIRPORT",
"DESIGNATOR":"TIF",
"":"",
"LATITUDE":"212911N",
"LONGITUDE":"0403250E",
"ICAO_REG":"OE",
"DECLINATION":"3",
"ABSOLUTEHEIGHT":"1460",
"SIGNPT_TYPE":"Совмещённый VOR/TACAN",
"OBJTOTEXT":"0",
"MAGVAR":"3"} },
{"type":"Feature",
"geometry": {"type": "Point","coordinates": [54.019722222,19.831111111] },"properties":{
"id":"RTS.1810",
"STATUS":"Действующий",
"DBIDENT":"1862148",
"NAME":"THABLOTIN",
"ALT_NAME":"THABLOTIN",
"DESIGNATOR":"THA",
"":"",
"LATITUDE":"194952N",
"LONGITUDE":"0540111E",
"ICAO_REG":"OE",
"DECLINATION":"1",
"FREQUENCY":"113.9",
"ABSOLUTEHEIGHT":"0",
"SIGNPT_TYPE":"Совмещённый VOR/DME",
"OBJTOTEXT":"0",
"MAGVAR":"1"} },
{"type":"Feature",
"geometry": {"type": "Point","coordinates": [38.735555556,31.696111111] },"properties":{
"id":"RTS.1811",
"STATUS":"Действующий",
"DBIDENT":"1862149",
"NAME":"TURAIF",
"ALT_NAME":"TURAIF",
"DESIGNATOR":"TRF",
"":"",
"LATITUDE":"314146N",
"LONGITUDE":"0384408E",
"ICAO_REG":"OE",
"DECLINATION":"5",
"FREQUENCY":"116.1",
"ABSOLUTEHEIGHT":"880",
"SIGNPT_TYPE":"Совмещённый VOR/DME",
"OBJTOTEXT":"0",
"MAGVAR":"5"} },
{"type":"Feature",
"geometry": {"type": "Point","coordinates": [50.143333333,19.123055556] },"properties":{
"id":"RTS.1812",
"STATUS":"Действующий",
"DBIDENT":"1862150",
"NAME":"UM ALMELH",
"ALT_NAME":"UM ALMELH",
"DESIGNATOR":"UME",
"":"",
"LATITUDE":"190723N",
"LONGITUDE":"0500836E",
"ICAO_REG":"OE",
"DECLINATION":"2",
"FREQUENCY":"116.1",
"ABSOLUTEHEIGHT":"240",
"SIGNPT_TYPE":"Совмещённый VOR/DME",
"OBJTOTEXT":"0",
"MAGVAR":"2"} },
{"type":"Feature",
"geometry": {"type": "Point","coordinates": [33.491388889,35.156666667] },"properties":{
"id":"RTS.1813",
"STATUS":"Действующий",
"DBIDENT":"1863251",
"NAME":"ERCAN",
"ALT_NAME":"ERCAN",
"DESIGNATOR":"ECN",
"":"",
"LATITUDE":"350924N",
"LONGITUDE":"0332929E",
"ICAO_REG":"LC",
"DECLINATION":"5",
"FREQUENCY":"117",
"ABSOLUTEHEIGHT":"0",
"SIGNPT_TYPE":"Совмещённый VOR/DME",
"OBJTOTEXT":"0",
"MAGVAR":"5"} },
{"type":"Feature",
"geometry": {"type": "Point","coordinates": [33.743333333,35.231666667] },"properties":{
"id":"RTS.1814",
"STATUS":"Действующий",
"DBIDENT":"1863252",
"NAME":"GECITKALE Gazimagusa",
"ALT_NAME":"GECITKALE Gazimagusa",
"DESIGNATOR":"GKE",
"":"",
"LATITUDE":"351354N",
"LONGITUDE":"0334436E",
"ICAO_REG":"LC",
"DECLINATION":"5",
"FREQUENCY":"0.435",
"ABSOLUTEHEIGHT":"0",
"SIGNPT_TYPE":"Маяк NDB",
"OBJTOTEXT":"0",
"MAGVAR":"5"} },
{"type":"Feature",
"geometry": {"type": "Point","coordinates": [33.763611111,35.235277778] },"properties":{
"id":"RTS.1815",
"STATUS":"Действующий",
"DBIDENT":"1863253",
"NAME":"GECITKALE Gazimagusa",
"ALT_NAME":"GECITKALE Gazimagusa",
"DESIGNATOR":"GKE",
"":"",
"LATITUDE":"351407N",
"LONGITUDE":"0334549E",
"ICAO_REG":"LC",
"DECLINATION":"4",
"FREQUENCY":"114.3",
"ABSOLUTEHEIGHT":"0",
"SIGNPT_TYPE":"Совмещённый VOR/DME",
"OBJTOTEXT":"0",
"MAGVAR":"4"} },
{"type":"Feature",
"geometry": {"type": "Point","coordinates": [30.830277778,29.811111111] },"properties":{
"id":"RTS.1816",
"STATUS":"Действующий",
"DBIDENT":"1863336",
"NAME":"OCTOBER",
"ALT_NAME":"OCTOBER",
"DESIGNATOR":"OCT",
"":"",
"LATITUDE":"294840N",
"LONGITUDE":"0304949E",
"ICAO_REG":"HE",
"FREQUENCY":"0.34",
"ABSOLUTEHEIGHT":"0",
"SIGNPT_TYPE":"Маяк NDB",
"OBJTOTEXT":"0"} },
{"type":"Feature",
"geometry": {"type": "Point","coordinates": [80.859166667,46.188055556] },"properties":{
"id":"RTS.1817",
"STATUS":"Действующий",
"DBIDENT":"1863528",
"NAME":"USHARAL 27",
"ALT_NAME":"USHARAL 27",
"DESIGNATOR":"R",
"":"",
"LATITUDE":"461117N",
"LONGITUDE":"0805133E",
"ICAO_REG":"UA",
"DECLINATION":"5",
"FREQUENCY":"0.38",
"ABSOLUTEHEIGHT":"0",
"SIGNPT_TYPE":"Маяк NDB",
"OBJTOTEXT":"0",
"MAGVAR":"5"} },
{"type":"Feature",
"geometry": {"type": "Point","coordinates": [80.803055556,46.193055556] },"properties":{
"id":"RTS.1818",
"STATUS":"Действующий",
"DBIDENT":"1863529",
"NAME":"USHARAL 09",
"ALT_NAME":"USHARAL 09",
"DESIGNATOR":"R",
"":"",
"LATITUDE":"461135N",
"LONGITUDE":"0804811E",
"ICAO_REG":"UA",
"DECLINATION":"5",
"FREQUENCY":"0.38",
"ABSOLUTEHEIGHT":"0",
"SIGNPT_TYPE":"Маяк NDB",
"OBJTOTEXT":"0",
"MAGVAR":"5"} },
{"type":"Feature",
"geometry": {"type": "Point","coordinates": [50.177222222,53.510000000] },"properties":{
"id":"RTS.1819",
"STATUS":"Действующий",
"DBIDENT":"1863687",
"NAME":"SAMARA Kurumoch",
"ALT_NAME":"САМАРА Курумоч",
"DESIGNATOR":"MOF",
"":"",
"LATITUDE":"533036N",
"LONGITUDE":"0501038E",
"ICAO_REG":"UX",
"DECLINATION":"12",
"FREQUENCY":"108.8",
"ABSOLUTEHEIGHT":"120",
"SIGNPT_TYPE":"Совмещённый VOR/DME",
"OBJTOTEXT":"0",
"MAGVAR":"12"} },
{"type":"Feature",
"geometry": {"type": "Point","coordinates": [58.149722222,69.053611111] },"properties":{
"id":"RTS.1820",
"STATUS":"Действующий",
"DBIDENT":"1863691",
"NAME":"SMLOP_VARANDEY",
"ALT_NAME":"СМЛОП_ВАРАНДЕЙ",
"DESIGNATOR":"БР",
"":"",
"LATITUDE":"690313N",
"LONGITUDE":"0580859E",
"ICAO_REG":"UL",
"DECLINATION":"27",
"FREQUENCY":"0.403",
"ABSOLUTEHEIGHT":"0",
"SIGNPT_TYPE":"Маяк NDB",
"OBJTOTEXT":"0",
"MAGVAR":"27"} },
{"type":"Feature",
"geometry": {"type": "Point","coordinates": [177.713888889,64.689722222] },"properties":{
"id":"RTS.1821",
"STATUS":"Действующий",
"DBIDENT":"1863766",
"NAME":"ANADYR",
"ALT_NAME":"АНАДЫРЬ",
"DESIGNATOR":"KB",
"":"",
"LATITUDE":"644123N",
"LONGITUDE":"1774250E",
"ICAO_REG":"UX",
"DECLINATION":"-1",
"FREQUENCY":"0.79",
"ABSOLUTEHEIGHT":"0",
"SIGNPT_TYPE":"Маяк NDB",
"OBJTOTEXT":"0",
"MAGVAR":"-1"} },
{"type":"Feature",
"geometry": {"type": "Point","coordinates": [33.210833333,48.064444444] },"properties":{
"id":"RTS.1822",
"STATUS":"Действующий",
"DBIDENT":"1864049",
"NAME":"KRYVYI RIH",
"ALT_NAME":"КРИВОЙ РОГ",
"DESIGNATOR":"RG",
"":"",
"LATITUDE":"480352N",
"LONGITUDE":"0331239E",
"ICAO_REG":"UK",
"DECLINATION":"8",
"FREQUENCY":"0.697",
"ABSOLUTEHEIGHT":"0",
"SIGNPT_TYPE":"Маяк NDB",
"OBJTOTEXT":"0",
"MAGVAR":"8"} },
{"type":"Feature",
"geometry": {"type": "Point","coordinates": [87.303333333,69.302777778] },"properties":{
"id":"RTS.1823",
"STATUS":"Действующий",
"DBIDENT":"1864171",
"NAME":"NORILSK Alykel",
"ALT_NAME":"НОРИЛЬСК Алыкель",
"DESIGNATOR":"NOR",
"":"",
"LATITUDE":"691810N",
"LONGITUDE":"0871812E",
"ICAO_REG":"UX",
"DECLINATION":"17",
"FREQUENCY":"114.2",
"ABSOLUTEHEIGHT":"180",
"SIGNPT_TYPE":"Совмещённый VOR/DME",
"OBJTOTEXT":"0",
"MAGVAR":"17"} },
{"type":"Feature",
"geometry": {"type": "Point","coordinates": [41.680000000,53.680000000] },"properties":{
"id":"RTS.1824",
"STATUS":"Действующий",
"DBIDENT":"1864300",
"NAME":"ALGASOVO",
"ALT_NAME":"АЛГАСОВО",
"DESIGNATOR":"AO",
"":"",
"LATITUDE":"534048N",
"LONGITUDE":"0414048E",
"ICAO_REG":"UX",
"":"",
"FREQUENCY":"115",
"ABSOLUTEHEIGHT":"150",
"SIGNPT_TYPE":"Дальномер DME",
"OBJTOTEXT":"0"} },
{"type":"Feature",
"geometry": {"type": "Point","coordinates": [78.700277778,67.483888889] },"properties":{
"id":"RTS.1825",
"STATUS":"Действующий",
"DBIDENT":"1864416",
"NAME":"TAZOVSKIY",
"ALT_NAME":"ТАЗОВСКИЙ",
"DESIGNATOR":"TWK",
"":"",
"LATITUDE":"672902N",
"LONGITUDE":"0784201E",
"ICAO_REG":"US",
"DECLINATION":"22",
"FREQUENCY":"112",
"ABSOLUTEHEIGHT":"30",
"SIGNPT_TYPE":"Совмещённый VOR/DME",
"OBJTOTEXT":"0",
"MAGVAR":"22"} },
{"type":"Feature",
"geometry": {"type": "Point","coordinates": [86.730000000,58.640277778] },"properties":{
"id":"RTS.1826",
"STATUS":"Действующий",
"DBIDENT":"1864719",
"NAME":"MAKSIMKIN YAR",
"ALT_NAME":"МАКСИМКИН ЯР",
"DESIGNATOR":"CE",
"":"",
"LATITUDE":"583825N",
"LONGITUDE":"0864348E",
"ICAO_REG":"UN",
"DECLINATION":"8",
"":"",
"FREQUENCY":"112",
"ABSOLUTEHEIGHT":"120",
"SIGNPT_TYPE":"Дальномер DME",
"OBJTOTEXT":"0",
"MAGVAR":"8"} },
{"type":"Feature",
"geometry": {"type": "Point","coordinates": [57.783611111,25.651666667] },"properties":{
"id":"RTS.1827",
"STATUS":"Действующий",
"DBIDENT":"1865085",
"NAME":"JASK NDB",
"":"",
"LATITUDE":"253906N",
"LONGITUDE":"0574701E",
"ICAO_REG":"OI",
"DECLINATION":"2",
"FREQUENCY":"0",
"ABSOLUTEHEIGHT":"0",
"SIGNPT_TYPE":"Маяк NDB",
"OBJTOTEXT":"0",
"MAGVAR":"2"} },
{"type":"Feature",
"geometry": {"type": "Point","coordinates": [33.625555556,67.450555556] },"properties":{
"id":"RTS.1828",
"STATUS":"Действующий",
"DBIDENT":"1865186",
"NAME":"APATITY Khibiny",
"ALT_NAME":"АПАТИТЫ Хибины",
"DESIGNATOR":"APT",
"":"",
"LATITUDE":"672702N",
"LONGITUDE":"0333732E",
"ICAO_REG":"UX",
"DECLINATION":"18",
"FREQUENCY":"115",
"ABSOLUTEHEIGHT":"150",
"SIGNPT_TYPE":"Совмещённый VOR/DME",
"OBJTOTEXT":"0",
"MAGVAR":"18"} },
{"type":"Feature",
"geometry": {"type": "Point","coordinates": [69.506111111,42.358333333] },"properties":{
"id":"RTS.1829",
"STATUS":"Действующий",
"DBIDENT":"1865629",
"NAME":"SHYMKENT",
"ALT_NAME":"ШЫМКЕНТ",
"DESIGNATOR":"SKN",
"":"",
"LATITUDE":"422130N",
"LONGITUDE":"0693022E",
"DECLINATION":"6",
"FREQUENCY":"0.733",
"ABSOLUTEHEIGHT":"0",
"SIGNPT_TYPE":"Маяк NDB",
"OBJTOTEXT":"0",
"MAGVAR":"6"} },
{"type":"Feature",
"geometry": {"type": "Point","coordinates": [76.510000000,58.588055556] },"properties":{
"id":"RTS.1830",
"STATUS":"Действующий",
"DBIDENT":"1866172",
"NAME":"NOVY VASYUGAN",
"ALT_NAME":"НОВЫЙ ВАСЮГАН",
"DESIGNATOR":"WM",
"":"",
"LATITUDE":"583517N",
"LONGITUDE":"0763036E",
"ICAO_REG":"UN",
"":"",
"FREQUENCY":"112.2",
"ABSOLUTEHEIGHT":"90",
"SIGNPT_TYPE":"Дальномер DME",
"OBJTOTEXT":"0"} },
{"type":"Feature",
"geometry": {"type": "Point","coordinates": [45.232500000,54.143055556] },"properties":{
"id":"RTS.1831",
"STATUS":"Действующий",
"DBIDENT":"1868001",
"NAME":"SARANSK",
"ALT_NAME":"САРАНСК",
"DESIGNATOR":"G",
"":"",
"LATITUDE":"540835N",
"LONGITUDE":"0451357E",
"ICAO_REG":"UW",
"DECLINATION":"12",
"FREQUENCY":"0.001025",
"ABSOLUTEHEIGHT":"0",
"SIGNPT_TYPE":"Маяк NDB",
"OBJTOTEXT":"0",
"MAGVAR":"12"} }
]  }
